<?xml version="1.0" encoding="UTF-8"?>
<gpx xmlns="http://www.topografix.com/GPX/1/1" xmlns:gpxtpx="http://www.garmin.com/xmlschemas/TrackPointExtension/v1" xmlns:xsi="http://www.w3.org/2001/XMLSchema-instance" xsi:schemaLocation="http://www.topografix.com/GPX/1/1 http://www.topografix.com/GPX/1/1/gpx.xsd" version="1.1" creator="gpx.py -- https://github.com/tkrajina/gpxpy">
  <trk>
    <name>gpx from keep</name>
    <type>Run</type>
    <trkseg>
      <trkpt lat="41.81939439223856" lon="123.6909363412781">
        <ele>0.0</ele>
        <time>2026-09-15T21:04:59Z</time>
        <extensions>
          <gpxtpx:TrackPointExtension>
            <gpxtpx:hr>82</gpxtpx:hr>
          </gpxtpx:TrackPointExtension>
        </extensions>
      </trkpt>
      <trkpt lat="41.81943527398657" lon="123.69100618139535">
        <ele>0.0</ele>
        <time>2026-09-15T21:05:02Z</time>
        <extensions>
          <gpxtpx:TrackPointExtension>
            <gpxtpx:hr>85</gpxtpx:hr>
          </gpxtpx:TrackPointExtension>
        </extensions>
      </trkpt>
      <trkpt lat="41.81947614406022" lon="123.69108300624033">
        <ele>0.0</ele>
        <time>2026-09-15T21:05:05Z</time>
        <extensions>
          <gpxtpx:TrackPointExtension>
            <gpxtpx:hr>89</gpxtpx:hr>
          </gpxtpx:TrackPointExtension>
        </extensions>
      </trkpt>
      <trkpt lat="41.81951500083195" lon="123.69116781393505">
        <ele>0.0</ele>
        <time>2026-09-15T21:05:08Z</time>
        <extensions>
          <gpxtpx:TrackPointExtension>
            <gpxtpx:hr>90</gpxtpx:hr>
          </gpxtpx:TrackPointExtension>
        </extensions>
      </trkpt>
      <trkpt lat="41.8195677452244" lon="123.69131947284119">
        <ele>0.0</ele>
        <time>2026-09-15T21:05:14Z</time>
        <extensions>
          <gpxtpx:TrackPointExtension>
            <gpxtpx:hr>95</gpxtpx:hr>
          </gpxtpx:TrackPointExtension>
        </extensions>
      </trkpt>
      <trkpt lat="41.81960266607758" lon="123.69136636491815">
        <ele>0.0</ele>
        <time>2026-09-15T21:05:17Z</time>
        <extensions>
          <gpxtpx:TrackPointExtension>
            <gpxtpx:hr>98</gpxtpx:hr>
          </gpxtpx:TrackPointExtension>
        </extensions>
      </trkpt>
      <trkpt lat="41.81964770749494" lon="123.69134141350824">
        <ele>0.0</ele>
        <time>2026-09-15T21:05:20Z</time>
        <extensions>
          <gpxtpx:TrackPointExtension>
            <gpxtpx:hr>104</gpxtpx:hr>
          </gpxtpx:TrackPointExtension>
        </extensions>
      </trkpt>
      <trkpt lat="41.81969279923019" lon="123.69128652794191">
        <ele>0.0</ele>
        <time>2026-09-15T21:05:23Z</time>
        <extensions>
          <gpxtpx:TrackPointExtension>
            <gpxtpx:hr>107</gpxtpx:hr>
          </gpxtpx:TrackPointExtension>
        </extensions>
      </trkpt>
      <trkpt lat="41.81978188552733" lon="123.69123462977561">
        <ele>0.0</ele>
        <time>2026-09-15T21:05:29Z</time>
        <extensions>
          <gpxtpx:TrackPointExtension>
            <gpxtpx:hr>112</gpxtpx:hr>
          </gpxtpx:TrackPointExtension>
        </extensions>
      </trkpt>
      <trkpt lat="41.81980107842917" lon="123.69111987986064">
        <ele>0.0</ele>
        <time>2026-09-15T21:05:38Z</time>
        <extensions>
          <gpxtpx:TrackPointExtension>
            <gpxtpx:hr>117</gpxtpx:hr>
          </gpxtpx:TrackPointExtension>
        </extensions>
      </trkpt>
      <trkpt lat="41.81984629990868" lon="123.6909881641337">
        <ele>0.0</ele>
        <time>2026-09-15T21:05:47Z</time>
        <extensions>
          <gpxtpx:TrackPointExtension>
            <gpxtpx:hr>129</gpxtpx:hr>
          </gpxtpx:TrackPointExtension>
        </extensions>
      </trkpt>
      <trkpt lat="41.81984142116053" lon="123.69091632347522">
        <ele>0.0</ele>
        <time>2026-09-15T21:05:50Z</time>
        <extensions>
          <gpxtpx:TrackPointExtension>
            <gpxtpx:hr>131</gpxtpx:hr>
          </gpxtpx:TrackPointExtension>
        </extensions>
      </trkpt>
      <trkpt lat="41.819814539367464" lon="123.6908464815857">
        <ele>0.0</ele>
        <time>2026-09-15T21:05:53Z</time>
        <extensions>
          <gpxtpx:TrackPointExtension>
            <gpxtpx:hr>133</gpxtpx:hr>
          </gpxtpx:TrackPointExtension>
        </extensions>
      </trkpt>
      <trkpt lat="41.81977763921903" lon="123.6907876169213">
        <ele>0.0</ele>
        <time>2026-09-15T21:05:56Z</time>
        <extensions>
          <gpxtpx:TrackPointExtension>
            <gpxtpx:hr>134</gpxtpx:hr>
          </gpxtpx:TrackPointExtension>
        </extensions>
      </trkpt>
      <trkpt lat="41.819739737458946" lon="123.69072975027662">
        <ele>0.0</ele>
        <time>2026-09-15T21:05:59Z</time>
        <extensions>
          <gpxtpx:TrackPointExtension>
            <gpxtpx:hr>135</gpxtpx:hr>
          </gpxtpx:TrackPointExtension>
        </extensions>
      </trkpt>
      <trkpt lat="41.81963302910091" lon="123.69055814546925">
        <ele>0.0</ele>
        <time>2026-09-15T21:06:08Z</time>
        <extensions>
          <gpxtpx:TrackPointExtension>
            <gpxtpx:hr>133</gpxtpx:hr>
          </gpxtpx:TrackPointExtension>
        </extensions>
      </trkpt>
      <trkpt lat="41.81960313765488" lon="123.69049429135426">
        <ele>0.0</ele>
        <time>2026-09-15T21:06:11Z</time>
        <extensions>
          <gpxtpx:TrackPointExtension>
            <gpxtpx:hr>133</gpxtpx:hr>
          </gpxtpx:TrackPointExtension>
        </extensions>
      </trkpt>
      <trkpt lat="41.81953432967593" lon="123.69038155140912">
        <ele>0.0</ele>
        <time>2026-09-15T21:06:17Z</time>
        <extensions>
          <gpxtpx:TrackPointExtension>
            <gpxtpx:hr>132</gpxtpx:hr>
          </gpxtpx:TrackPointExtension>
        </extensions>
      </trkpt>
      <trkpt lat="41.819469537152976" lon="123.69025983122955">
        <ele>0.0</ele>
        <time>2026-09-15T21:06:23Z</time>
        <extensions>
          <gpxtpx:TrackPointExtension>
            <gpxtpx:hr>134</gpxtpx:hr>
          </gpxtpx:TrackPointExtension>
        </extensions>
      </trkpt>
      <trkpt lat="41.81943663930199" lon="123.69019996912871">
        <ele>0.0</ele>
        <time>2026-09-15T21:06:26Z</time>
        <extensions>
          <gpxtpx:TrackPointExtension>
            <gpxtpx:hr>135</gpxtpx:hr>
          </gpxtpx:TrackPointExtension>
        </extensions>
      </trkpt>
      <trkpt lat="41.81940974824466" lon="123.69013611518727">
        <ele>0.0</ele>
        <time>2026-09-15T21:06:29Z</time>
        <extensions>
          <gpxtpx:TrackPointExtension>
            <gpxtpx:hr>136</gpxtpx:hr>
          </gpxtpx:TrackPointExtension>
        </extensions>
      </trkpt>
      <trkpt lat="41.81937786411349" lon="123.69006827094718">
        <ele>0.0</ele>
        <time>2026-09-15T21:06:32Z</time>
        <extensions>
          <gpxtpx:TrackPointExtension>
            <gpxtpx:hr>139</gpxtpx:hr>
          </gpxtpx:TrackPointExtension>
        </extensions>
      </trkpt>
      <trkpt lat="41.819308070641306" lon="123.68994755020564">
        <ele>0.0</ele>
        <time>2026-09-15T21:06:38Z</time>
        <extensions>
          <gpxtpx:TrackPointExtension>
            <gpxtpx:hr>146</gpxtpx:hr>
          </gpxtpx:TrackPointExtension>
        </extensions>
      </trkpt>
      <trkpt lat="41.81928419857551" lon="123.68987272080203">
        <ele>0.0</ele>
        <time>2026-09-15T21:06:41Z</time>
        <extensions>
          <gpxtpx:TrackPointExtension>
            <gpxtpx:hr>138</gpxtpx:hr>
          </gpxtpx:TrackPointExtension>
        </extensions>
      </trkpt>
      <trkpt lat="41.81928335192476" lon="123.68978292185726">
        <ele>0.0</ele>
        <time>2026-09-15T21:06:44Z</time>
        <extensions>
          <gpxtpx:TrackPointExtension>
            <gpxtpx:hr>136</gpxtpx:hr>
          </gpxtpx:TrackPointExtension>
        </extensions>
      </trkpt>
      <trkpt lat="41.81928449174702" lon="123.68970110495383">
        <ele>0.0</ele>
        <time>2026-09-15T21:06:47Z</time>
        <extensions>
          <gpxtpx:TrackPointExtension>
            <gpxtpx:hr>137</gpxtpx:hr>
          </gpxtpx:TrackPointExtension>
        </extensions>
      </trkpt>
      <trkpt lat="41.81927472574499" lon="123.68956441285026">
        <ele>0.0</ele>
        <time>2026-09-15T21:06:53Z</time>
        <extensions>
          <gpxtpx:TrackPointExtension>
            <gpxtpx:hr>137</gpxtpx:hr>
          </gpxtpx:TrackPointExtension>
        </extensions>
      </trkpt>
      <trkpt lat="41.81925785411219" lon="123.6894895832003">
        <ele>0.0</ele>
        <time>2026-09-15T21:06:56Z</time>
        <extensions>
          <gpxtpx:TrackPointExtension>
            <gpxtpx:hr>138</gpxtpx:hr>
          </gpxtpx:TrackPointExtension>
        </extensions>
      </trkpt>
      <trkpt lat="41.819240982578194" lon="123.68941475369024">
        <ele>0.0</ele>
        <time>2026-09-15T21:06:59Z</time>
        <extensions>
          <gpxtpx:TrackPointExtension>
            <gpxtpx:hr>136</gpxtpx:hr>
          </gpxtpx:TrackPointExtension>
        </extensions>
      </trkpt>
      <trkpt lat="41.81920910445842" lon="123.68934391741723">
        <ele>0.0</ele>
        <time>2026-09-15T21:07:02Z</time>
        <extensions>
          <gpxtpx:TrackPointExtension>
            <gpxtpx:hr>137</gpxtpx:hr>
          </gpxtpx:TrackPointExtension>
        </extensions>
      </trkpt>
      <trkpt lat="41.81917623329265" lon="123.68926909039256">
        <ele>0.0</ele>
        <time>2026-09-15T21:07:05Z</time>
        <extensions>
          <gpxtpx:TrackPointExtension>
            <gpxtpx:hr>159</gpxtpx:hr>
          </gpxtpx:TrackPointExtension>
        </extensions>
      </trkpt>
      <trkpt lat="41.81913935026601" lon="123.68920124832314">
        <ele>0.0</ele>
        <time>2026-09-15T21:07:08Z</time>
        <extensions>
          <gpxtpx:TrackPointExtension>
            <gpxtpx:hr>160</gpxtpx:hr>
          </gpxtpx:TrackPointExtension>
        </extensions>
      </trkpt>
      <trkpt lat="41.81909645194452" lon="123.6891423869512">
        <ele>0.0</ele>
        <time>2026-09-15T21:07:11Z</time>
        <extensions>
          <gpxtpx:TrackPointExtension>
            <gpxtpx:hr>161</gpxtpx:hr>
          </gpxtpx:TrackPointExtension>
        </extensions>
      </trkpt>
      <trkpt lat="41.819051538256545" lon="123.68909250568385">
        <ele>0.0</ele>
        <time>2026-09-15T21:07:14Z</time>
        <extensions>
          <gpxtpx:TrackPointExtension>
            <gpxtpx:hr>165</gpxtpx:hr>
          </gpxtpx:TrackPointExtension>
        </extensions>
      </trkpt>
      <trkpt lat="41.81901764681966" lon="123.68902965223293">
        <ele>0.0</ele>
        <time>2026-09-15T21:07:17Z</time>
        <extensions>
          <gpxtpx:TrackPointExtension>
            <gpxtpx:hr>170</gpxtpx:hr>
          </gpxtpx:TrackPointExtension>
        </extensions>
      </trkpt>
      <trkpt lat="41.81899177427055" lon="123.68895582256536">
        <ele>0.0</ele>
        <time>2026-09-15T21:07:20Z</time>
        <extensions>
          <gpxtpx:TrackPointExtension>
            <gpxtpx:hr>166</gpxtpx:hr>
          </gpxtpx:TrackPointExtension>
        </extensions>
      </trkpt>
      <trkpt lat="41.818957877823586" lon="123.68889596255832">
        <ele>0.0</ele>
        <time>2026-09-15T21:07:23Z</time>
        <extensions>
          <gpxtpx:TrackPointExtension>
            <gpxtpx:hr>169</gpxtpx:hr>
          </gpxtpx:TrackPointExtension>
        </extensions>
      </trkpt>
      <trkpt lat="41.8189279865575" lon="123.68883310885643">
        <ele>0.0</ele>
        <time>2026-09-15T21:07:26Z</time>
        <extensions>
          <gpxtpx:TrackPointExtension>
            <gpxtpx:hr>172</gpxtpx:hr>
          </gpxtpx:TrackPointExtension>
        </extensions>
      </trkpt>
      <trkpt lat="41.818792374054645" lon="123.68860963386409">
        <ele>0.0</ele>
        <time>2026-09-15T21:07:38Z</time>
        <extensions>
          <gpxtpx:TrackPointExtension>
            <gpxtpx:hr>178</gpxtpx:hr>
          </gpxtpx:TrackPointExtension>
        </extensions>
      </trkpt>
      <trkpt lat="41.81875746762419" lon="123.68855576091566">
        <ele>0.0</ele>
        <time>2026-09-15T21:07:41Z</time>
        <extensions>
          <gpxtpx:TrackPointExtension>
            <gpxtpx:hr>182</gpxtpx:hr>
          </gpxtpx:TrackPointExtension>
        </extensions>
      </trkpt>
      <trkpt lat="41.81868967044077" lon="123.68843903535006">
        <ele>0.0</ele>
        <time>2026-09-15T21:07:47Z</time>
        <extensions>
          <gpxtpx:TrackPointExtension>
            <gpxtpx:hr>186</gpxtpx:hr>
          </gpxtpx:TrackPointExtension>
        </extensions>
      </trkpt>
      <trkpt lat="41.81861084075593" lon="123.68834126851942">
        <ele>0.0</ele>
        <time>2026-09-15T21:07:53Z</time>
        <extensions>
          <gpxtpx:TrackPointExtension>
            <gpxtpx:hr>191</gpxtpx:hr>
          </gpxtpx:TrackPointExtension>
        </extensions>
      </trkpt>
      <trkpt lat="41.8185699225328" lon="123.68829438085722">
        <ele>0.0</ele>
        <time>2026-09-15T21:07:56Z</time>
        <extensions>
          <gpxtpx:TrackPointExtension>
            <gpxtpx:hr>190</gpxtpx:hr>
          </gpxtpx:TrackPointExtension>
        </extensions>
      </trkpt>
      <trkpt lat="41.81852600092097" lon="123.68824948912018">
        <ele>0.0</ele>
        <time>2026-09-15T21:07:59Z</time>
        <extensions>
          <gpxtpx:TrackPointExtension>
            <gpxtpx:hr>192</gpxtpx:hr>
          </gpxtpx:TrackPointExtension>
        </extensions>
      </trkpt>
      <trkpt lat="41.81848309145551" lon="123.68819761319855">
        <ele>0.0</ele>
        <time>2026-09-15T21:08:02Z</time>
        <extensions>
          <gpxtpx:TrackPointExtension>
            <gpxtpx:hr>190</gpxtpx:hr>
          </gpxtpx:TrackPointExtension>
        </extensions>
      </trkpt>
      <trkpt lat="41.818443178536214" lon="123.68814773237877">
        <ele>0.0</ele>
        <time>2026-09-15T21:08:05Z</time>
        <extensions>
          <gpxtpx:TrackPointExtension>
            <gpxtpx:hr>193</gpxtpx:hr>
          </gpxtpx:TrackPointExtension>
        </extensions>
      </trkpt>
      <trkpt lat="41.818396269209096" lon="123.68809585713578">
        <ele>0.0</ele>
        <time>2026-09-15T21:08:08Z</time>
        <extensions>
          <gpxtpx:TrackPointExtension>
            <gpxtpx:hr>195</gpxtpx:hr>
          </gpxtpx:TrackPointExtension>
        </extensions>
      </trkpt>
      <trkpt lat="41.81834734781192" lon="123.68805096630189">
        <ele>0.0</ele>
        <time>2026-09-15T21:08:11Z</time>
        <extensions>
          <gpxtpx:TrackPointExtension>
            <gpxtpx:hr>192</gpxtpx:hr>
          </gpxtpx:TrackPointExtension>
        </extensions>
      </trkpt>
      <trkpt lat="41.81825749982222" lon="123.68796417683636">
        <ele>0.0</ele>
        <time>2026-09-15T21:08:17Z</time>
        <extensions>
          <gpxtpx:TrackPointExtension>
            <gpxtpx:hr>188</gpxtpx:hr>
          </gpxtpx:TrackPointExtension>
        </extensions>
      </trkpt>
      <trkpt lat="41.81820957330799" lon="123.6879222791668">
        <ele>0.0</ele>
        <time>2026-09-15T21:08:20Z</time>
        <extensions>
          <gpxtpx:TrackPointExtension>
            <gpxtpx:hr>187</gpxtpx:hr>
          </gpxtpx:TrackPointExtension>
        </extensions>
      </trkpt>
      <trkpt lat="41.818162643338724" lon="123.68788237684053">
        <ele>0.0</ele>
        <time>2026-09-15T21:08:23Z</time>
        <extensions>
          <gpxtpx:TrackPointExtension>
            <gpxtpx:hr>186</gpxtpx:hr>
          </gpxtpx:TrackPointExtension>
        </extensions>
      </trkpt>
      <trkpt lat="41.818115713397724" lon="123.68784247455157">
        <ele>0.0</ele>
        <time>2026-09-15T21:08:26Z</time>
        <extensions>
          <gpxtpx:TrackPointExtension>
            <gpxtpx:hr>186</gpxtpx:hr>
          </gpxtpx:TrackPointExtension>
        </extensions>
      </trkpt>
      <trkpt lat="41.818024850086054" lon="123.6877646651053">
        <ele>0.0</ele>
        <time>2026-09-15T21:08:32Z</time>
        <extensions>
          <gpxtpx:TrackPointExtension>
            <gpxtpx:hr>187</gpxtpx:hr>
          </gpxtpx:TrackPointExtension>
        </extensions>
      </trkpt>
      <trkpt lat="41.81797491330604" lon="123.68772875420741">
        <ele>0.0</ele>
        <time>2026-09-15T21:08:35Z</time>
        <extensions>
          <gpxtpx:TrackPointExtension>
            <gpxtpx:hr>189</gpxtpx:hr>
          </gpxtpx:TrackPointExtension>
        </extensions>
      </trkpt>
      <trkpt lat="41.81782907693881" lon="123.68763598685504">
        <ele>0.0</ele>
        <time>2026-09-15T21:08:44Z</time>
        <extensions>
          <gpxtpx:TrackPointExtension>
            <gpxtpx:hr>186</gpxtpx:hr>
          </gpxtpx:TrackPointExtension>
        </extensions>
      </trkpt>
      <trkpt lat="41.81777913327664" lon="123.68760406691926">
        <ele>0.0</ele>
        <time>2026-09-15T21:08:47Z</time>
        <extensions>
          <gpxtpx:TrackPointExtension>
            <gpxtpx:hr>190</gpxtpx:hr>
          </gpxtpx:TrackPointExtension>
        </extensions>
      </trkpt>
      <trkpt lat="41.817726191412554" lon="123.68757114970903">
        <ele>0.0</ele>
        <time>2026-09-15T21:08:50Z</time>
        <extensions>
          <gpxtpx:TrackPointExtension>
            <gpxtpx:hr>190</gpxtpx:hr>
          </gpxtpx:TrackPointExtension>
        </extensions>
      </trkpt>
      <trkpt lat="41.817626300697476" lon="123.68750930537982">
        <ele>0.0</ele>
        <time>2026-09-15T21:08:56Z</time>
        <extensions>
          <gpxtpx:TrackPointExtension>
            <gpxtpx:hr>185</gpxtpx:hr>
          </gpxtpx:TrackPointExtension>
        </extensions>
      </trkpt>
      <trkpt lat="41.81757235192931" lon="123.68748037922326">
        <ele>0.0</ele>
        <time>2026-09-15T21:08:59Z</time>
        <extensions>
          <gpxtpx:TrackPointExtension>
            <gpxtpx:hr>182</gpxtpx:hr>
          </gpxtpx:TrackPointExtension>
        </extensions>
      </trkpt>
      <trkpt lat="41.81751639797022" lon="123.68745444649332">
        <ele>0.0</ele>
        <time>2026-09-15T21:09:02Z</time>
        <extensions>
          <gpxtpx:TrackPointExtension>
            <gpxtpx:hr>182</gpxtpx:hr>
          </gpxtpx:TrackPointExtension>
        </extensions>
      </trkpt>
      <trkpt lat="41.81746245446681" lon="123.68742252724446">
        <ele>0.0</ele>
        <time>2026-09-15T21:09:05Z</time>
        <extensions>
          <gpxtpx:TrackPointExtension>
            <gpxtpx:hr>182</gpxtpx:hr>
          </gpxtpx:TrackPointExtension>
        </extensions>
      </trkpt>
      <trkpt lat="41.81735753780649" lon="123.6873756494428">
        <ele>0.0</ele>
        <time>2026-09-15T21:09:11Z</time>
        <extensions>
          <gpxtpx:TrackPointExtension>
            <gpxtpx:hr>183</gpxtpx:hr>
          </gpxtpx:TrackPointExtension>
        </extensions>
      </trkpt>
      <trkpt lat="41.817301573428125" lon="123.68735570302282">
        <ele>0.0</ele>
        <time>2026-09-15T21:09:14Z</time>
        <extensions>
          <gpxtpx:TrackPointExtension>
            <gpxtpx:hr>184</gpxtpx:hr>
          </gpxtpx:TrackPointExtension>
        </extensions>
      </trkpt>
      <trkpt lat="41.81719264466069" lon="123.68731580979515">
        <ele>0.0</ele>
        <time>2026-09-15T21:09:20Z</time>
        <extensions>
          <gpxtpx:TrackPointExtension>
            <gpxtpx:hr>186</gpxtpx:hr>
          </gpxtpx:TrackPointExtension>
        </extensions>
      </trkpt>
      <trkpt lat="41.81708470194189" lon="123.68728389811572">
        <ele>0.0</ele>
        <time>2026-09-15T21:09:26Z</time>
        <extensions>
          <gpxtpx:TrackPointExtension>
            <gpxtpx:hr>189</gpxtpx:hr>
          </gpxtpx:TrackPointExtension>
        </extensions>
      </trkpt>
      <trkpt lat="41.817025725416464" lon="123.68727093609432">
        <ele>0.0</ele>
        <time>2026-09-15T21:09:29Z</time>
        <extensions>
          <gpxtpx:TrackPointExtension>
            <gpxtpx:hr>188</gpxtpx:hr>
          </gpxtpx:TrackPointExtension>
        </extensions>
      </trkpt>
      <trkpt lat="41.81696774888387" lon="123.6872579739384">
        <ele>0.0</ele>
        <time>2026-09-15T21:09:32Z</time>
        <extensions>
          <gpxtpx:TrackPointExtension>
            <gpxtpx:hr>190</gpxtpx:hr>
          </gpxtpx:TrackPointExtension>
        </extensions>
      </trkpt>
      <trkpt lat="41.81690976187281" lon="123.68725099801962">
        <ele>0.0</ele>
        <time>2026-09-15T21:09:35Z</time>
        <extensions>
          <gpxtpx:TrackPointExtension>
            <gpxtpx:hr>193</gpxtpx:hr>
          </gpxtpx:TrackPointExtension>
        </extensions>
      </trkpt>
      <trkpt lat="41.816852771357595" lon="123.68724601737463">
        <ele>0.0</ele>
        <time>2026-09-15T21:09:38Z</time>
        <extensions>
          <gpxtpx:TrackPointExtension>
            <gpxtpx:hr>191</gpxtpx:hr>
          </gpxtpx:TrackPointExtension>
        </extensions>
      </trkpt>
      <trkpt lat="41.816790763437716" lon="123.68725101447686">
        <ele>0.0</ele>
        <time>2026-09-15T21:09:41Z</time>
        <extensions>
          <gpxtpx:TrackPointExtension>
            <gpxtpx:hr>189</gpxtpx:hr>
          </gpxtpx:TrackPointExtension>
        </extensions>
      </trkpt>
      <trkpt lat="41.81672575556153" lon="123.68725601199455">
        <ele>0.0</ele>
        <time>2026-09-15T21:09:44Z</time>
        <extensions>
          <gpxtpx:TrackPointExtension>
            <gpxtpx:hr>188</gpxtpx:hr>
          </gpxtpx:TrackPointExtension>
        </extensions>
      </trkpt>
      <trkpt lat="41.816659759933465" lon="123.68725402571059">
        <ele>0.0</ele>
        <time>2026-09-15T21:09:47Z</time>
        <extensions>
          <gpxtpx:TrackPointExtension>
            <gpxtpx:hr>186</gpxtpx:hr>
          </gpxtpx:TrackPointExtension>
        </extensions>
      </trkpt>
      <trkpt lat="41.816600744996336" lon="123.6872630132223">
        <ele>0.0</ele>
        <time>2026-09-15T21:09:50Z</time>
        <extensions>
          <gpxtpx:TrackPointExtension>
            <gpxtpx:hr>186</gpxtpx:hr>
          </gpxtpx:TrackPointExtension>
        </extensions>
      </trkpt>
      <trkpt lat="41.816539744066965" lon="123.68726401936424">
        <ele>0.0</ele>
        <time>2026-09-15T21:09:53Z</time>
        <extensions>
          <gpxtpx:TrackPointExtension>
            <gpxtpx:hr>189</gpxtpx:hr>
          </gpxtpx:TrackPointExtension>
        </extensions>
      </trkpt>
      <trkpt lat="41.81647574143439" lon="123.68726602362702">
        <ele>0.0</ele>
        <time>2026-09-15T21:09:56Z</time>
        <extensions>
          <gpxtpx:TrackPointExtension>
            <gpxtpx:hr>192</gpxtpx:hr>
          </gpxtpx:TrackPointExtension>
        </extensions>
      </trkpt>
      <trkpt lat="41.816417736977286" lon="123.68726902476615">
        <ele>0.0</ele>
        <time>2026-09-15T21:09:59Z</time>
        <extensions>
          <gpxtpx:TrackPointExtension>
            <gpxtpx:hr>192</gpxtpx:hr>
          </gpxtpx:TrackPointExtension>
        </extensions>
      </trkpt>
      <trkpt lat="41.816355729083845" lon="123.68727402187099">
        <ele>0.0</ele>
        <time>2026-09-15T21:10:02Z</time>
        <extensions>
          <gpxtpx:TrackPointExtension>
            <gpxtpx:hr>191</gpxtpx:hr>
          </gpxtpx:TrackPointExtension>
        </extensions>
      </trkpt>
      <trkpt lat="41.81628971600839" lon="123.68728201264855">
        <ele>0.0</ele>
        <time>2026-09-15T21:10:05Z</time>
        <extensions>
          <gpxtpx:TrackPointExtension>
            <gpxtpx:hr>193</gpxtpx:hr>
          </gpxtpx:TrackPointExtension>
        </extensions>
      </trkpt>
      <trkpt lat="41.816230692362" lon="123.68729598869922">
        <ele>0.0</ele>
        <time>2026-09-15T21:10:08Z</time>
        <extensions>
          <gpxtpx:TrackPointExtension>
            <gpxtpx:hr>191</gpxtpx:hr>
          </gpxtpx:TrackPointExtension>
        </extensions>
      </trkpt>
      <trkpt lat="41.81611765375004" lon="123.68731895158632">
        <ele>0.0</ele>
        <time>2026-09-15T21:10:14Z</time>
        <extensions>
          <gpxtpx:TrackPointExtension>
            <gpxtpx:hr>196</gpxtpx:hr>
          </gpxtpx:TrackPointExtension>
        </extensions>
      </trkpt>
      <trkpt lat="41.81605963010735" lon="123.68733292751068">
        <ele>0.0</ele>
        <time>2026-09-15T21:10:17Z</time>
        <extensions>
          <gpxtpx:TrackPointExtension>
            <gpxtpx:hr>199</gpxtpx:hr>
          </gpxtpx:TrackPointExtension>
        </extensions>
      </trkpt>
      <trkpt lat="41.816006620368064" lon="123.68733892108592">
        <ele>0.0</ele>
        <time>2026-09-15T21:10:20Z</time>
        <extensions>
          <gpxtpx:TrackPointExtension>
            <gpxtpx:hr>200</gpxtpx:hr>
          </gpxtpx:TrackPointExtension>
        </extensions>
      </trkpt>
      <trkpt lat="41.81594257936349" lon="123.68736287492767">
        <ele>0.0</ele>
        <time>2026-09-15T21:10:23Z</time>
        <extensions>
          <gpxtpx:TrackPointExtension>
            <gpxtpx:hr>200</gpxtpx:hr>
          </gpxtpx:TrackPointExtension>
        </extensions>
      </trkpt>
      <trkpt lat="41.81588454875886" lon="123.68738084170066">
        <ele>0.0</ele>
        <time>2026-09-15T21:10:26Z</time>
        <extensions>
          <gpxtpx:TrackPointExtension>
            <gpxtpx:hr>200</gpxtpx:hr>
          </gpxtpx:TrackPointExtension>
        </extensions>
      </trkpt>
      <trkpt lat="41.815827518148424" lon="123.68739880834285">
        <ele>0.0</ele>
        <time>2026-09-15T21:10:29Z</time>
        <extensions>
          <gpxtpx:TrackPointExtension>
            <gpxtpx:hr>198</gpxtpx:hr>
          </gpxtpx:TrackPointExtension>
        </extensions>
      </trkpt>
      <trkpt lat="41.81577148404275" lon="123.68741877027324">
        <ele>0.0</ele>
        <time>2026-09-15T21:10:32Z</time>
        <extensions>
          <gpxtpx:TrackPointExtension>
            <gpxtpx:hr>198</gpxtpx:hr>
          </gpxtpx:TrackPointExtension>
        </extensions>
      </trkpt>
      <trkpt lat="41.815717432475736" lon="123.68744870903728">
        <ele>0.0</ele>
        <time>2026-09-15T21:10:35Z</time>
        <extensions>
          <gpxtpx:TrackPointExtension>
            <gpxtpx:hr>197</gpxtpx:hr>
          </gpxtpx:TrackPointExtension>
        </extensions>
      </trkpt>
      <trkpt lat="41.81565939493266" lon="123.68747066668882">
        <ele>0.0</ele>
        <time>2026-09-15T21:10:38Z</time>
        <extensions>
          <gpxtpx:TrackPointExtension>
            <gpxtpx:hr>195</gpxtpx:hr>
          </gpxtpx:TrackPointExtension>
        </extensions>
      </trkpt>
      <trkpt lat="41.815597362688024" lon="123.68748963177119">
        <ele>0.0</ele>
        <time>2026-09-15T21:10:41Z</time>
        <extensions>
          <gpxtpx:TrackPointExtension>
            <gpxtpx:hr>194</gpxtpx:hr>
          </gpxtpx:TrackPointExtension>
        </extensions>
      </trkpt>
      <trkpt lat="41.8155343670774" lon="123.68748764506161">
        <ele>0.0</ele>
        <time>2026-09-15T21:10:44Z</time>
        <extensions>
          <gpxtpx:TrackPointExtension>
            <gpxtpx:hr>197</gpxtpx:hr>
          </gpxtpx:TrackPointExtension>
        </extensions>
      </trkpt>
      <trkpt lat="41.81547641499223" lon="123.68746071489093">
        <ele>0.0</ele>
        <time>2026-09-15T21:10:47Z</time>
        <extensions>
          <gpxtpx:TrackPointExtension>
            <gpxtpx:hr>201</gpxtpx:hr>
          </gpxtpx:TrackPointExtension>
        </extensions>
      </trkpt>
      <trkpt lat="41.81542148904616" lon="123.68741881867636">
        <ele>0.0</ele>
        <time>2026-09-15T21:10:50Z</time>
        <extensions>
          <gpxtpx:TrackPointExtension>
            <gpxtpx:hr>198</gpxtpx:hr>
          </gpxtpx:TrackPointExtension>
        </extensions>
      </trkpt>
      <trkpt lat="41.81537961705492" lon="123.68734599174967">
        <ele>0.0</ele>
        <time>2026-09-15T21:10:53Z</time>
        <extensions>
          <gpxtpx:TrackPointExtension>
            <gpxtpx:hr>199</gpxtpx:hr>
          </gpxtpx:TrackPointExtension>
        </extensions>
      </trkpt>
      <trkpt lat="41.81535578332661" lon="123.68725121292499">
        <ele>0.0</ele>
        <time>2026-09-15T21:10:56Z</time>
        <extensions>
          <gpxtpx:TrackPointExtension>
            <gpxtpx:hr>196</gpxtpx:hr>
          </gpxtpx:TrackPointExtension>
        </extensions>
      </trkpt>
      <trkpt lat="41.8153359514337" lon="123.68715543604957">
        <ele>0.0</ele>
        <time>2026-09-15T21:10:59Z</time>
        <extensions>
          <gpxtpx:TrackPointExtension>
            <gpxtpx:hr>196</gpxtpx:hr>
          </gpxtpx:TrackPointExtension>
        </extensions>
      </trkpt>
      <trkpt lat="41.815314105714386" lon="123.6870676412715">
        <ele>0.0</ele>
        <time>2026-09-15T21:11:02Z</time>
        <extensions>
          <gpxtpx:TrackPointExtension>
            <gpxtpx:hr>195</gpxtpx:hr>
          </gpxtpx:TrackPointExtension>
        </extensions>
      </trkpt>
      <trkpt lat="41.815294261840734" lon="123.6869788486927">
        <ele>0.0</ele>
        <time>2026-09-15T21:11:05Z</time>
        <extensions>
          <gpxtpx:TrackPointExtension>
            <gpxtpx:hr>195</gpxtpx:hr>
          </gpxtpx:TrackPointExtension>
        </extensions>
      </trkpt>
      <trkpt lat="41.81527741103661" lon="123.68689404666794">
        <ele>0.0</ele>
        <time>2026-09-15T21:11:08Z</time>
        <extensions>
          <gpxtpx:TrackPointExtension>
            <gpxtpx:hr>194</gpxtpx:hr>
          </gpxtpx:TrackPointExtension>
        </extensions>
      </trkpt>
      <trkpt lat="41.81525956386968" lon="123.68680724955261">
        <ele>0.0</ele>
        <time>2026-09-15T21:11:11Z</time>
        <extensions>
          <gpxtpx:TrackPointExtension>
            <gpxtpx:hr>192</gpxtpx:hr>
          </gpxtpx:TrackPointExtension>
        </extensions>
      </trkpt>
      <trkpt lat="41.81524072210348" lon="123.6867174596642">
        <ele>0.0</ele>
        <time>2026-09-15T21:11:14Z</time>
        <extensions>
          <gpxtpx:TrackPointExtension>
            <gpxtpx:hr>191</gpxtpx:hr>
          </gpxtpx:TrackPointExtension>
        </extensions>
      </trkpt>
      <trkpt lat="41.81522288396375" lon="123.68662567443515">
        <ele>0.0</ele>
        <time>2026-09-15T21:11:17Z</time>
        <extensions>
          <gpxtpx:TrackPointExtension>
            <gpxtpx:hr>191</gpxtpx:hr>
          </gpxtpx:TrackPointExtension>
        </extensions>
      </trkpt>
      <trkpt lat="41.815204047729125" lon="123.68653289184303">
        <ele>0.0</ele>
        <time>2026-09-15T21:11:20Z</time>
        <extensions>
          <gpxtpx:TrackPointExtension>
            <gpxtpx:hr>192</gpxtpx:hr>
          </gpxtpx:TrackPointExtension>
        </extensions>
      </trkpt>
      <trkpt lat="41.81518220815255" lon="123.68644210523217">
        <ele>0.0</ele>
        <time>2026-09-15T21:11:23Z</time>
        <extensions>
          <gpxtpx:TrackPointExtension>
            <gpxtpx:hr>192</gpxtpx:hr>
          </gpxtpx:TrackPointExtension>
        </extensions>
      </trkpt>
      <trkpt lat="41.81516137221227" lon="123.68634932329482">
        <ele>0.0</ele>
        <time>2026-09-15T21:11:26Z</time>
        <extensions>
          <gpxtpx:TrackPointExtension>
            <gpxtpx:hr>188</gpxtpx:hr>
          </gpxtpx:TrackPointExtension>
        </extensions>
      </trkpt>
      <trkpt lat="41.81514552928005" lon="123.68626053159004">
        <ele>0.0</ele>
        <time>2026-09-15T21:11:29Z</time>
        <extensions>
          <gpxtpx:TrackPointExtension>
            <gpxtpx:hr>188</gpxtpx:hr>
          </gpxtpx:TrackPointExtension>
        </extensions>
      </trkpt>
      <trkpt lat="41.81512768826278" lon="123.68617074265363">
        <ele>0.0</ele>
        <time>2026-09-15T21:11:32Z</time>
        <extensions>
          <gpxtpx:TrackPointExtension>
            <gpxtpx:hr>188</gpxtpx:hr>
          </gpxtpx:TrackPointExtension>
        </extensions>
      </trkpt>
      <trkpt lat="41.81510584566247" lon="123.6860819521264">
        <ele>0.0</ele>
        <time>2026-09-15T21:11:35Z</time>
        <extensions>
          <gpxtpx:TrackPointExtension>
            <gpxtpx:hr>187</gpxtpx:hr>
          </gpxtpx:TrackPointExtension>
        </extensions>
      </trkpt>
      <trkpt lat="41.815089001341946" lon="123.6859941587577">
        <ele>0.0</ele>
        <time>2026-09-15T21:11:38Z</time>
        <extensions>
          <gpxtpx:TrackPointExtension>
            <gpxtpx:hr>185</gpxtpx:hr>
          </gpxtpx:TrackPointExtension>
        </extensions>
      </trkpt>
      <trkpt lat="41.815067160748946" lon="123.68590437089627">
        <ele>0.0</ele>
        <time>2026-09-15T21:11:41Z</time>
        <extensions>
          <gpxtpx:TrackPointExtension>
            <gpxtpx:hr>188</gpxtpx:hr>
          </gpxtpx:TrackPointExtension>
        </extensions>
      </trkpt>
      <trkpt lat="41.815047318478946" lon="123.68581558060679">
        <ele>0.0</ele>
        <time>2026-09-15T21:11:44Z</time>
        <extensions>
          <gpxtpx:TrackPointExtension>
            <gpxtpx:hr>189</gpxtpx:hr>
          </gpxtpx:TrackPointExtension>
        </extensions>
      </trkpt>
      <trkpt lat="41.815027478098806" lon="123.68572579281548">
        <ele>0.0</ele>
        <time>2026-09-15T21:11:47Z</time>
        <extensions>
          <gpxtpx:TrackPointExtension>
            <gpxtpx:hr>191</gpxtpx:hr>
          </gpxtpx:TrackPointExtension>
        </extensions>
      </trkpt>
      <trkpt lat="41.815007628978584" lon="123.68564099354745">
        <ele>0.0</ele>
        <time>2026-09-15T21:11:50Z</time>
        <extensions>
          <gpxtpx:TrackPointExtension>
            <gpxtpx:hr>195</gpxtpx:hr>
          </gpxtpx:TrackPointExtension>
        </extensions>
      </trkpt>
      <trkpt lat="41.814989787030214" lon="123.68555220348408">
        <ele>0.0</ele>
        <time>2026-09-15T21:11:53Z</time>
        <extensions>
          <gpxtpx:TrackPointExtension>
            <gpxtpx:hr>193</gpxtpx:hr>
          </gpxtpx:TrackPointExtension>
        </extensions>
      </trkpt>
      <trkpt lat="41.81497093811491" lon="123.68546740439236">
        <ele>0.0</ele>
        <time>2026-09-15T21:11:56Z</time>
        <extensions>
          <gpxtpx:TrackPointExtension>
            <gpxtpx:hr>192</gpxtpx:hr>
          </gpxtpx:TrackPointExtension>
        </extensions>
      </trkpt>
      <trkpt lat="41.814951101753685" lon="123.6853756219401">
        <ele>0.0</ele>
        <time>2026-09-15T21:11:59Z</time>
        <extensions>
          <gpxtpx:TrackPointExtension>
            <gpxtpx:hr>192</gpxtpx:hr>
          </gpxtpx:TrackPointExtension>
        </extensions>
      </trkpt>
      <trkpt lat="41.81493125307495" lon="123.68529082330403">
        <ele>0.0</ele>
        <time>2026-09-15T21:12:02Z</time>
        <extensions>
          <gpxtpx:TrackPointExtension>
            <gpxtpx:hr>192</gpxtpx:hr>
          </gpxtpx:TrackPointExtension>
        </extensions>
      </trkpt>
      <trkpt lat="41.814911411616585" lon="123.68520203417624">
        <ele>0.0</ele>
        <time>2026-09-15T21:12:05Z</time>
        <extensions>
          <gpxtpx:TrackPointExtension>
            <gpxtpx:hr>191</gpxtpx:hr>
          </gpxtpx:TrackPointExtension>
        </extensions>
      </trkpt>
      <trkpt lat="41.8148905685087" lon="123.68511424301107">
        <ele>0.0</ele>
        <time>2026-09-15T21:12:08Z</time>
        <extensions>
          <gpxtpx:TrackPointExtension>
            <gpxtpx:hr>193</gpxtpx:hr>
          </gpxtpx:TrackPointExtension>
        </extensions>
      </trkpt>
      <trkpt lat="41.814874727219696" lon="123.68502545365892">
        <ele>0.0</ele>
        <time>2026-09-15T21:12:11Z</time>
        <extensions>
          <gpxtpx:TrackPointExtension>
            <gpxtpx:hr>198</gpxtpx:hr>
          </gpxtpx:TrackPointExtension>
        </extensions>
      </trkpt>
      <trkpt lat="41.814853873642754" lon="123.6849436487492">
        <ele>0.0</ele>
        <time>2026-09-15T21:12:14Z</time>
        <extensions>
          <gpxtpx:TrackPointExtension>
            <gpxtpx:hr>198</gpxtpx:hr>
          </gpxtpx:TrackPointExtension>
        </extensions>
      </trkpt>
      <trkpt lat="41.814838029005784" lon="123.68485685501906">
        <ele>0.0</ele>
        <time>2026-09-15T21:12:17Z</time>
        <extensions>
          <gpxtpx:TrackPointExtension>
            <gpxtpx:hr>199</gpxtpx:hr>
          </gpxtpx:TrackPointExtension>
        </extensions>
      </trkpt>
      <trkpt lat="41.8148171809825" lon="123.6847720574392">
        <ele>0.0</ele>
        <time>2026-09-15T21:12:20Z</time>
        <extensions>
          <gpxtpx:TrackPointExtension>
            <gpxtpx:hr>196</gpxtpx:hr>
          </gpxtpx:TrackPointExtension>
        </extensions>
      </trkpt>
      <trkpt lat="41.81480134191777" lon="123.68468227106607">
        <ele>0.0</ele>
        <time>2026-09-15T21:12:23Z</time>
        <extensions>
          <gpxtpx:TrackPointExtension>
            <gpxtpx:hr>196</gpxtpx:hr>
          </gpxtpx:TrackPointExtension>
        </extensions>
      </trkpt>
      <trkpt lat="41.814782494076255" lon="123.6845974735139">
        <ele>0.0</ele>
        <time>2026-09-15T21:12:26Z</time>
        <extensions>
          <gpxtpx:TrackPointExtension>
            <gpxtpx:hr>193</gpxtpx:hr>
          </gpxtpx:TrackPointExtension>
        </extensions>
      </trkpt>
      <trkpt lat="41.814762658872105" lon="123.68450569272127">
        <ele>0.0</ele>
        <time>2026-09-15T21:12:29Z</time>
        <extensions>
          <gpxtpx:TrackPointExtension>
            <gpxtpx:hr>193</gpxtpx:hr>
          </gpxtpx:TrackPointExtension>
        </extensions>
      </trkpt>
      <trkpt lat="41.81473882384746" lon="123.68441391265259">
        <ele>0.0</ele>
        <time>2026-09-15T21:12:32Z</time>
        <extensions>
          <gpxtpx:TrackPointExtension>
            <gpxtpx:hr>190</gpxtpx:hr>
          </gpxtpx:TrackPointExtension>
        </extensions>
      </trkpt>
      <trkpt lat="41.814720992433415" lon="123.68432013663993">
        <ele>0.0</ele>
        <time>2026-09-15T21:12:35Z</time>
        <extensions>
          <gpxtpx:TrackPointExtension>
            <gpxtpx:hr>190</gpxtpx:hr>
          </gpxtpx:TrackPointExtension>
        </extensions>
      </trkpt>
      <trkpt lat="41.81470415395736" lon="123.68423035122962">
        <ele>0.0</ele>
        <time>2026-09-15T21:12:38Z</time>
        <extensions>
          <gpxtpx:TrackPointExtension>
            <gpxtpx:hr>191</gpxtpx:hr>
          </gpxtpx:TrackPointExtension>
        </extensions>
      </trkpt>
      <trkpt lat="41.81468431025797" lon="123.68414355931287">
        <ele>0.0</ele>
        <time>2026-09-15T21:12:41Z</time>
        <extensions>
          <gpxtpx:TrackPointExtension>
            <gpxtpx:hr>191</gpxtpx:hr>
          </gpxtpx:TrackPointExtension>
        </extensions>
      </trkpt>
      <trkpt lat="41.81466446666321" lon="123.68405676754661">
        <ele>0.0</ele>
        <time>2026-09-15T21:12:44Z</time>
        <extensions>
          <gpxtpx:TrackPointExtension>
            <gpxtpx:hr>188</gpxtpx:hr>
          </gpxtpx:TrackPointExtension>
        </extensions>
      </trkpt>
      <trkpt lat="41.8146446285609" lon="123.68396698302324">
        <ele>0.0</ele>
        <time>2026-09-15T21:12:47Z</time>
        <extensions>
          <gpxtpx:TrackPointExtension>
            <gpxtpx:hr>187</gpxtpx:hr>
          </gpxtpx:TrackPointExtension>
        </extensions>
      </trkpt>
      <trkpt lat="41.81462079063028" lon="123.68387719921218">
        <ele>0.0</ele>
        <time>2026-09-15T21:12:50Z</time>
        <extensions>
          <gpxtpx:TrackPointExtension>
            <gpxtpx:hr>189</gpxtpx:hr>
          </gpxtpx:TrackPointExtension>
        </extensions>
      </trkpt>
      <trkpt lat="41.81460595267333" lon="123.6837874143167">
        <ele>0.0</ele>
        <time>2026-09-15T21:12:53Z</time>
        <extensions>
          <gpxtpx:TrackPointExtension>
            <gpxtpx:hr>188</gpxtpx:hr>
          </gpxtpx:TrackPointExtension>
        </extensions>
      </trkpt>
      <trkpt lat="41.81458612210141" lon="123.68369363974911">
        <ele>0.0</ele>
        <time>2026-09-15T21:12:56Z</time>
        <extensions>
          <gpxtpx:TrackPointExtension>
            <gpxtpx:hr>188</gpxtpx:hr>
          </gpxtpx:TrackPointExtension>
        </extensions>
      </trkpt>
      <trkpt lat="41.814566288046585" lon="123.68360186061028">
        <ele>0.0</ele>
        <time>2026-09-15T21:12:59Z</time>
        <extensions>
          <gpxtpx:TrackPointExtension>
            <gpxtpx:hr>190</gpxtpx:hr>
          </gpxtpx:TrackPointExtension>
        </extensions>
      </trkpt>
      <trkpt lat="41.814544455938254" lon="123.68350908428496">
        <ele>0.0</ele>
        <time>2026-09-15T21:13:02Z</time>
        <extensions>
          <gpxtpx:TrackPointExtension>
            <gpxtpx:hr>189</gpxtpx:hr>
          </gpxtpx:TrackPointExtension>
        </extensions>
      </trkpt>
      <trkpt lat="41.81452061135172" lon="123.6834232917773">
        <ele>0.0</ele>
        <time>2026-09-15T21:13:05Z</time>
        <extensions>
          <gpxtpx:TrackPointExtension>
            <gpxtpx:hr>186</gpxtpx:hr>
          </gpxtpx:TrackPointExtension>
        </extensions>
      </trkpt>
      <trkpt lat="41.814497774066886" lon="123.68333350878005">
        <ele>0.0</ele>
        <time>2026-09-15T21:13:08Z</time>
        <extensions>
          <gpxtpx:TrackPointExtension>
            <gpxtpx:hr>184</gpxtpx:hr>
          </gpxtpx:TrackPointExtension>
        </extensions>
      </trkpt>
      <trkpt lat="41.81447393148735" lon="123.6832467189405">
        <ele>0.0</ele>
        <time>2026-09-15T21:13:11Z</time>
        <extensions>
          <gpxtpx:TrackPointExtension>
            <gpxtpx:hr>187</gpxtpx:hr>
          </gpxtpx:TrackPointExtension>
        </extensions>
      </trkpt>
      <trkpt lat="41.814454094367136" lon="123.68315693583249">
        <ele>0.0</ele>
        <time>2026-09-15T21:13:14Z</time>
        <extensions>
          <gpxtpx:TrackPointExtension>
            <gpxtpx:hr>188</gpxtpx:hr>
          </gpxtpx:TrackPointExtension>
        </extensions>
      </trkpt>
      <trkpt lat="41.81444225723022" lon="123.68306715177287">
        <ele>0.0</ele>
        <time>2026-09-15T21:13:17Z</time>
        <extensions>
          <gpxtpx:TrackPointExtension>
            <gpxtpx:hr>187</gpxtpx:hr>
          </gpxtpx:TrackPointExtension>
        </extensions>
      </trkpt>
      <trkpt lat="41.814465426898664" lon="123.68297337256577">
        <ele>0.0</ele>
        <time>2026-09-15T21:13:20Z</time>
        <extensions>
          <gpxtpx:TrackPointExtension>
            <gpxtpx:hr>189</gpxtpx:hr>
          </gpxtpx:TrackPointExtension>
        </extensions>
      </trkpt>
      <trkpt lat="41.81451455826505" lon="123.68290053984644">
        <ele>0.0</ele>
        <time>2026-09-15T21:13:23Z</time>
        <extensions>
          <gpxtpx:TrackPointExtension>
            <gpxtpx:hr>191</gpxtpx:hr>
          </gpxtpx:TrackPointExtension>
        </extensions>
      </trkpt>
      <trkpt lat="41.81458063873385" lon="123.68285563807068">
        <ele>0.0</ele>
        <time>2026-09-15T21:13:26Z</time>
        <extensions>
          <gpxtpx:TrackPointExtension>
            <gpxtpx:hr>189</gpxtpx:hr>
          </gpxtpx:TrackPointExtension>
        </extensions>
      </trkpt>
      <trkpt lat="41.81464770834906" lon="123.68281672187555">
        <ele>0.0</ele>
        <time>2026-09-15T21:13:29Z</time>
        <extensions>
          <gpxtpx:TrackPointExtension>
            <gpxtpx:hr>188</gpxtpx:hr>
          </gpxtpx:TrackPointExtension>
        </extensions>
      </trkpt>
      <trkpt lat="41.814715767101795" lon="123.68278379124787">
        <ele>0.0</ele>
        <time>2026-09-15T21:13:32Z</time>
        <extensions>
          <gpxtpx:TrackPointExtension>
            <gpxtpx:hr>190</gpxtpx:hr>
          </gpxtpx:TrackPointExtension>
        </extensions>
      </trkpt>
      <trkpt lat="41.814775835054334" lon="123.68274587368428">
        <ele>0.0</ele>
        <time>2026-09-15T21:13:35Z</time>
        <extensions>
          <gpxtpx:TrackPointExtension>
            <gpxtpx:hr>188</gpxtpx:hr>
          </gpxtpx:TrackPointExtension>
        </extensions>
      </trkpt>
      <trkpt lat="41.81483589940311" lon="123.68270995137067">
        <ele>0.0</ele>
        <time>2026-09-15T21:13:38Z</time>
        <extensions>
          <gpxtpx:TrackPointExtension>
            <gpxtpx:hr>187</gpxtpx:hr>
          </gpxtpx:TrackPointExtension>
        </extensions>
      </trkpt>
      <trkpt lat="41.81489597102458" lon="123.68267003863791">
        <ele>0.0</ele>
        <time>2026-09-15T21:13:41Z</time>
        <extensions>
          <gpxtpx:TrackPointExtension>
            <gpxtpx:hr>189</gpxtpx:hr>
          </gpxtpx:TrackPointExtension>
        </extensions>
      </trkpt>
      <trkpt lat="41.814956042669714" lon="123.68263012593489">
        <ele>0.0</ele>
        <time>2026-09-15T21:13:44Z</time>
        <extensions>
          <gpxtpx:TrackPointExtension>
            <gpxtpx:hr>191</gpxtpx:hr>
          </gpxtpx:TrackPointExtension>
        </extensions>
      </trkpt>
      <trkpt lat="41.8150141143681" lon="123.68259021353776">
        <ele>0.0</ele>
        <time>2026-09-15T21:13:47Z</time>
        <extensions>
          <gpxtpx:TrackPointExtension>
            <gpxtpx:hr>192</gpxtpx:hr>
          </gpxtpx:TrackPointExtension>
        </extensions>
      </trkpt>
      <trkpt lat="41.815074195134244" lon="123.68254531285145">
        <ele>0.0</ele>
        <time>2026-09-15T21:13:50Z</time>
        <extensions>
          <gpxtpx:TrackPointExtension>
            <gpxtpx:hr>189</gpxtpx:hr>
          </gpxtpx:TrackPointExtension>
        </extensions>
      </trkpt>
      <trkpt lat="41.81513227051258" lon="123.68250340530173">
        <ele>0.0</ele>
        <time>2026-09-15T21:13:53Z</time>
        <extensions>
          <gpxtpx:TrackPointExtension>
            <gpxtpx:hr>188</gpxtpx:hr>
          </gpxtpx:TrackPointExtension>
        </extensions>
      </trkpt>
      <trkpt lat="41.815192351334574" lon="123.68245850468756">
        <ele>0.0</ele>
        <time>2026-09-15T21:13:56Z</time>
        <extensions>
          <gpxtpx:TrackPointExtension>
            <gpxtpx:hr>192</gpxtpx:hr>
          </gpxtpx:TrackPointExtension>
        </extensions>
      </trkpt>
      <trkpt lat="41.81524544500338" lon="123.68240662183543">
        <ele>0.0</ele>
        <time>2026-09-15T21:13:59Z</time>
        <extensions>
          <gpxtpx:TrackPointExtension>
            <gpxtpx:hr>188</gpxtpx:hr>
          </gpxtpx:TrackPointExtension>
        </extensions>
      </trkpt>
      <trkpt lat="41.81530052777633" lon="123.68236072438673">
        <ele>0.0</ele>
        <time>2026-09-15T21:14:02Z</time>
        <extensions>
          <gpxtpx:TrackPointExtension>
            <gpxtpx:hr>186</gpxtpx:hr>
          </gpxtpx:TrackPointExtension>
        </extensions>
      </trkpt>
      <trkpt lat="41.81535463058873" lon="123.68230385346918">
        <ele>0.0</ele>
        <time>2026-09-15T21:14:05Z</time>
        <extensions>
          <gpxtpx:TrackPointExtension>
            <gpxtpx:hr>187</gpxtpx:hr>
          </gpxtpx:TrackPointExtension>
        </extensions>
      </trkpt>
      <trkpt lat="41.81540272807544" lon="123.68224997624846">
        <ele>0.0</ele>
        <time>2026-09-15T21:14:08Z</time>
        <extensions>
          <gpxtpx:TrackPointExtension>
            <gpxtpx:hr>190</gpxtpx:hr>
          </gpxtpx:TrackPointExtension>
        </extensions>
      </trkpt>
      <trkpt lat="41.81545584190161" lon="123.68218711997204">
        <ele>0.0</ele>
        <time>2026-09-15T21:14:11Z</time>
        <extensions>
          <gpxtpx:TrackPointExtension>
            <gpxtpx:hr>191</gpxtpx:hr>
          </gpxtpx:TrackPointExtension>
        </extensions>
      </trkpt>
      <trkpt lat="41.81550894849915" lon="123.68212825417069">
        <ele>0.0</ele>
        <time>2026-09-15T21:14:14Z</time>
        <extensions>
          <gpxtpx:TrackPointExtension>
            <gpxtpx:hr>194</gpxtpx:hr>
          </gpxtpx:TrackPointExtension>
        </extensions>
      </trkpt>
      <trkpt lat="41.815559049722886" lon="123.68207238164584">
        <ele>0.0</ele>
        <time>2026-09-15T21:14:17Z</time>
        <extensions>
          <gpxtpx:TrackPointExtension>
            <gpxtpx:hr>197</gpxtpx:hr>
          </gpxtpx:TrackPointExtension>
        </extensions>
      </trkpt>
      <trkpt lat="41.81560617106663" lon="123.68200553600525">
        <ele>0.0</ele>
        <time>2026-09-15T21:14:20Z</time>
        <extensions>
          <gpxtpx:TrackPointExtension>
            <gpxtpx:hr>198</gpxtpx:hr>
          </gpxtpx:TrackPointExtension>
        </extensions>
      </trkpt>
      <trkpt lat="41.81565028886532" lon="123.68194068605419">
        <ele>0.0</ele>
        <time>2026-09-15T21:14:23Z</time>
        <extensions>
          <gpxtpx:TrackPointExtension>
            <gpxtpx:hr>199</gpxtpx:hr>
          </gpxtpx:TrackPointExtension>
        </extensions>
      </trkpt>
      <trkpt lat="41.815699419408446" lon="123.68186885231401">
        <ele>0.0</ele>
        <time>2026-09-15T21:14:26Z</time>
        <extensions>
          <gpxtpx:TrackPointExtension>
            <gpxtpx:hr>196</gpxtpx:hr>
          </gpxtpx:TrackPointExtension>
        </extensions>
      </trkpt>
      <trkpt lat="41.81574454460108" lon="123.68180001200311">
        <ele>0.0</ele>
        <time>2026-09-15T21:14:29Z</time>
        <extensions>
          <gpxtpx:TrackPointExtension>
            <gpxtpx:hr>194</gpxtpx:hr>
          </gpxtpx:TrackPointExtension>
        </extensions>
      </trkpt>
      <trkpt lat="41.81579264973768" lon="123.68174214489484">
        <ele>0.0</ele>
        <time>2026-09-15T21:14:32Z</time>
        <extensions>
          <gpxtpx:TrackPointExtension>
            <gpxtpx:hr>191</gpxtpx:hr>
          </gpxtpx:TrackPointExtension>
        </extensions>
      </trkpt>
      <trkpt lat="41.81584076221878" lon="123.68168028747422">
        <ele>0.0</ele>
        <time>2026-09-15T21:14:35Z</time>
        <extensions>
          <gpxtpx:TrackPointExtension>
            <gpxtpx:hr>186</gpxtpx:hr>
          </gpxtpx:TrackPointExtension>
        </extensions>
      </trkpt>
      <trkpt lat="41.81589288017072" lon="123.68161543679352">
        <ele>0.0</ele>
        <time>2026-09-15T21:14:38Z</time>
        <extensions>
          <gpxtpx:TrackPointExtension>
            <gpxtpx:hr>172</gpxtpx:hr>
          </gpxtpx:TrackPointExtension>
        </extensions>
      </trkpt>
      <trkpt lat="41.815943987227485" lon="123.68155657186888">
        <ele>0.0</ele>
        <time>2026-09-15T21:14:41Z</time>
        <extensions>
          <gpxtpx:TrackPointExtension>
            <gpxtpx:hr>171</gpxtpx:hr>
          </gpxtpx:TrackPointExtension>
        </extensions>
      </trkpt>
      <trkpt lat="41.81599908878931" lon="123.68150069922189">
        <ele>0.0</ele>
        <time>2026-09-15T21:14:44Z</time>
        <extensions>
          <gpxtpx:TrackPointExtension>
            <gpxtpx:hr>169</gpxtpx:hr>
          </gpxtpx:TrackPointExtension>
        </extensions>
      </trkpt>
      <trkpt lat="41.816056195848326" lon="123.68144183358713">
        <ele>0.0</ele>
        <time>2026-09-15T21:14:47Z</time>
        <extensions>
          <gpxtpx:TrackPointExtension>
            <gpxtpx:hr>177</gpxtpx:hr>
          </gpxtpx:TrackPointExtension>
        </extensions>
      </trkpt>
      <trkpt lat="41.81611229930721" lon="123.68138496332628">
        <ele>0.0</ele>
        <time>2026-09-15T21:14:50Z</time>
        <extensions>
          <gpxtpx:TrackPointExtension>
            <gpxtpx:hr>181</gpxtpx:hr>
          </gpxtpx:TrackPointExtension>
        </extensions>
      </trkpt>
      <trkpt lat="41.81616939364514" lon="123.68133308091753">
        <ele>0.0</ele>
        <time>2026-09-15T21:14:53Z</time>
        <extensions>
          <gpxtpx:TrackPointExtension>
            <gpxtpx:hr>180</gpxtpx:hr>
          </gpxtpx:TrackPointExtension>
        </extensions>
      </trkpt>
      <trkpt lat="41.81623048064203" lon="123.68128518834709">
        <ele>0.0</ele>
        <time>2026-09-15T21:14:56Z</time>
        <extensions>
          <gpxtpx:TrackPointExtension>
            <gpxtpx:hr>180</gpxtpx:hr>
          </gpxtpx:TrackPointExtension>
        </extensions>
      </trkpt>
      <trkpt lat="41.81628756772395" lon="123.68123729636858">
        <ele>0.0</ele>
        <time>2026-09-15T21:14:59Z</time>
        <extensions>
          <gpxtpx:TrackPointExtension>
            <gpxtpx:hr>180</gpxtpx:hr>
          </gpxtpx:TrackPointExtension>
        </extensions>
      </trkpt>
      <trkpt lat="41.81635064926014" lon="123.68119239635443">
        <ele>0.0</ele>
        <time>2026-09-15T21:15:02Z</time>
        <extensions>
          <gpxtpx:TrackPointExtension>
            <gpxtpx:hr>178</gpxtpx:hr>
          </gpxtpx:TrackPointExtension>
        </extensions>
      </trkpt>
      <trkpt lat="41.81640874371418" lon="123.68114051398017">
        <ele>0.0</ele>
        <time>2026-09-15T21:15:05Z</time>
        <extensions>
          <gpxtpx:TrackPointExtension>
            <gpxtpx:hr>176</gpxtpx:hr>
          </gpxtpx:TrackPointExtension>
        </extensions>
      </trkpt>
      <trkpt lat="41.81647781972988" lon="123.68109860596071">
        <ele>0.0</ele>
        <time>2026-09-15T21:15:08Z</time>
        <extensions>
          <gpxtpx:TrackPointExtension>
            <gpxtpx:hr>173</gpxtpx:hr>
          </gpxtpx:TrackPointExtension>
        </extensions>
      </trkpt>
      <trkpt lat="41.81654388847933" lon="123.68106068871406">
        <ele>0.0</ele>
        <time>2026-09-15T21:15:11Z</time>
        <extensions>
          <gpxtpx:TrackPointExtension>
            <gpxtpx:hr>171</gpxtpx:hr>
          </gpxtpx:TrackPointExtension>
        </extensions>
      </trkpt>
      <trkpt lat="41.81661096823569" lon="123.68101678586508">
        <ele>0.0</ele>
        <time>2026-09-15T21:15:14Z</time>
        <extensions>
          <gpxtpx:TrackPointExtension>
            <gpxtpx:hr>169</gpxtpx:hr>
          </gpxtpx:TrackPointExtension>
        </extensions>
      </trkpt>
      <trkpt lat="41.816677037029045" lon="123.68097886867142">
        <ele>0.0</ele>
        <time>2026-09-15T21:15:17Z</time>
        <extensions>
          <gpxtpx:TrackPointExtension>
            <gpxtpx:hr>167</gpxtpx:hr>
          </gpxtpx:TrackPointExtension>
        </extensions>
      </trkpt>
      <trkpt lat="41.81675109840029" lon="123.68094494071848">
        <ele>0.0</ele>
        <time>2026-09-15T21:15:20Z</time>
        <extensions>
          <gpxtpx:TrackPointExtension>
            <gpxtpx:hr>166</gpxtpx:hr>
          </gpxtpx:TrackPointExtension>
        </extensions>
      </trkpt>
      <trkpt lat="41.81681917087623" lon="123.68090502813594">
        <ele>0.0</ele>
        <time>2026-09-15T21:15:23Z</time>
        <extensions>
          <gpxtpx:TrackPointExtension>
            <gpxtpx:hr>168</gpxtpx:hr>
          </gpxtpx:TrackPointExtension>
        </extensions>
      </trkpt>
      <trkpt lat="41.81688523973083" lon="123.68086711101425">
        <ele>0.0</ele>
        <time>2026-09-15T21:15:26Z</time>
        <extensions>
          <gpxtpx:TrackPointExtension>
            <gpxtpx:hr>168</gpxtpx:hr>
          </gpxtpx:TrackPointExtension>
        </extensions>
      </trkpt>
      <trkpt lat="41.816950297606354" lon="123.68083517952479">
        <ele>0.0</ele>
        <time>2026-09-15T21:15:29Z</time>
        <extensions>
          <gpxtpx:TrackPointExtension>
            <gpxtpx:hr>168</gpxtpx:hr>
          </gpxtpx:TrackPointExtension>
        </extensions>
      </trkpt>
      <trkpt lat="41.81702035726811" lon="123.68080224978448">
        <ele>0.0</ele>
        <time>2026-09-15T21:15:32Z</time>
        <extensions>
          <gpxtpx:TrackPointExtension>
            <gpxtpx:hr>171</gpxtpx:hr>
          </gpxtpx:TrackPointExtension>
        </extensions>
      </trkpt>
      <trkpt lat="41.81708441886049" lon="123.68076832331352">
        <ele>0.0</ele>
        <time>2026-09-15T21:15:35Z</time>
        <extensions>
          <gpxtpx:TrackPointExtension>
            <gpxtpx:hr>170</gpxtpx:hr>
          </gpxtpx:TrackPointExtension>
        </extensions>
      </trkpt>
      <trkpt lat="41.81715745647972" lon="123.68074736411755">
        <ele>0.0</ele>
        <time>2026-09-15T21:15:38Z</time>
        <extensions>
          <gpxtpx:TrackPointExtension>
            <gpxtpx:hr>171</gpxtpx:hr>
          </gpxtpx:TrackPointExtension>
        </extensions>
      </trkpt>
      <trkpt lat="41.81722748680079" lon="123.68073039564942">
        <ele>0.0</ele>
        <time>2026-09-15T21:15:41Z</time>
        <extensions>
          <gpxtpx:TrackPointExtension>
            <gpxtpx:hr>168</gpxtpx:hr>
          </gpxtpx:TrackPointExtension>
        </extensions>
      </trkpt>
      <trkpt lat="41.81728952641564" lon="123.68070844040918">
        <ele>0.0</ele>
        <time>2026-09-15T21:15:44Z</time>
        <extensions>
          <gpxtpx:TrackPointExtension>
            <gpxtpx:hr>165</gpxtpx:hr>
          </gpxtpx:TrackPointExtension>
        </extensions>
      </trkpt>
      <trkpt lat="41.81735355682879" lon="123.68069147278047">
        <ele>0.0</ele>
        <time>2026-09-15T21:15:47Z</time>
        <extensions>
          <gpxtpx:TrackPointExtension>
            <gpxtpx:hr>167</gpxtpx:hr>
          </gpxtpx:TrackPointExtension>
        </extensions>
      </trkpt>
      <trkpt lat="41.81742357431288" lon="123.68068148735834">
        <ele>0.0</ele>
        <time>2026-09-15T21:15:50Z</time>
        <extensions>
          <gpxtpx:TrackPointExtension>
            <gpxtpx:hr>165</gpxtpx:hr>
          </gpxtpx:TrackPointExtension>
        </extensions>
      </trkpt>
      <trkpt lat="41.817497597264065" lon="123.68066850865897">
        <ele>0.0</ele>
        <time>2026-09-15T21:15:53Z</time>
        <extensions>
          <gpxtpx:TrackPointExtension>
            <gpxtpx:hr>164</gpxtpx:hr>
          </gpxtpx:TrackPointExtension>
        </extensions>
      </trkpt>
      <trkpt lat="41.81756560559809" lon="123.68066351139399">
        <ele>0.0</ele>
        <time>2026-09-15T21:15:56Z</time>
        <extensions>
          <gpxtpx:TrackPointExtension>
            <gpxtpx:hr>165</gpxtpx:hr>
          </gpxtpx:TrackPointExtension>
        </extensions>
      </trkpt>
      <trkpt lat="41.81763564514903" lon="123.68064155507405">
        <ele>0.0</ele>
        <time>2026-09-15T21:15:59Z</time>
        <extensions>
          <gpxtpx:TrackPointExtension>
            <gpxtpx:hr>164</gpxtpx:hr>
          </gpxtpx:TrackPointExtension>
        </extensions>
      </trkpt>
      <trkpt lat="41.817705681034234" lon="123.68062159391172">
        <ele>0.0</ele>
        <time>2026-09-15T21:16:02Z</time>
        <extensions>
          <gpxtpx:TrackPointExtension>
            <gpxtpx:hr>162</gpxtpx:hr>
          </gpxtpx:TrackPointExtension>
        </extensions>
      </trkpt>
      <trkpt lat="41.81777769484815" lon="123.6806136033745">
        <ele>0.0</ele>
        <time>2026-09-15T21:16:05Z</time>
        <extensions>
          <gpxtpx:TrackPointExtension>
            <gpxtpx:hr>159</gpxtpx:hr>
          </gpxtpx:TrackPointExtension>
        </extensions>
      </trkpt>
      <trkpt lat="41.817848703165815" lon="123.6806086057">
        <ele>0.0</ele>
        <time>2026-09-15T21:16:08Z</time>
        <extensions>
          <gpxtpx:TrackPointExtension>
            <gpxtpx:hr>158</gpxtpx:hr>
          </gpxtpx:TrackPointExtension>
        </extensions>
      </trkpt>
      <trkpt lat="41.8179157078611" lon="123.68060560372709">
        <ele>0.0</ele>
        <time>2026-09-15T21:16:11Z</time>
        <extensions>
          <gpxtpx:TrackPointExtension>
            <gpxtpx:hr>158</gpxtpx:hr>
          </gpxtpx:TrackPointExtension>
        </extensions>
      </trkpt>
      <trkpt lat="41.81798270520855" lon="123.68060659205227">
        <ele>0.0</ele>
        <time>2026-09-15T21:16:14Z</time>
        <extensions>
          <gpxtpx:TrackPointExtension>
            <gpxtpx:hr>155</gpxtpx:hr>
          </gpxtpx:TrackPointExtension>
        </extensions>
      </trkpt>
      <trkpt lat="41.818050704385996" lon="123.68060658266485">
        <ele>0.0</ele>
        <time>2026-09-15T21:16:17Z</time>
        <extensions>
          <gpxtpx:TrackPointExtension>
            <gpxtpx:hr>152</gpxtpx:hr>
          </gpxtpx:TrackPointExtension>
        </extensions>
      </trkpt>
      <trkpt lat="41.81811569625184" lon="123.68061056398976">
        <ele>0.0</ele>
        <time>2026-09-15T21:16:20Z</time>
        <extensions>
          <gpxtpx:TrackPointExtension>
            <gpxtpx:hr>150</gpxtpx:hr>
          </gpxtpx:TrackPointExtension>
        </extensions>
      </trkpt>
      <trkpt lat="41.81818368992375" lon="123.68061354732608">
        <ele>0.0</ele>
        <time>2026-09-15T21:16:23Z</time>
        <extensions>
          <gpxtpx:TrackPointExtension>
            <gpxtpx:hr>147</gpxtpx:hr>
          </gpxtpx:TrackPointExtension>
        </extensions>
      </trkpt>
      <trkpt lat="41.818255685390305" lon="123.68061553253564">
        <ele>0.0</ele>
        <time>2026-09-15T21:16:26Z</time>
        <extensions>
          <gpxtpx:TrackPointExtension>
            <gpxtpx:hr>143</gpxtpx:hr>
          </gpxtpx:TrackPointExtension>
        </extensions>
      </trkpt>
      <trkpt lat="41.81832368274673" lon="123.68061652072274">
        <ele>0.0</ele>
        <time>2026-09-15T21:16:29Z</time>
        <extensions>
          <gpxtpx:TrackPointExtension>
            <gpxtpx:hr>143</gpxtpx:hr>
          </gpxtpx:TrackPointExtension>
        </extensions>
      </trkpt>
      <trkpt lat="41.81839065990339" lon="123.68062848237042">
        <ele>0.0</ele>
        <time>2026-09-15T21:16:32Z</time>
        <extensions>
          <gpxtpx:TrackPointExtension>
            <gpxtpx:hr>146</gpxtpx:hr>
          </gpxtpx:TrackPointExtension>
        </extensions>
      </trkpt>
      <trkpt lat="41.8184556315764" lon="123.68064343702177">
        <ele>0.0</ele>
        <time>2026-09-15T21:16:35Z</time>
        <extensions>
          <gpxtpx:TrackPointExtension>
            <gpxtpx:hr>145</gpxtpx:hr>
          </gpxtpx:TrackPointExtension>
        </extensions>
      </trkpt>
      <trkpt lat="41.818518594092204" lon="123.68066337982982">
        <ele>0.0</ele>
        <time>2026-09-15T21:16:38Z</time>
        <extensions>
          <gpxtpx:TrackPointExtension>
            <gpxtpx:hr>143</gpxtpx:hr>
          </gpxtpx:TrackPointExtension>
        </extensions>
      </trkpt>
      <trkpt lat="41.81858858041847" lon="123.68067035319439">
        <ele>0.0</ele>
        <time>2026-09-15T21:16:41Z</time>
        <extensions>
          <gpxtpx:TrackPointExtension>
            <gpxtpx:hr>142</gpxtpx:hr>
          </gpxtpx:TrackPointExtension>
        </extensions>
      </trkpt>
      <trkpt lat="41.81866054835545" lon="123.68068730204105">
        <ele>0.0</ele>
        <time>2026-09-15T21:16:44Z</time>
        <extensions>
          <gpxtpx:TrackPointExtension>
            <gpxtpx:hr>139</gpxtpx:hr>
          </gpxtpx:TrackPointExtension>
        </extensions>
      </trkpt>
      <trkpt lat="41.81872952368232" lon="123.68070026100226">
        <ele>0.0</ele>
        <time>2026-09-15T21:16:47Z</time>
        <extensions>
          <gpxtpx:TrackPointExtension>
            <gpxtpx:hr>139</gpxtpx:hr>
          </gpxtpx:TrackPointExtension>
        </extensions>
      </trkpt>
      <trkpt lat="41.81879750453717" lon="123.68071022737553">
        <ele>0.0</ele>
        <time>2026-09-15T21:16:50Z</time>
        <extensions>
          <gpxtpx:TrackPointExtension>
            <gpxtpx:hr>137</gpxtpx:hr>
          </gpxtpx:TrackPointExtension>
        </extensions>
      </trkpt>
      <trkpt lat="41.81886248175796" lon="123.68072218931731">
        <ele>0.0</ele>
        <time>2026-09-15T21:16:53Z</time>
        <extensions>
          <gpxtpx:TrackPointExtension>
            <gpxtpx:hr>137</gpxtpx:hr>
          </gpxtpx:TrackPointExtension>
        </extensions>
      </trkpt>
      <trkpt lat="41.81893042956722" lon="123.68075011207493">
        <ele>0.0</ele>
        <time>2026-09-15T21:16:56Z</time>
        <extensions>
          <gpxtpx:TrackPointExtension>
            <gpxtpx:hr>128</gpxtpx:hr>
          </gpxtpx:TrackPointExtension>
        </extensions>
      </trkpt>
      <trkpt lat="41.818995388439596" lon="123.68077204979592">
        <ele>0.0</ele>
        <time>2026-09-15T21:16:59Z</time>
        <extensions>
          <gpxtpx:TrackPointExtension>
            <gpxtpx:hr>124</gpxtpx:hr>
          </gpxtpx:TrackPointExtension>
        </extensions>
      </trkpt>
      <trkpt lat="41.81906433626172" lon="123.68079997243841">
        <ele>0.0</ele>
        <time>2026-09-15T21:17:02Z</time>
        <extensions>
          <gpxtpx:TrackPointExtension>
            <gpxtpx:hr>122</gpxtpx:hr>
          </gpxtpx:TrackPointExtension>
        </extensions>
      </trkpt>
      <trkpt lat="41.81912728599905" lon="123.68082689834402">
        <ele>0.0</ele>
        <time>2026-09-15T21:17:05Z</time>
        <extensions>
          <gpxtpx:TrackPointExtension>
            <gpxtpx:hr>122</gpxtpx:hr>
          </gpxtpx:TrackPointExtension>
        </extensions>
      </trkpt>
      <trkpt lat="41.81919023574825" lon="123.68085382426165">
        <ele>0.0</ele>
        <time>2026-09-15T21:17:08Z</time>
        <extensions>
          <gpxtpx:TrackPointExtension>
            <gpxtpx:hr>119</gpxtpx:hr>
          </gpxtpx:TrackPointExtension>
        </extensions>
      </trkpt>
      <trkpt lat="41.81925417999381" lon="123.6808837427904">
        <ele>0.0</ele>
        <time>2026-09-15T21:17:11Z</time>
        <extensions>
          <gpxtpx:TrackPointExtension>
            <gpxtpx:hr>122</gpxtpx:hr>
          </gpxtpx:TrackPointExtension>
        </extensions>
      </trkpt>
      <trkpt lat="41.81931712059528" lon="123.68091565663134">
        <ele>0.0</ele>
        <time>2026-09-15T21:17:14Z</time>
        <extensions>
          <gpxtpx:TrackPointExtension>
            <gpxtpx:hr>123</gpxtpx:hr>
          </gpxtpx:TrackPointExtension>
        </extensions>
      </trkpt>
      <trkpt lat="41.8193840593345" lon="123.68094856751713">
        <ele>0.0</ele>
        <time>2026-09-15T21:17:17Z</time>
        <extensions>
          <gpxtpx:TrackPointExtension>
            <gpxtpx:hr>124</gpxtpx:hr>
          </gpxtpx:TrackPointExtension>
        </extensions>
      </trkpt>
      <trkpt lat="41.81944699629974" lon="123.68098247655406">
        <ele>0.0</ele>
        <time>2026-09-15T21:17:20Z</time>
        <extensions>
          <gpxtpx:TrackPointExtension>
            <gpxtpx:hr>124</gpxtpx:hr>
          </gpxtpx:TrackPointExtension>
        </extensions>
      </trkpt>
      <trkpt lat="41.81951392957226" lon="123.6810183802206">
        <ele>0.0</ele>
        <time>2026-09-15T21:17:23Z</time>
        <extensions>
          <gpxtpx:TrackPointExtension>
            <gpxtpx:hr>124</gpxtpx:hr>
          </gpxtpx:TrackPointExtension>
        </extensions>
      </trkpt>
      <trkpt lat="41.819580870195345" lon="123.68105029358114">
        <ele>0.0</ele>
        <time>2026-09-15T21:17:26Z</time>
        <extensions>
          <gpxtpx:TrackPointExtension>
            <gpxtpx:hr>122</gpxtpx:hr>
          </gpxtpx:TrackPointExtension>
        </extensions>
      </trkpt>
      <trkpt lat="41.81964581085551" lon="123.68108220723495">
        <ele>0.0</ele>
        <time>2026-09-15T21:17:29Z</time>
        <extensions>
          <gpxtpx:TrackPointExtension>
            <gpxtpx:hr>122</gpxtpx:hr>
          </gpxtpx:TrackPointExtension>
        </extensions>
      </trkpt>
      <trkpt lat="41.81971574598204" lon="123.68111711296446">
        <ele>0.0</ele>
        <time>2026-09-15T21:17:32Z</time>
        <extensions>
          <gpxtpx:TrackPointExtension>
            <gpxtpx:hr>123</gpxtpx:hr>
          </gpxtpx:TrackPointExtension>
        </extensions>
      </trkpt>
      <trkpt lat="41.81978066835774" lon="123.6811590024906">
        <ele>0.0</ele>
        <time>2026-09-15T21:17:35Z</time>
        <extensions>
          <gpxtpx:TrackPointExtension>
            <gpxtpx:hr>124</gpxtpx:hr>
          </gpxtpx:TrackPointExtension>
        </extensions>
      </trkpt>
      <trkpt lat="41.8198455980825" lon="123.6811969017089">
        <ele>0.0</ele>
        <time>2026-09-15T21:17:38Z</time>
        <extensions>
          <gpxtpx:TrackPointExtension>
            <gpxtpx:hr>125</gpxtpx:hr>
          </gpxtpx:TrackPointExtension>
        </extensions>
      </trkpt>
      <trkpt lat="41.81990751138252" lon="123.68124377963169">
        <ele>0.0</ele>
        <time>2026-09-15T21:17:41Z</time>
        <extensions>
          <gpxtpx:TrackPointExtension>
            <gpxtpx:hr>123</gpxtpx:hr>
          </gpxtpx:TrackPointExtension>
        </extensions>
      </trkpt>
      <trkpt lat="41.81996442476343" lon="123.68129065828239">
        <ele>0.0</ele>
        <time>2026-09-15T21:17:44Z</time>
        <extensions>
          <gpxtpx:TrackPointExtension>
            <gpxtpx:hr>121</gpxtpx:hr>
          </gpxtpx:TrackPointExtension>
        </extensions>
      </trkpt>
      <trkpt lat="41.82001732174858" lon="123.68134651580478">
        <ele>0.0</ele>
        <time>2026-09-15T21:17:47Z</time>
        <extensions>
          <gpxtpx:TrackPointExtension>
            <gpxtpx:hr>123</gpxtpx:hr>
          </gpxtpx:TrackPointExtension>
        </extensions>
      </trkpt>
      <trkpt lat="41.82007222606796" lon="123.68139838275322">
        <ele>0.0</ele>
        <time>2026-09-15T21:17:50Z</time>
        <extensions>
          <gpxtpx:TrackPointExtension>
            <gpxtpx:hr>123</gpxtpx:hr>
          </gpxtpx:TrackPointExtension>
        </extensions>
      </trkpt>
      <trkpt lat="41.82013212488633" lon="123.6814532418238">
        <ele>0.0</ele>
        <time>2026-09-15T21:17:53Z</time>
        <extensions>
          <gpxtpx:TrackPointExtension>
            <gpxtpx:hr>123</gpxtpx:hr>
          </gpxtpx:TrackPointExtension>
        </extensions>
      </trkpt>
      <trkpt lat="41.82018702562192" lon="123.6815071040472">
        <ele>0.0</ele>
        <time>2026-09-15T21:17:56Z</time>
        <extensions>
          <gpxtpx:TrackPointExtension>
            <gpxtpx:hr>123</gpxtpx:hr>
          </gpxtpx:TrackPointExtension>
        </extensions>
      </trkpt>
      <trkpt lat="41.82024190629939" lon="123.68157193981905">
        <ele>0.0</ele>
        <time>2026-09-15T21:17:59Z</time>
        <extensions>
          <gpxtpx:TrackPointExtension>
            <gpxtpx:hr>123</gpxtpx:hr>
          </gpxtpx:TrackPointExtension>
        </extensions>
      </trkpt>
      <trkpt lat="41.82029379253811" lon="123.68163378330267">
        <ele>0.0</ele>
        <time>2026-09-15T21:18:02Z</time>
        <extensions>
          <gpxtpx:TrackPointExtension>
            <gpxtpx:hr>123</gpxtpx:hr>
          </gpxtpx:TrackPointExtension>
        </extensions>
      </trkpt>
      <trkpt lat="41.82034367701989" lon="123.68169662472242">
        <ele>0.0</ele>
        <time>2026-09-15T21:18:05Z</time>
        <extensions>
          <gpxtpx:TrackPointExtension>
            <gpxtpx:hr>124</gpxtpx:hr>
          </gpxtpx:TrackPointExtension>
        </extensions>
      </trkpt>
      <trkpt lat="41.82038856525042" lon="123.68175747171385">
        <ele>0.0</ele>
        <time>2026-09-15T21:18:08Z</time>
        <extensions>
          <gpxtpx:TrackPointExtension>
            <gpxtpx:hr>124</gpxtpx:hr>
          </gpxtpx:TrackPointExtension>
        </extensions>
      </trkpt>
      <trkpt lat="41.82043944982051" lon="123.6818203131322">
        <ele>0.0</ele>
        <time>2026-09-15T21:18:11Z</time>
        <extensions>
          <gpxtpx:TrackPointExtension>
            <gpxtpx:hr>124</gpxtpx:hr>
          </gpxtpx:TrackPointExtension>
        </extensions>
      </trkpt>
      <trkpt lat="41.82048733447053" lon="123.68188315503473">
        <ele>0.0</ele>
        <time>2026-09-15T21:18:14Z</time>
        <extensions>
          <gpxtpx:TrackPointExtension>
            <gpxtpx:hr>123</gpxtpx:hr>
          </gpxtpx:TrackPointExtension>
        </extensions>
      </trkpt>
      <trkpt lat="41.820532211911235" lon="123.68194998781148">
        <ele>0.0</ele>
        <time>2026-09-15T21:18:17Z</time>
        <extensions>
          <gpxtpx:TrackPointExtension>
            <gpxtpx:hr>123</gpxtpx:hr>
          </gpxtpx:TrackPointExtension>
        </extensions>
      </trkpt>
      <trkpt lat="41.82057408943783" lon="123.68201682108219">
        <ele>0.0</ele>
        <time>2026-09-15T21:18:20Z</time>
        <extensions>
          <gpxtpx:TrackPointExtension>
            <gpxtpx:hr>124</gpxtpx:hr>
          </gpxtpx:TrackPointExtension>
        </extensions>
      </trkpt>
      <trkpt lat="41.82062096151052" lon="123.68208664654189">
        <ele>0.0</ele>
        <time>2026-09-15T21:18:23Z</time>
        <extensions>
          <gpxtpx:TrackPointExtension>
            <gpxtpx:hr>123</gpxtpx:hr>
          </gpxtpx:TrackPointExtension>
        </extensions>
      </trkpt>
      <trkpt lat="41.82065581192649" lon="123.68216844496216">
        <ele>0.0</ele>
        <time>2026-09-15T21:18:26Z</time>
        <extensions>
          <gpxtpx:TrackPointExtension>
            <gpxtpx:hr>122</gpxtpx:hr>
          </gpxtpx:TrackPointExtension>
        </extensions>
      </trkpt>
      <trkpt lat="41.820672644416284" lon="123.68226022201928">
        <ele>0.0</ele>
        <time>2026-09-15T21:18:29Z</time>
        <extensions>
          <gpxtpx:TrackPointExtension>
            <gpxtpx:hr>120</gpxtpx:hr>
          </gpxtpx:TrackPointExtension>
        </extensions>
      </trkpt>
      <trkpt lat="41.82066045912053" lon="123.68236197928346">
        <ele>0.0</ele>
        <time>2026-09-15T21:18:32Z</time>
        <extensions>
          <gpxtpx:TrackPointExtension>
            <gpxtpx:hr>121</gpxtpx:hr>
          </gpxtpx:TrackPointExtension>
        </extensions>
      </trkpt>
      <trkpt lat="41.82063928312174" lon="123.6824587499465">
        <ele>0.0</ele>
        <time>2026-09-15T21:18:35Z</time>
        <extensions>
          <gpxtpx:TrackPointExtension>
            <gpxtpx:hr>121</gpxtpx:hr>
          </gpxtpx:TrackPointExtension>
        </extensions>
      </trkpt>
      <trkpt lat="41.82062710170985" lon="123.6825585123639">
        <ele>0.0</ele>
        <time>2026-09-15T21:18:38Z</time>
        <extensions>
          <gpxtpx:TrackPointExtension>
            <gpxtpx:hr>122</gpxtpx:hr>
          </gpxtpx:TrackPointExtension>
        </extensions>
      </trkpt>
      <trkpt lat="41.820633929306524" lon="123.6826532842888">
        <ele>0.0</ele>
        <time>2026-09-15T21:18:41Z</time>
        <extensions>
          <gpxtpx:TrackPointExtension>
            <gpxtpx:hr>122</gpxtpx:hr>
          </gpxtpx:TrackPointExtension>
        </extensions>
      </trkpt>
      <trkpt lat="41.82066576221189" lon="123.6827450600906">
        <ele>0.0</ele>
        <time>2026-09-15T21:18:44Z</time>
        <extensions>
          <gpxtpx:TrackPointExtension>
            <gpxtpx:hr>125</gpxtpx:hr>
          </gpxtpx:TrackPointExtension>
        </extensions>
      </trkpt>
      <trkpt lat="41.82070763316558" lon="123.68281588478463">
        <ele>0.0</ele>
        <time>2026-09-15T21:18:47Z</time>
        <extensions>
          <gpxtpx:TrackPointExtension>
            <gpxtpx:hr>125</gpxtpx:hr>
          </gpxtpx:TrackPointExtension>
        </extensions>
      </trkpt>
      <trkpt lat="41.820767531170766" lon="123.6828717428685">
        <ele>0.0</ele>
        <time>2026-09-15T21:18:50Z</time>
        <extensions>
          <gpxtpx:TrackPointExtension>
            <gpxtpx:hr>125</gpxtpx:hr>
          </gpxtpx:TrackPointExtension>
        </extensions>
      </trkpt>
      <trkpt lat="41.820830476253455" lon="123.68290166260286">
        <ele>0.0</ele>
        <time>2026-09-15T21:18:53Z</time>
        <extensions>
          <gpxtpx:TrackPointExtension>
            <gpxtpx:hr>125</gpxtpx:hr>
          </gpxtpx:TrackPointExtension>
        </extensions>
      </trkpt>
      <trkpt lat="41.82090043576434" lon="123.68292360046384">
        <ele>0.0</ele>
        <time>2026-09-15T21:18:56Z</time>
        <extensions>
          <gpxtpx:TrackPointExtension>
            <gpxtpx:hr>124</gpxtpx:hr>
          </gpxtpx:TrackPointExtension>
        </extensions>
      </trkpt>
      <trkpt lat="41.82095932663031" lon="123.68298344926377">
        <ele>0.0</ele>
        <time>2026-09-15T21:18:59Z</time>
        <extensions>
          <gpxtpx:TrackPointExtension>
            <gpxtpx:hr>126</gpxtpx:hr>
          </gpxtpx:TrackPointExtension>
        </extensions>
      </trkpt>
      <trkpt lat="41.820999177942056" lon="123.68306524834671">
        <ele>0.0</ele>
        <time>2026-09-15T21:19:02Z</time>
        <extensions>
          <gpxtpx:TrackPointExtension>
            <gpxtpx:hr>125</gpxtpx:hr>
          </gpxtpx:TrackPointExtension>
        </extensions>
      </trkpt>
      <trkpt lat="41.821026016815225" lon="123.68315403268942">
        <ele>0.0</ele>
        <time>2026-09-15T21:19:05Z</time>
        <extensions>
          <gpxtpx:TrackPointExtension>
            <gpxtpx:hr>126</gpxtpx:hr>
          </gpxtpx:TrackPointExtension>
        </extensions>
      </trkpt>
      <trkpt lat="41.82104785764512" lon="123.68324182025158">
        <ele>0.0</ele>
        <time>2026-09-15T21:19:08Z</time>
        <extensions>
          <gpxtpx:TrackPointExtension>
            <gpxtpx:hr>125</gpxtpx:hr>
          </gpxtpx:TrackPointExtension>
        </extensions>
      </trkpt>
      <trkpt lat="41.82106869317247" lon="123.68333260096826">
        <ele>0.0</ele>
        <time>2026-09-15T21:19:11Z</time>
        <extensions>
          <gpxtpx:TrackPointExtension>
            <gpxtpx:hr>125</gpxtpx:hr>
          </gpxtpx:TrackPointExtension>
        </extensions>
      </trkpt>
      <trkpt lat="41.82109052880016" lon="123.68342338170497">
        <ele>0.0</ele>
        <time>2026-09-15T21:19:14Z</time>
        <extensions>
          <gpxtpx:TrackPointExtension>
            <gpxtpx:hr>125</gpxtpx:hr>
          </gpxtpx:TrackPointExtension>
        </extensions>
      </trkpt>
      <trkpt lat="41.82110235562014" lon="123.68351915211538">
        <ele>0.0</ele>
        <time>2026-09-15T21:19:17Z</time>
        <extensions>
          <gpxtpx:TrackPointExtension>
            <gpxtpx:hr>125</gpxtpx:hr>
          </gpxtpx:TrackPointExtension>
        </extensions>
      </trkpt>
      <trkpt lat="41.82111718793788" lon="123.68361192940365">
        <ele>0.0</ele>
        <time>2026-09-15T21:19:20Z</time>
        <extensions>
          <gpxtpx:TrackPointExtension>
            <gpxtpx:hr>126</gpxtpx:hr>
          </gpxtpx:TrackPointExtension>
        </extensions>
      </trkpt>
      <trkpt lat="41.821132022171355" lon="123.68370370922932">
        <ele>0.0</ele>
        <time>2026-09-15T21:19:23Z</time>
        <extensions>
          <gpxtpx:TrackPointExtension>
            <gpxtpx:hr>125</gpxtpx:hr>
          </gpxtpx:TrackPointExtension>
        </extensions>
      </trkpt>
      <trkpt lat="41.82113886198848" lon="123.68379249742931">
        <ele>0.0</ele>
        <time>2026-09-15T21:19:26Z</time>
        <extensions>
          <gpxtpx:TrackPointExtension>
            <gpxtpx:hr>124</gpxtpx:hr>
          </gpxtpx:TrackPointExtension>
        </extensions>
      </trkpt>
      <trkpt lat="41.821138694788694" lon="123.68388527728663">
        <ele>0.0</ele>
        <time>2026-09-15T21:19:29Z</time>
        <extensions>
          <gpxtpx:TrackPointExtension>
            <gpxtpx:hr>126</gpxtpx:hr>
          </gpxtpx:TrackPointExtension>
        </extensions>
      </trkpt>
      <trkpt lat="41.82114452585491" lon="123.68397905412037">
        <ele>0.0</ele>
        <time>2026-09-15T21:19:32Z</time>
        <extensions>
          <gpxtpx:TrackPointExtension>
            <gpxtpx:hr>127</gpxtpx:hr>
          </gpxtpx:TrackPointExtension>
        </extensions>
      </trkpt>
      <trkpt lat="41.821146349900424" lon="123.6840768222315">
        <ele>0.0</ele>
        <time>2026-09-15T21:19:35Z</time>
        <extensions>
          <gpxtpx:TrackPointExtension>
            <gpxtpx:hr>128</gpxtpx:hr>
          </gpxtpx:TrackPointExtension>
        </extensions>
      </trkpt>
      <trkpt lat="41.82114717229383" lon="123.68417558831092">
        <ele>0.0</ele>
        <time>2026-09-15T21:19:38Z</time>
        <extensions>
          <gpxtpx:TrackPointExtension>
            <gpxtpx:hr>129</gpxtpx:hr>
          </gpxtpx:TrackPointExtension>
        </extensions>
      </trkpt>
      <trkpt lat="41.82114100563878" lon="123.68426836970437">
        <ele>0.0</ele>
        <time>2026-09-15T21:19:41Z</time>
        <extensions>
          <gpxtpx:TrackPointExtension>
            <gpxtpx:hr>129</gpxtpx:hr>
          </gpxtpx:TrackPointExtension>
        </extensions>
      </trkpt>
      <trkpt lat="41.82113885160151" lon="123.68435416721579">
        <ele>0.0</ele>
        <time>2026-09-15T21:19:44Z</time>
        <extensions>
          <gpxtpx:TrackPointExtension>
            <gpxtpx:hr>129</gpxtpx:hr>
          </gpxtpx:TrackPointExtension>
        </extensions>
      </trkpt>
      <trkpt lat="41.82113069056483" lon="123.68444395628481">
        <ele>0.0</ele>
        <time>2026-09-15T21:19:47Z</time>
        <extensions>
          <gpxtpx:TrackPointExtension>
            <gpxtpx:hr>128</gpxtpx:hr>
          </gpxtpx:TrackPointExtension>
        </extensions>
      </trkpt>
      <trkpt lat="41.82112453856431" lon="123.68452875700743">
        <ele>0.0</ele>
        <time>2026-09-15T21:19:50Z</time>
        <extensions>
          <gpxtpx:TrackPointExtension>
            <gpxtpx:hr>128</gpxtpx:hr>
          </gpxtpx:TrackPointExtension>
        </extensions>
      </trkpt>
      <trkpt lat="41.82112436873932" lon="123.68462353353212">
        <ele>0.0</ele>
        <time>2026-09-15T21:19:53Z</time>
        <extensions>
          <gpxtpx:TrackPointExtension>
            <gpxtpx:hr>128</gpxtpx:hr>
          </gpxtpx:TrackPointExtension>
        </extensions>
      </trkpt>
      <trkpt lat="41.82112221334573" lon="123.68471032931343">
        <ele>0.0</ele>
        <time>2026-09-15T21:19:56Z</time>
        <extensions>
          <gpxtpx:TrackPointExtension>
            <gpxtpx:hr>127</gpxtpx:hr>
          </gpxtpx:TrackPointExtension>
        </extensions>
      </trkpt>
      <trkpt lat="41.82111705273395" lon="123.68480011862074">
        <ele>0.0</ele>
        <time>2026-09-15T21:19:59Z</time>
        <extensions>
          <gpxtpx:TrackPointExtension>
            <gpxtpx:hr>128</gpxtpx:hr>
          </gpxtpx:TrackPointExtension>
        </extensions>
      </trkpt>
      <trkpt lat="41.82111282269574" lon="123.68492881648037">
        <ele>0.0</ele>
        <time>2026-09-15T21:20:03Z</time>
        <extensions>
          <gpxtpx:TrackPointExtension>
            <gpxtpx:hr>126</gpxtpx:hr>
          </gpxtpx:TrackPointExtension>
        </extensions>
      </trkpt>
      <trkpt lat="41.82111465873806" lon="123.68502060053943">
        <ele>0.0</ele>
        <time>2026-09-15T21:20:06Z</time>
        <extensions>
          <gpxtpx:TrackPointExtension>
            <gpxtpx:hr>125</gpxtpx:hr>
          </gpxtpx:TrackPointExtension>
        </extensions>
      </trkpt>
      <trkpt lat="41.821114486021294" lon="123.68511737334418">
        <ele>0.0</ele>
        <time>2026-09-15T21:20:09Z</time>
        <extensions>
          <gpxtpx:TrackPointExtension>
            <gpxtpx:hr>126</gpxtpx:hr>
          </gpxtpx:TrackPointExtension>
        </extensions>
      </trkpt>
      <trkpt lat="41.82112132582538" lon="123.68520716175205">
        <ele>0.0</ele>
        <time>2026-09-15T21:20:12Z</time>
        <extensions>
          <gpxtpx:TrackPointExtension>
            <gpxtpx:hr>126</gpxtpx:hr>
          </gpxtpx:TrackPointExtension>
        </extensions>
      </trkpt>
      <trkpt lat="41.821126158656874" lon="123.68530094125616">
        <ele>0.0</ele>
        <time>2026-09-15T21:20:15Z</time>
        <extensions>
          <gpxtpx:TrackPointExtension>
            <gpxtpx:hr>127</gpxtpx:hr>
          </gpxtpx:TrackPointExtension>
        </extensions>
      </trkpt>
      <trkpt lat="41.82113599867451" lon="123.68539072959628">
        <ele>0.0</ele>
        <time>2026-09-15T21:20:18Z</time>
        <extensions>
          <gpxtpx:TrackPointExtension>
            <gpxtpx:hr>125</gpxtpx:hr>
          </gpxtpx:TrackPointExtension>
        </extensions>
      </trkpt>
      <trkpt lat="41.82114384237874" lon="123.68547852305086">
        <ele>0.0</ele>
        <time>2026-09-15T21:20:21Z</time>
        <extensions>
          <gpxtpx:TrackPointExtension>
            <gpxtpx:hr>125</gpxtpx:hr>
          </gpxtpx:TrackPointExtension>
        </extensions>
      </trkpt>
      <trkpt lat="41.821154679076244" lon="123.68557030692777">
        <ele>0.0</ele>
        <time>2026-09-15T21:20:24Z</time>
        <extensions>
          <gpxtpx:TrackPointExtension>
            <gpxtpx:hr>126</gpxtpx:hr>
          </gpxtpx:TrackPointExtension>
        </extensions>
      </trkpt>
      <trkpt lat="41.82116250706764" lon="123.68566707975113">
        <ele>0.0</ele>
        <time>2026-09-15T21:20:27Z</time>
        <extensions>
          <gpxtpx:TrackPointExtension>
            <gpxtpx:hr>126</gpxtpx:hr>
          </gpxtpx:TrackPointExtension>
        </extensions>
      </trkpt>
      <trkpt lat="41.82117634399548" lon="123.68575886358357">
        <ele>0.0</ele>
        <time>2026-09-15T21:20:30Z</time>
        <extensions>
          <gpxtpx:TrackPointExtension>
            <gpxtpx:hr>126</gpxtpx:hr>
          </gpxtpx:TrackPointExtension>
        </extensions>
      </trkpt>
      <trkpt lat="41.82119718098531" lon="123.68585064662948">
        <ele>0.0</ele>
        <time>2026-09-15T21:20:33Z</time>
        <extensions>
          <gpxtpx:TrackPointExtension>
            <gpxtpx:hr>127</gpxtpx:hr>
          </gpxtpx:TrackPointExtension>
        </extensions>
      </trkpt>
      <trkpt lat="41.821216014585524" lon="123.6859444254867">
        <ele>0.0</ele>
        <time>2026-09-15T21:20:36Z</time>
        <extensions>
          <gpxtpx:TrackPointExtension>
            <gpxtpx:hr>128</gpxtpx:hr>
          </gpxtpx:TrackPointExtension>
        </extensions>
      </trkpt>
      <trkpt lat="41.821237844759175" lon="123.68604019947678">
        <ele>0.0</ele>
        <time>2026-09-15T21:20:39Z</time>
        <extensions>
          <gpxtpx:TrackPointExtension>
            <gpxtpx:hr>128</gpxtpx:hr>
          </gpxtpx:TrackPointExtension>
        </extensions>
      </trkpt>
      <trkpt lat="41.821260690946765" lon="123.6861269944044">
        <ele>0.0</ele>
        <time>2026-09-15T21:20:42Z</time>
        <extensions>
          <gpxtpx:TrackPointExtension>
            <gpxtpx:hr>127</gpxtpx:hr>
          </gpxtpx:TrackPointExtension>
        </extensions>
      </trkpt>
      <trkpt lat="41.82128452136932" lon="123.68622276849962">
        <ele>0.0</ele>
        <time>2026-09-15T21:20:45Z</time>
        <extensions>
          <gpxtpx:TrackPointExtension>
            <gpxtpx:hr>126</gpxtpx:hr>
          </gpxtpx:TrackPointExtension>
        </extensions>
      </trkpt>
      <trkpt lat="41.82131136247759" lon="123.68631255627449">
        <ele>0.0</ele>
        <time>2026-09-15T21:20:48Z</time>
        <extensions>
          <gpxtpx:TrackPointExtension>
            <gpxtpx:hr>126</gpxtpx:hr>
          </gpxtpx:TrackPointExtension>
        </extensions>
      </trkpt>
      <trkpt lat="41.821336200207504" lon="123.68640433987647">
        <ele>0.0</ele>
        <time>2026-09-15T21:20:51Z</time>
        <extensions>
          <gpxtpx:TrackPointExtension>
            <gpxtpx:hr>127</gpxtpx:hr>
          </gpxtpx:TrackPointExtension>
        </extensions>
      </trkpt>
      <trkpt lat="41.8213630415685" lon="123.68649412801138">
        <ele>0.0</ele>
        <time>2026-09-15T21:20:54Z</time>
        <extensions>
          <gpxtpx:TrackPointExtension>
            <gpxtpx:hr>128</gpxtpx:hr>
          </gpxtpx:TrackPointExtension>
        </extensions>
      </trkpt>
      <trkpt lat="41.8213878936207" lon="123.68657793045983">
        <ele>0.0</ele>
        <time>2026-09-15T21:20:57Z</time>
        <extensions>
          <gpxtpx:TrackPointExtension>
            <gpxtpx:hr>127</gpxtpx:hr>
          </gpxtpx:TrackPointExtension>
        </extensions>
      </trkpt>
      <trkpt lat="41.821417751007736" lon="123.68665873929694">
        <ele>0.0</ele>
        <time>2026-09-15T21:21:00Z</time>
        <extensions>
          <gpxtpx:TrackPointExtension>
            <gpxtpx:hr>128</gpxtpx:hr>
          </gpxtpx:TrackPointExtension>
        </extensions>
      </trkpt>
      <trkpt lat="41.82144960321353" lon="123.68674254108525">
        <ele>0.0</ele>
        <time>2026-09-15T21:21:03Z</time>
        <extensions>
          <gpxtpx:TrackPointExtension>
            <gpxtpx:hr>129</gpxtpx:hr>
          </gpxtpx:TrackPointExtension>
        </extensions>
      </trkpt>
      <trkpt lat="41.821486450223574" lon="123.6868293354272">
        <ele>0.0</ele>
        <time>2026-09-15T21:21:06Z</time>
        <extensions>
          <gpxtpx:TrackPointExtension>
            <gpxtpx:hr>128</gpxtpx:hr>
          </gpxtpx:TrackPointExtension>
        </extensions>
      </trkpt>
      <trkpt lat="41.82151929738924" lon="123.68691613049207">
        <ele>0.0</ele>
        <time>2026-09-15T21:21:09Z</time>
        <extensions>
          <gpxtpx:TrackPointExtension>
            <gpxtpx:hr>128</gpxtpx:hr>
          </gpxtpx:TrackPointExtension>
        </extensions>
      </trkpt>
      <trkpt lat="41.8215361343102" lon="123.68700891413958">
        <ele>0.0</ele>
        <time>2026-09-15T21:21:12Z</time>
        <extensions>
          <gpxtpx:TrackPointExtension>
            <gpxtpx:hr>130</gpxtpx:hr>
          </gpxtpx:TrackPointExtension>
        </extensions>
      </trkpt>
      <trkpt lat="41.82153295929876" lon="123.68710868466397">
        <ele>0.0</ele>
        <time>2026-09-15T21:21:15Z</time>
        <extensions>
          <gpxtpx:TrackPointExtension>
            <gpxtpx:hr>130</gpxtpx:hr>
          </gpxtpx:TrackPointExtension>
        </extensions>
      </trkpt>
      <trkpt lat="41.82150481263933" lon="123.68719249560435">
        <ele>0.0</ele>
        <time>2026-09-15T21:21:18Z</time>
        <extensions>
          <gpxtpx:TrackPointExtension>
            <gpxtpx:hr>130</gpxtpx:hr>
          </gpxtpx:TrackPointExtension>
        </extensions>
      </trkpt>
      <trkpt lat="41.82144470481636" lon="123.68725436160429">
        <ele>0.0</ele>
        <time>2026-09-15T21:21:21Z</time>
        <extensions>
          <gpxtpx:TrackPointExtension>
            <gpxtpx:hr>129</gpxtpx:hr>
          </gpxtpx:TrackPointExtension>
        </extensions>
      </trkpt>
      <trkpt lat="41.82138260580769" lon="123.68731123943434">
        <ele>0.0</ele>
        <time>2026-09-15T21:21:24Z</time>
        <extensions>
          <gpxtpx:TrackPointExtension>
            <gpxtpx:hr>125</gpxtpx:hr>
          </gpxtpx:TrackPointExtension>
        </extensions>
      </trkpt>
      <trkpt lat="41.82131951733655" lon="123.68736213122871">
        <ele>0.0</ele>
        <time>2026-09-15T21:21:27Z</time>
        <extensions>
          <gpxtpx:TrackPointExtension>
            <gpxtpx:hr>126</gpxtpx:hr>
          </gpxtpx:TrackPointExtension>
        </extensions>
      </trkpt>
      <trkpt lat="41.82125743239102" lon="123.68741102752627">
        <ele>0.0</ele>
        <time>2026-09-15T21:21:30Z</time>
        <extensions>
          <gpxtpx:TrackPointExtension>
            <gpxtpx:hr>127</gpxtpx:hr>
          </gpxtpx:TrackPointExtension>
        </extensions>
      </trkpt>
      <trkpt lat="41.82119433180184" lon="123.68746890341107">
        <ele>0.0</ele>
        <time>2026-09-15T21:21:33Z</time>
        <extensions>
          <gpxtpx:TrackPointExtension>
            <gpxtpx:hr>126</gpxtpx:hr>
          </gpxtpx:TrackPointExtension>
        </extensions>
      </trkpt>
      <trkpt lat="41.821121250535896" lon="123.68751580592816">
        <ele>0.0</ele>
        <time>2026-09-15T21:21:36Z</time>
        <extensions>
          <gpxtpx:TrackPointExtension>
            <gpxtpx:hr>128</gpxtpx:hr>
          </gpxtpx:TrackPointExtension>
        </extensions>
      </trkpt>
      <trkpt lat="41.82105615181356" lon="123.68757268451763">
        <ele>0.0</ele>
        <time>2026-09-15T21:21:39Z</time>
        <extensions>
          <gpxtpx:TrackPointExtension>
            <gpxtpx:hr>126</gpxtpx:hr>
          </gpxtpx:TrackPointExtension>
        </extensions>
      </trkpt>
      <trkpt lat="41.820988056658315" lon="123.6876275681691">
        <ele>0.0</ele>
        <time>2026-09-15T21:21:42Z</time>
        <extensions>
          <gpxtpx:TrackPointExtension>
            <gpxtpx:hr>125</gpxtpx:hr>
          </gpxtpx:TrackPointExtension>
        </extensions>
      </trkpt>
      <trkpt lat="41.82092494410641" lon="123.68769242835505">
        <ele>0.0</ele>
        <time>2026-09-15T21:21:45Z</time>
        <extensions>
          <gpxtpx:TrackPointExtension>
            <gpxtpx:hr>130</gpxtpx:hr>
          </gpxtpx:TrackPointExtension>
        </extensions>
      </trkpt>
      <trkpt lat="41.82086083685383" lon="123.68775429562629">
        <ele>0.0</ele>
        <time>2026-09-15T21:21:48Z</time>
        <extensions>
          <gpxtpx:TrackPointExtension>
            <gpxtpx:hr>134</gpxtpx:hr>
          </gpxtpx:TrackPointExtension>
        </extensions>
      </trkpt>
      <trkpt lat="41.820797733134484" lon="123.68781416741191">
        <ele>0.0</ele>
        <time>2026-09-15T21:21:51Z</time>
        <extensions>
          <gpxtpx:TrackPointExtension>
            <gpxtpx:hr>133</gpxtpx:hr>
          </gpxtpx:TrackPointExtension>
        </extensions>
      </trkpt>
      <trkpt lat="41.82073262254819" lon="123.68787803043851">
        <ele>0.0</ele>
        <time>2026-09-15T21:21:54Z</time>
        <extensions>
          <gpxtpx:TrackPointExtension>
            <gpxtpx:hr>131</gpxtpx:hr>
          </gpxtpx:TrackPointExtension>
        </extensions>
      </trkpt>
      <trkpt lat="41.8206695259028" lon="123.68793391151306">
        <ele>0.0</ele>
        <time>2026-09-15T21:21:57Z</time>
        <extensions>
          <gpxtpx:TrackPointExtension>
            <gpxtpx:hr>130</gpxtpx:hr>
          </gpxtpx:TrackPointExtension>
        </extensions>
      </trkpt>
      <trkpt lat="41.82061243272474" lon="123.68798779638605">
        <ele>0.0</ele>
        <time>2026-09-15T21:22:00Z</time>
        <extensions>
          <gpxtpx:TrackPointExtension>
            <gpxtpx:hr>130</gpxtpx:hr>
          </gpxtpx:TrackPointExtension>
        </extensions>
      </trkpt>
      <trkpt lat="41.82054734661395" lon="123.68803769153921">
        <ele>0.0</ele>
        <time>2026-09-15T21:22:03Z</time>
        <extensions>
          <gpxtpx:TrackPointExtension>
            <gpxtpx:hr>130</gpxtpx:hr>
          </gpxtpx:TrackPointExtension>
        </extensions>
      </trkpt>
      <trkpt lat="41.820494248294686" lon="123.68809456916678">
        <ele>0.0</ele>
        <time>2026-09-15T21:22:06Z</time>
        <extensions>
          <gpxtpx:TrackPointExtension>
            <gpxtpx:hr>131</gpxtpx:hr>
          </gpxtpx:TrackPointExtension>
        </extensions>
      </trkpt>
      <trkpt lat="41.82043316570519" lon="123.68814246844055">
        <ele>0.0</ele>
        <time>2026-09-15T21:22:09Z</time>
        <extensions>
          <gpxtpx:TrackPointExtension>
            <gpxtpx:hr>132</gpxtpx:hr>
          </gpxtpx:TrackPointExtension>
        </extensions>
      </trkpt>
      <trkpt lat="41.82037308487931" lon="123.68818936990326">
        <ele>0.0</ele>
        <time>2026-09-15T21:22:12Z</time>
        <extensions>
          <gpxtpx:TrackPointExtension>
            <gpxtpx:hr>131</gpxtpx:hr>
          </gpxtpx:TrackPointExtension>
        </extensions>
      </trkpt>
      <trkpt lat="41.82030399899" lon="123.68823926584935">
        <ele>0.0</ele>
        <time>2026-09-15T21:22:15Z</time>
        <extensions>
          <gpxtpx:TrackPointExtension>
            <gpxtpx:hr>133</gpxtpx:hr>
          </gpxtpx:TrackPointExtension>
        </extensions>
      </trkpt>
      <trkpt lat="41.82023589756437" lon="123.68829814128569">
        <ele>0.0</ele>
        <time>2026-09-15T21:22:18Z</time>
        <extensions>
          <gpxtpx:TrackPointExtension>
            <gpxtpx:hr>132</gpxtpx:hr>
          </gpxtpx:TrackPointExtension>
        </extensions>
      </trkpt>
      <trkpt lat="41.82017279787955" lon="123.68835601838197">
        <ele>0.0</ele>
        <time>2026-09-15T21:22:21Z</time>
        <extensions>
          <gpxtpx:TrackPointExtension>
            <gpxtpx:hr>134</gpxtpx:hr>
          </gpxtpx:TrackPointExtension>
        </extensions>
      </trkpt>
      <trkpt lat="41.82010969998286" lon="123.68841289782597">
        <ele>0.0</ele>
        <time>2026-09-15T21:22:24Z</time>
        <extensions>
          <gpxtpx:TrackPointExtension>
            <gpxtpx:hr>136</gpxtpx:hr>
          </gpxtpx:TrackPointExtension>
        </extensions>
      </trkpt>
      <trkpt lat="41.820049605568144" lon="123.68846778146465">
        <ele>0.0</ele>
        <time>2026-09-15T21:22:27Z</time>
        <extensions>
          <gpxtpx:TrackPointExtension>
            <gpxtpx:hr>133</gpxtpx:hr>
          </gpxtpx:TrackPointExtension>
        </extensions>
      </trkpt>
      <trkpt lat="41.8199895025758" lon="123.68852765385324">
        <ele>0.0</ele>
        <time>2026-09-15T21:22:30Z</time>
        <extensions>
          <gpxtpx:TrackPointExtension>
            <gpxtpx:hr>133</gpxtpx:hr>
          </gpxtpx:TrackPointExtension>
        </extensions>
      </trkpt>
      <trkpt lat="41.81992740484408" lon="123.68858453339452">
        <ele>0.0</ele>
        <time>2026-09-15T21:22:33Z</time>
        <extensions>
          <gpxtpx:TrackPointExtension>
            <gpxtpx:hr>132</gpxtpx:hr>
          </gpxtpx:TrackPointExtension>
        </extensions>
      </trkpt>
      <trkpt lat="41.819869322649225" lon="123.68863243281746">
        <ele>0.0</ele>
        <time>2026-09-15T21:22:36Z</time>
        <extensions>
          <gpxtpx:TrackPointExtension>
            <gpxtpx:hr>134</gpxtpx:hr>
          </gpxtpx:TrackPointExtension>
        </extensions>
      </trkpt>
      <trkpt lat="41.819806233654" lon="123.68868432394495">
        <ele>0.0</ele>
        <time>2026-09-15T21:22:39Z</time>
        <extensions>
          <gpxtpx:TrackPointExtension>
            <gpxtpx:hr>135</gpxtpx:hr>
          </gpxtpx:TrackPointExtension>
        </extensions>
      </trkpt>
      <trkpt lat="41.81974612400465" lon="123.68874818761121">
        <ele>0.0</ele>
        <time>2026-09-15T21:22:42Z</time>
        <extensions>
          <gpxtpx:TrackPointExtension>
            <gpxtpx:hr>133</gpxtpx:hr>
          </gpxtpx:TrackPointExtension>
        </extensions>
      </trkpt>
      <trkpt lat="41.81968302823234" lon="123.68880406985366">
        <ele>0.0</ele>
        <time>2026-09-15T21:22:45Z</time>
        <extensions>
          <gpxtpx:TrackPointExtension>
            <gpxtpx:hr>135</gpxtpx:hr>
          </gpxtpx:TrackPointExtension>
        </extensions>
      </trkpt>
      <trkpt lat="41.81962593589463" lon="123.6888579558551">
        <ele>0.0</ele>
        <time>2026-09-15T21:22:48Z</time>
        <extensions>
          <gpxtpx:TrackPointExtension>
            <gpxtpx:hr>135</gpxtpx:hr>
          </gpxtpx:TrackPointExtension>
        </extensions>
      </trkpt>
      <trkpt lat="41.819564859131006" lon="123.68890286277868">
        <ele>0.0</ele>
        <time>2026-09-15T21:22:51Z</time>
        <extensions>
          <gpxtpx:TrackPointExtension>
            <gpxtpx:hr>137</gpxtpx:hr>
          </gpxtpx:TrackPointExtension>
        </extensions>
      </trkpt>
      <trkpt lat="41.81950277382062" lon="123.68895275861898">
        <ele>0.0</ele>
        <time>2026-09-15T21:22:54Z</time>
        <extensions>
          <gpxtpx:TrackPointExtension>
            <gpxtpx:hr>136</gpxtpx:hr>
          </gpxtpx:TrackPointExtension>
        </extensions>
      </trkpt>
      <trkpt lat="41.819437671407805" lon="123.68901263240741">
        <ele>0.0</ele>
        <time>2026-09-15T21:22:57Z</time>
        <extensions>
          <gpxtpx:TrackPointExtension>
            <gpxtpx:hr>131</gpxtpx:hr>
          </gpxtpx:TrackPointExtension>
        </extensions>
      </trkpt>
      <trkpt lat="41.81937957928702" lon="123.6890665188233">
        <ele>0.0</ele>
        <time>2026-09-15T21:23:00Z</time>
        <extensions>
          <gpxtpx:TrackPointExtension>
            <gpxtpx:hr>130</gpxtpx:hr>
          </gpxtpx:TrackPointExtension>
        </extensions>
      </trkpt>
      <trkpt lat="41.81932149751688" lon="123.68911441881157">
        <ele>0.0</ele>
        <time>2026-09-15T21:23:03Z</time>
        <extensions>
          <gpxtpx:TrackPointExtension>
            <gpxtpx:hr>131</gpxtpx:hr>
          </gpxtpx:TrackPointExtension>
        </extensions>
      </trkpt>
      <trkpt lat="41.81925840383665" lon="123.68916930380601">
        <ele>0.0</ele>
        <time>2026-09-15T21:23:06Z</time>
        <extensions>
          <gpxtpx:TrackPointExtension>
            <gpxtpx:hr>130</gpxtpx:hr>
          </gpxtpx:TrackPointExtension>
        </extensions>
      </trkpt>
      <trkpt lat="41.81917738757518" lon="123.68917929252771">
        <ele>0.0</ele>
        <time>2026-09-15T21:23:09Z</time>
        <extensions>
          <gpxtpx:TrackPointExtension>
            <gpxtpx:hr>132</gpxtpx:hr>
          </gpxtpx:TrackPointExtension>
        </extensions>
      </trkpt>
      <trkpt lat="41.81910246045706" lon="123.68913739736874">
        <ele>0.0</ele>
        <time>2026-09-15T21:23:12Z</time>
        <extensions>
          <gpxtpx:TrackPointExtension>
            <gpxtpx:hr>131</gpxtpx:hr>
          </gpxtpx:TrackPointExtension>
        </extensions>
      </trkpt>
      <trkpt lat="41.81904159330989" lon="123.68906057910338">
        <ele>0.0</ele>
        <time>2026-09-15T21:23:15Z</time>
        <extensions>
          <gpxtpx:TrackPointExtension>
            <gpxtpx:hr>130</gpxtpx:hr>
          </gpxtpx:TrackPointExtension>
        </extensions>
      </trkpt>
      <trkpt lat="41.81898773134542" lon="123.68898076677459">
        <ele>0.0</ele>
        <time>2026-09-15T21:23:18Z</time>
        <extensions>
          <gpxtpx:TrackPointExtension>
            <gpxtpx:hr>128</gpxtpx:hr>
          </gpxtpx:TrackPointExtension>
        </extensions>
      </trkpt>
      <trkpt lat="41.81893788148857" lon="123.68889396983684">
        <ele>0.0</ele>
        <time>2026-09-15T21:23:21Z</time>
        <extensions>
          <gpxtpx:TrackPointExtension>
            <gpxtpx:hr>129</gpxtpx:hr>
          </gpxtpx:TrackPointExtension>
        </extensions>
      </trkpt>
      <trkpt lat="41.81889302137796" lon="123.68881315884545">
        <ele>0.0</ele>
        <time>2026-09-15T21:23:24Z</time>
        <extensions>
          <gpxtpx:TrackPointExtension>
            <gpxtpx:hr>127</gpxtpx:hr>
          </gpxtpx:TrackPointExtension>
        </extensions>
      </trkpt>
      <trkpt lat="41.8188481699955" lon="123.68872735931093">
        <ele>0.0</ele>
        <time>2026-09-15T21:23:27Z</time>
        <extensions>
          <gpxtpx:TrackPointExtension>
            <gpxtpx:hr>127</gpxtpx:hr>
          </gpxtpx:TrackPointExtension>
        </extensions>
      </trkpt>
      <trkpt lat="41.81880329115263" lon="123.6886575237708">
        <ele>0.0</ele>
        <time>2026-09-15T21:23:30Z</time>
        <extensions>
          <gpxtpx:TrackPointExtension>
            <gpxtpx:hr>127</gpxtpx:hr>
          </gpxtpx:TrackPointExtension>
        </extensions>
      </trkpt>
      <trkpt lat="41.818757421032764" lon="123.68858269980237">
        <ele>0.0</ele>
        <time>2026-09-15T21:23:33Z</time>
        <extensions>
          <gpxtpx:TrackPointExtension>
            <gpxtpx:hr>129</gpxtpx:hr>
          </gpxtpx:TrackPointExtension>
        </extensions>
      </trkpt>
      <trkpt lat="41.81870954585292" lon="123.68851086945105">
        <ele>0.0</ele>
        <time>2026-09-15T21:23:36Z</time>
        <extensions>
          <gpxtpx:TrackPointExtension>
            <gpxtpx:hr>127</gpxtpx:hr>
          </gpxtpx:TrackPointExtension>
        </extensions>
      </trkpt>
      <trkpt lat="41.81865966387442" lon="123.68844303043444">
        <ele>0.0</ele>
        <time>2026-09-15T21:23:39Z</time>
        <extensions>
          <gpxtpx:TrackPointExtension>
            <gpxtpx:hr>123</gpxtpx:hr>
          </gpxtpx:TrackPointExtension>
        </extensions>
      </trkpt>
      <trkpt lat="41.81861078369322" lon="123.688374193658">
        <ele>0.0</ele>
        <time>2026-09-15T21:23:42Z</time>
        <extensions>
          <gpxtpx:TrackPointExtension>
            <gpxtpx:hr>124</gpxtpx:hr>
          </gpxtpx:TrackPointExtension>
        </extensions>
      </trkpt>
      <trkpt lat="41.81856089149559" lon="123.68831234124546">
        <ele>0.0</ele>
        <time>2026-09-15T21:23:45Z</time>
        <extensions>
          <gpxtpx:TrackPointExtension>
            <gpxtpx:hr>125</gpxtpx:hr>
          </gpxtpx:TrackPointExtension>
        </extensions>
      </trkpt>
      <trkpt lat="41.81850799939941" lon="123.68825048933925">
        <ele>0.0</ele>
        <time>2026-09-15T21:23:48Z</time>
        <extensions>
          <gpxtpx:TrackPointExtension>
            <gpxtpx:hr>123</gpxtpx:hr>
          </gpxtpx:TrackPointExtension>
        </extensions>
      </trkpt>
      <trkpt lat="41.81845110395264" lon="123.68819063353243">
        <ele>0.0</ele>
        <time>2026-09-15T21:23:51Z</time>
        <extensions>
          <gpxtpx:TrackPointExtension>
            <gpxtpx:hr>122</gpxtpx:hr>
          </gpxtpx:TrackPointExtension>
        </extensions>
      </trkpt>
      <trkpt lat="41.81839620334637" lon="123.68813377071231">
        <ele>0.0</ele>
        <time>2026-09-15T21:23:54Z</time>
        <extensions>
          <gpxtpx:TrackPointExtension>
            <gpxtpx:hr>121</gpxtpx:hr>
          </gpxtpx:TrackPointExtension>
        </extensions>
      </trkpt>
      <trkpt lat="41.81834130799839" lon="123.68807391479449">
        <ele>0.0</ele>
        <time>2026-09-15T21:23:57Z</time>
        <extensions>
          <gpxtpx:TrackPointExtension>
            <gpxtpx:hr>119</gpxtpx:hr>
          </gpxtpx:TrackPointExtension>
        </extensions>
      </trkpt>
      <trkpt lat="41.81828439712298" lon="123.68802303874884">
        <ele>0.0</ele>
        <time>2026-09-15T21:24:00Z</time>
        <extensions>
          <gpxtpx:TrackPointExtension>
            <gpxtpx:hr>125</gpxtpx:hr>
          </gpxtpx:TrackPointExtension>
        </extensions>
      </trkpt>
      <trkpt lat="41.818226491512206" lon="123.68796916973565">
        <ele>0.0</ele>
        <time>2026-09-15T21:24:03Z</time>
        <extensions>
          <gpxtpx:TrackPointExtension>
            <gpxtpx:hr>128</gpxtpx:hr>
          </gpxtpx:TrackPointExtension>
        </extensions>
      </trkpt>
      <trkpt lat="41.818174596300324" lon="123.6879093136352">
        <ele>0.0</ele>
        <time>2026-09-15T21:24:06Z</time>
        <extensions>
          <gpxtpx:TrackPointExtension>
            <gpxtpx:hr>130</gpxtpx:hr>
          </gpxtpx:TrackPointExtension>
        </extensions>
      </trkpt>
      <trkpt lat="41.81811767514765" lon="123.68786442410497">
        <ele>0.0</ele>
        <time>2026-09-15T21:24:09Z</time>
        <extensions>
          <gpxtpx:TrackPointExtension>
            <gpxtpx:hr>127</gpxtpx:hr>
          </gpxtpx:TrackPointExtension>
        </extensions>
      </trkpt>
      <trkpt lat="41.81805976099575" lon="123.68781554388542">
        <ele>0.0</ele>
        <time>2026-09-15T21:24:12Z</time>
        <extensions>
          <gpxtpx:TrackPointExtension>
            <gpxtpx:hr>126</gpxtpx:hr>
          </gpxtpx:TrackPointExtension>
        </extensions>
      </trkpt>
      <trkpt lat="41.81800284861307" lon="123.68776566586588">
        <ele>0.0</ele>
        <time>2026-09-15T21:24:15Z</time>
        <extensions>
          <gpxtpx:TrackPointExtension>
            <gpxtpx:hr>127</gpxtpx:hr>
          </gpxtpx:TrackPointExtension>
        </extensions>
      </trkpt>
      <trkpt lat="41.81794292413241" lon="123.68772277233427">
        <ele>0.0</ele>
        <time>2026-09-15T21:24:18Z</time>
        <extensions>
          <gpxtpx:TrackPointExtension>
            <gpxtpx:hr>124</gpxtpx:hr>
          </gpxtpx:TrackPointExtension>
        </extensions>
      </trkpt>
      <trkpt lat="41.817882997944785" lon="123.68768087656099">
        <ele>0.0</ele>
        <time>2026-09-15T21:24:21Z</time>
        <extensions>
          <gpxtpx:TrackPointExtension>
            <gpxtpx:hr>125</gpxtpx:hr>
          </gpxtpx:TrackPointExtension>
        </extensions>
      </trkpt>
      <trkpt lat="41.81782306830705" lon="123.68764097625764">
        <ele>0.0</ele>
        <time>2026-09-15T21:24:24Z</time>
        <extensions>
          <gpxtpx:TrackPointExtension>
            <gpxtpx:hr>129</gpxtpx:hr>
          </gpxtpx:TrackPointExtension>
        </extensions>
      </trkpt>
      <trkpt lat="41.81775813876018" lon="123.68760107668277">
        <ele>0.0</ele>
        <time>2026-09-15T21:24:27Z</time>
        <extensions>
          <gpxtpx:TrackPointExtension>
            <gpxtpx:hr>134</gpxtpx:hr>
          </gpxtpx:TrackPointExtension>
        </extensions>
      </trkpt>
      <trkpt lat="41.817698195243146" lon="123.6875691581559">
        <ele>0.0</ele>
        <time>2026-09-15T21:24:30Z</time>
        <extensions>
          <gpxtpx:TrackPointExtension>
            <gpxtpx:hr>133</gpxtpx:hr>
          </gpxtpx:TrackPointExtension>
        </extensions>
      </trkpt>
      <trkpt lat="41.817633260521895" lon="123.68753225178341">
        <ele>0.0</ele>
        <time>2026-09-15T21:24:33Z</time>
        <extensions>
          <gpxtpx:TrackPointExtension>
            <gpxtpx:hr>127</gpxtpx:hr>
          </gpxtpx:TrackPointExtension>
        </extensions>
      </trkpt>
      <trkpt lat="41.81756931012427" lon="123.68750432470603">
        <ele>0.0</ele>
        <time>2026-09-15T21:24:36Z</time>
        <extensions>
          <gpxtpx:TrackPointExtension>
            <gpxtpx:hr>132</gpxtpx:hr>
          </gpxtpx:TrackPointExtension>
        </extensions>
      </trkpt>
      <trkpt lat="41.8175043667305" lon="123.68747240694191">
        <ele>0.0</ele>
        <time>2026-09-15T21:24:39Z</time>
        <extensions>
          <gpxtpx:TrackPointExtension>
            <gpxtpx:hr>130</gpxtpx:hr>
          </gpxtpx:TrackPointExtension>
        </extensions>
      </trkpt>
      <trkpt lat="41.817437425126606" lon="123.68743949176785">
        <ele>0.0</ele>
        <time>2026-09-15T21:24:42Z</time>
        <extensions>
          <gpxtpx:TrackPointExtension>
            <gpxtpx:hr>135</gpxtpx:hr>
          </gpxtpx:TrackPointExtension>
        </extensions>
      </trkpt>
      <trkpt lat="41.817372464326894" lon="123.6874175511445">
        <ele>0.0</ele>
        <time>2026-09-15T21:24:45Z</time>
        <extensions>
          <gpxtpx:TrackPointExtension>
            <gpxtpx:hr>138</gpxtpx:hr>
          </gpxtpx:TrackPointExtension>
        </extensions>
      </trkpt>
      <trkpt lat="41.817302508837564" lon="123.68739261809695">
        <ele>0.0</ele>
        <time>2026-09-15T21:24:48Z</time>
        <extensions>
          <gpxtpx:TrackPointExtension>
            <gpxtpx:hr>154</gpxtpx:hr>
          </gpxtpx:TrackPointExtension>
        </extensions>
      </trkpt>
      <trkpt lat="41.81723653585784" lon="123.68737766159452">
        <ele>0.0</ele>
        <time>2026-09-15T21:24:51Z</time>
        <extensions>
          <gpxtpx:TrackPointExtension>
            <gpxtpx:hr>154</gpxtpx:hr>
          </gpxtpx:TrackPointExtension>
        </extensions>
      </trkpt>
      <trkpt lat="41.81716756641536" lon="123.68736071009575">
        <ele>0.0</ele>
        <time>2026-09-15T21:24:54Z</time>
        <extensions>
          <gpxtpx:TrackPointExtension>
            <gpxtpx:hr>155</gpxtpx:hr>
          </gpxtpx:TrackPointExtension>
        </extensions>
      </trkpt>
      <trkpt lat="41.81710159345144" lon="123.68734575360412">
        <ele>0.0</ele>
        <time>2026-09-15T21:24:57Z</time>
        <extensions>
          <gpxtpx:TrackPointExtension>
            <gpxtpx:hr>151</gpxtpx:hr>
          </gpxtpx:TrackPointExtension>
        </extensions>
      </trkpt>
      <trkpt lat="41.817032615295986" lon="123.68733379065492">
        <ele>0.0</ele>
        <time>2026-09-15T21:25:00Z</time>
        <extensions>
          <gpxtpx:TrackPointExtension>
            <gpxtpx:hr>134</gpxtpx:hr>
          </gpxtpx:TrackPointExtension>
        </extensions>
      </trkpt>
      <trkpt lat="41.81696064417122" lon="123.687317837295">
        <ele>0.0</ele>
        <time>2026-09-15T21:25:03Z</time>
        <extensions>
          <gpxtpx:TrackPointExtension>
            <gpxtpx:hr>133</gpxtpx:hr>
          </gpxtpx:TrackPointExtension>
        </extensions>
      </trkpt>
      <trkpt lat="41.81688965732422" lon="123.68731086316465">
        <ele>0.0</ele>
        <time>2026-09-15T21:25:06Z</time>
        <extensions>
          <gpxtpx:TrackPointExtension>
            <gpxtpx:hr>135</gpxtpx:hr>
          </gpxtpx:TrackPointExtension>
        </extensions>
      </trkpt>
      <trkpt lat="41.81682067220272" lon="123.68730289105191">
        <ele>0.0</ele>
        <time>2026-09-15T21:25:09Z</time>
        <extensions>
          <gpxtpx:TrackPointExtension>
            <gpxtpx:hr>133</gpxtpx:hr>
          </gpxtpx:TrackPointExtension>
        </extensions>
      </trkpt>
      <trkpt lat="41.81675067312737" lon="123.68730290073276">
        <ele>0.0</ele>
        <time>2026-09-15T21:25:12Z</time>
        <extensions>
          <gpxtpx:TrackPointExtension>
            <gpxtpx:hr>130</gpxtpx:hr>
          </gpxtpx:TrackPointExtension>
        </extensions>
      </trkpt>
      <trkpt lat="41.8166826722834" lon="123.6873039078438">
        <ele>0.0</ele>
        <time>2026-09-15T21:25:15Z</time>
        <extensions>
          <gpxtpx:TrackPointExtension>
            <gpxtpx:hr>133</gpxtpx:hr>
          </gpxtpx:TrackPointExtension>
        </extensions>
      </trkpt>
      <trkpt lat="41.81661267321686" lon="123.68730391752459">
        <ele>0.0</ele>
        <time>2026-09-15T21:25:18Z</time>
        <extensions>
          <gpxtpx:TrackPointExtension>
            <gpxtpx:hr>137</gpxtpx:hr>
          </gpxtpx:TrackPointExtension>
        </extensions>
      </trkpt>
      <trkpt lat="41.81654266716902" lon="123.68730791803293">
        <ele>0.0</ele>
        <time>2026-09-15T21:25:21Z</time>
        <extensions>
          <gpxtpx:TrackPointExtension>
            <gpxtpx:hr>157</gpxtpx:hr>
          </gpxtpx:TrackPointExtension>
        </extensions>
      </trkpt>
      <trkpt lat="41.81647266287225" lon="123.68731092083462">
        <ele>0.0</ele>
        <time>2026-09-15T21:25:24Z</time>
        <extensions>
          <gpxtpx:TrackPointExtension>
            <gpxtpx:hr>164</gpxtpx:hr>
          </gpxtpx:TrackPointExtension>
        </extensions>
      </trkpt>
      <trkpt lat="41.81640266032643" lon="123.68731292592942">
        <ele>0.0</ele>
        <time>2026-09-15T21:25:27Z</time>
        <extensions>
          <gpxtpx:TrackPointExtension>
            <gpxtpx:hr>172</gpxtpx:hr>
          </gpxtpx:TrackPointExtension>
        </extensions>
      </trkpt>
      <trkpt lat="41.81633163335213" lon="123.68732889906445">
        <ele>0.0</ele>
        <time>2026-09-15T21:25:30Z</time>
        <extensions>
          <gpxtpx:TrackPointExtension>
            <gpxtpx:hr>176</gpxtpx:hr>
          </gpxtpx:TrackPointExtension>
        </extensions>
      </trkpt>
      <trkpt lat="41.816256604695496" lon="123.68734587046642">
        <ele>0.0</ele>
        <time>2026-09-15T21:25:33Z</time>
        <extensions>
          <gpxtpx:TrackPointExtension>
            <gpxtpx:hr>178</gpxtpx:hr>
          </gpxtpx:TrackPointExtension>
        </extensions>
      </trkpt>
      <trkpt lat="41.81618658819894" lon="123.68735585722659">
        <ele>0.0</ele>
        <time>2026-09-15T21:25:36Z</time>
        <extensions>
          <gpxtpx:TrackPointExtension>
            <gpxtpx:hr>177</gpxtpx:hr>
          </gpxtpx:TrackPointExtension>
        </extensions>
      </trkpt>
      <trkpt lat="41.81611656821754" lon="123.68736783940571">
        <ele>0.0</ele>
        <time>2026-09-15T21:25:39Z</time>
        <extensions>
          <gpxtpx:TrackPointExtension>
            <gpxtpx:hr>177</gpxtpx:hr>
          </gpxtpx:TrackPointExtension>
        </extensions>
      </trkpt>
      <trkpt lat="41.81604454652545" lon="123.68738081957338">
        <ele>0.0</ele>
        <time>2026-09-15T21:25:42Z</time>
        <extensions>
          <gpxtpx:TrackPointExtension>
            <gpxtpx:hr>175</gpxtpx:hr>
          </gpxtpx:TrackPointExtension>
        </extensions>
      </trkpt>
      <trkpt lat="41.81596750397134" lon="123.6874057729454">
        <ele>0.0</ele>
        <time>2026-09-15T21:25:45Z</time>
        <extensions>
          <gpxtpx:TrackPointExtension>
            <gpxtpx:hr>174</gpxtpx:hr>
          </gpxtpx:TrackPointExtension>
        </extensions>
      </trkpt>
      <trkpt lat="41.81589445614338" lon="123.68743371890818">
        <ele>0.0</ele>
        <time>2026-09-15T21:25:48Z</time>
        <extensions>
          <gpxtpx:TrackPointExtension>
            <gpxtpx:hr>175</gpxtpx:hr>
          </gpxtpx:TrackPointExtension>
        </extensions>
      </trkpt>
      <trkpt lat="41.81582140658899" lon="123.68746266259964">
        <ele>0.0</ele>
        <time>2026-09-15T21:25:51Z</time>
        <extensions>
          <gpxtpx:TrackPointExtension>
            <gpxtpx:hr>175</gpxtpx:hr>
          </gpxtpx:TrackPointExtension>
        </extensions>
      </trkpt>
      <trkpt lat="41.815746364055286" lon="123.68748761574254">
        <ele>0.0</ele>
        <time>2026-09-15T21:25:54Z</time>
        <extensions>
          <gpxtpx:TrackPointExtension>
            <gpxtpx:hr>175</gpxtpx:hr>
          </gpxtpx:TrackPointExtension>
        </extensions>
      </trkpt>
      <trkpt lat="41.81567634238424" lon="123.68750059566985">
        <ele>0.0</ele>
        <time>2026-09-15T21:25:57Z</time>
        <extensions>
          <gpxtpx:TrackPointExtension>
            <gpxtpx:hr>176</gpxtpx:hr>
          </gpxtpx:TrackPointExtension>
        </extensions>
      </trkpt>
      <trkpt lat="41.81560230160445" lon="123.68752455098455">
        <ele>0.0</ele>
        <time>2026-09-15T21:26:00Z</time>
        <extensions>
          <gpxtpx:TrackPointExtension>
            <gpxtpx:hr>177</gpxtpx:hr>
          </gpxtpx:TrackPointExtension>
        </extensions>
      </trkpt>
      <trkpt lat="41.81553230609286" lon="123.68752256524155">
        <ele>0.0</ele>
        <time>2026-09-15T21:26:03Z</time>
        <extensions>
          <gpxtpx:TrackPointExtension>
            <gpxtpx:hr>180</gpxtpx:hr>
          </gpxtpx:TrackPointExtension>
        </extensions>
      </trkpt>
      <trkpt lat="41.81546135592331" lon="123.68749463913569">
        <ele>0.0</ele>
        <time>2026-09-15T21:26:06Z</time>
        <extensions>
          <gpxtpx:TrackPointExtension>
            <gpxtpx:hr>176</gpxtpx:hr>
          </gpxtpx:TrackPointExtension>
        </extensions>
      </trkpt>
      <trkpt lat="41.81539946494116" lon="123.6874327896546">
        <ele>0.0</ele>
        <time>2026-09-15T21:26:09Z</time>
        <extensions>
          <gpxtpx:TrackPointExtension>
            <gpxtpx:hr>175</gpxtpx:hr>
          </gpxtpx:TrackPointExtension>
        </extensions>
      </trkpt>
      <trkpt lat="41.8153646120351" lon="123.68734898694771">
        <ele>0.0</ele>
        <time>2026-09-15T21:26:12Z</time>
        <extensions>
          <gpxtpx:TrackPointExtension>
            <gpxtpx:hr>173</gpxtpx:hr>
          </gpxtpx:TrackPointExtension>
        </extensions>
      </trkpt>
      <trkpt lat="41.81534478173902" lon="123.68725221215185">
        <ele>0.0</ele>
        <time>2026-09-15T21:26:15Z</time>
        <extensions>
          <gpxtpx:TrackPointExtension>
            <gpxtpx:hr>175</gpxtpx:hr>
          </gpxtpx:TrackPointExtension>
        </extensions>
      </trkpt>
      <trkpt lat="41.81532796029448" lon="123.6871504486386">
        <ele>0.0</ele>
        <time>2026-09-15T21:26:18Z</time>
        <extensions>
          <gpxtpx:TrackPointExtension>
            <gpxtpx:hr>174</gpxtpx:hr>
          </gpxtpx:TrackPointExtension>
        </extensions>
      </trkpt>
      <trkpt lat="41.8153081303068" lon="123.68705367428231">
        <ele>0.0</ele>
        <time>2026-09-15T21:26:21Z</time>
        <extensions>
          <gpxtpx:TrackPointExtension>
            <gpxtpx:hr>174</gpxtpx:hr>
          </gpxtpx:TrackPointExtension>
        </extensions>
      </trkpt>
      <trkpt lat="41.81528730223511" lon="123.68695590257828">
        <ele>0.0</ele>
        <time>2026-09-15T21:26:24Z</time>
        <extensions>
          <gpxtpx:TrackPointExtension>
            <gpxtpx:hr>173</gpxtpx:hr>
          </gpxtpx:TrackPointExtension>
        </extensions>
      </trkpt>
      <trkpt lat="41.81526947251793" lon="123.68685912837267">
        <ele>0.0</ele>
        <time>2026-09-15T21:26:27Z</time>
        <extensions>
          <gpxtpx:TrackPointExtension>
            <gpxtpx:hr>171</gpxtpx:hr>
          </gpxtpx:TrackPointExtension>
        </extensions>
      </trkpt>
      <trkpt lat="41.815250639453296" lon="123.68676434990591">
        <ele>0.0</ele>
        <time>2026-09-15T21:26:30Z</time>
        <extensions>
          <gpxtpx:TrackPointExtension>
            <gpxtpx:hr>171</gpxtpx:hr>
          </gpxtpx:TrackPointExtension>
        </extensions>
      </trkpt>
      <trkpt lat="41.815229810072445" lon="123.68666757653247">
        <ele>0.0</ele>
        <time>2026-09-15T21:26:33Z</time>
        <extensions>
          <gpxtpx:TrackPointExtension>
            <gpxtpx:hr>169</gpxtpx:hr>
          </gpxtpx:TrackPointExtension>
        </extensions>
      </trkpt>
      <trkpt lat="41.81520898611272" lon="123.68656781029769">
        <ele>0.0</ele>
        <time>2026-09-15T21:26:36Z</time>
        <extensions>
          <gpxtpx:TrackPointExtension>
            <gpxtpx:hr>171</gpxtpx:hr>
          </gpxtpx:TrackPointExtension>
        </extensions>
      </trkpt>
      <trkpt lat="41.81518915525524" lon="123.68647203489884">
        <ele>0.0</ele>
        <time>2026-09-15T21:26:39Z</time>
        <extensions>
          <gpxtpx:TrackPointExtension>
            <gpxtpx:hr>173</gpxtpx:hr>
          </gpxtpx:TrackPointExtension>
        </extensions>
      </trkpt>
      <trkpt lat="41.8151693280625" lon="123.68637426433155">
        <ele>0.0</ele>
        <time>2026-09-15T21:26:42Z</time>
        <extensions>
          <gpxtpx:TrackPointExtension>
            <gpxtpx:hr>177</gpxtpx:hr>
          </gpxtpx:TrackPointExtension>
        </extensions>
      </trkpt>
      <trkpt lat="41.81514749575935" lon="123.68627948730365">
        <ele>0.0</ele>
        <time>2026-09-15T21:26:45Z</time>
        <extensions>
          <gpxtpx:TrackPointExtension>
            <gpxtpx:hr>176</gpxtpx:hr>
          </gpxtpx:TrackPointExtension>
        </extensions>
      </trkpt>
      <trkpt lat="41.81512567594309" lon="123.68617772670126">
        <ele>0.0</ele>
        <time>2026-09-15T21:26:48Z</time>
        <extensions>
          <gpxtpx:TrackPointExtension>
            <gpxtpx:hr>173</gpxtpx:hr>
          </gpxtpx:TrackPointExtension>
        </extensions>
      </trkpt>
      <trkpt lat="41.81510584566247" lon="123.6860819521264">
        <ele>0.0</ele>
        <time>2026-09-15T21:26:51Z</time>
        <extensions>
          <gpxtpx:TrackPointExtension>
            <gpxtpx:hr>173</gpxtpx:hr>
          </gpxtpx:TrackPointExtension>
        </extensions>
      </trkpt>
      <trkpt lat="41.815084022619644" lon="123.68598218731842">
        <ele>0.0</ele>
        <time>2026-09-15T21:26:54Z</time>
        <extensions>
          <gpxtpx:TrackPointExtension>
            <gpxtpx:hr>180</gpxtpx:hr>
          </gpxtpx:TrackPointExtension>
        </extensions>
      </trkpt>
      <trkpt lat="41.81506419616141" lon="123.6858844178008">
        <ele>0.0</ele>
        <time>2026-09-15T21:26:57Z</time>
        <extensions>
          <gpxtpx:TrackPointExtension>
            <gpxtpx:hr>177</gpxtpx:hr>
          </gpxtpx:TrackPointExtension>
        </extensions>
      </trkpt>
      <trkpt lat="41.8150443751579" lon="123.68578365547059">
        <ele>0.0</ele>
        <time>2026-09-15T21:27:00Z</time>
        <extensions>
          <gpxtpx:TrackPointExtension>
            <gpxtpx:hr>182</gpxtpx:hr>
          </gpxtpx:TrackPointExtension>
        </extensions>
      </trkpt>
      <trkpt lat="41.81502254725069" lon="123.68568688431958">
        <ele>0.0</ele>
        <time>2026-09-15T21:27:03Z</time>
        <extensions>
          <gpxtpx:TrackPointExtension>
            <gpxtpx:hr>182</gpxtpx:hr>
          </gpxtpx:TrackPointExtension>
        </extensions>
      </trkpt>
      <trkpt lat="41.815000724802836" lon="123.68558712036261">
        <ele>0.0</ele>
        <time>2026-09-15T21:27:06Z</time>
        <extensions>
          <gpxtpx:TrackPointExtension>
            <gpxtpx:hr>181</gpxtpx:hr>
          </gpxtpx:TrackPointExtension>
        </extensions>
      </trkpt>
      <trkpt lat="41.81497890605247" lon="123.68548536128468">
        <ele>0.0</ele>
        <time>2026-09-15T21:27:09Z</time>
        <extensions>
          <gpxtpx:TrackPointExtension>
            <gpxtpx:hr>180</gpxtpx:hr>
          </gpxtpx:TrackPointExtension>
        </extensions>
      </trkpt>
      <trkpt lat="41.81495608036683" lon="123.68538759322367">
        <ele>0.0</ele>
        <time>2026-09-15T21:27:12Z</time>
        <extensions>
          <gpxtpx:TrackPointExtension>
            <gpxtpx:hr>179</gpxtpx:hr>
          </gpxtpx:TrackPointExtension>
        </extensions>
      </trkpt>
      <trkpt lat="41.814934261917244" lon="123.68528583457646">
        <ele>0.0</ele>
        <time>2026-09-15T21:27:15Z</time>
        <extensions>
          <gpxtpx:TrackPointExtension>
            <gpxtpx:hr>178</gpxtpx:hr>
          </gpxtpx:TrackPointExtension>
        </extensions>
      </trkpt>
      <trkpt lat="41.81491245251474" lon="123.6851790878457">
        <ele>0.0</ele>
        <time>2026-09-15T21:27:18Z</time>
        <extensions>
          <gpxtpx:TrackPointExtension>
            <gpxtpx:hr>179</gpxtpx:hr>
          </gpxtpx:TrackPointExtension>
        </extensions>
      </trkpt>
      <trkpt lat="41.81489263434644" lon="123.6850773293681">
        <ele>0.0</ele>
        <time>2026-09-15T21:27:21Z</time>
        <extensions>
          <gpxtpx:TrackPointExtension>
            <gpxtpx:hr>178</gpxtpx:hr>
          </gpxtpx:TrackPointExtension>
        </extensions>
      </trkpt>
      <trkpt lat="41.81487081635872" lon="123.68497557138303">
        <ele>0.0</ele>
        <time>2026-09-15T21:27:24Z</time>
        <extensions>
          <gpxtpx:TrackPointExtension>
            <gpxtpx:hr>179</gpxtpx:hr>
          </gpxtpx:TrackPointExtension>
        </extensions>
      </trkpt>
      <trkpt lat="41.814845998565914" lon="123.6848738140277">
        <ele>0.0</ele>
        <time>2026-09-15T21:27:27Z</time>
        <extensions>
          <gpxtpx:TrackPointExtension>
            <gpxtpx:hr>179</gpxtpx:hr>
          </gpxtpx:TrackPointExtension>
        </extensions>
      </trkpt>
      <trkpt lat="41.81482216484428" lon="123.68478103561579">
        <ele>0.0</ele>
        <time>2026-09-15T21:27:30Z</time>
        <extensions>
          <gpxtpx:TrackPointExtension>
            <gpxtpx:hr>179</gpxtpx:hr>
          </gpxtpx:TrackPointExtension>
        </extensions>
      </trkpt>
      <trkpt lat="41.81480235083361" lon="123.68467728267805">
        <ele>0.0</ele>
        <time>2026-09-15T21:27:33Z</time>
        <extensions>
          <gpxtpx:TrackPointExtension>
            <gpxtpx:hr>178</gpxtpx:hr>
          </gpxtpx:TrackPointExtension>
        </extensions>
      </trkpt>
      <trkpt lat="41.814777520963155" lon="123.68458250948284">
        <ele>0.0</ele>
        <time>2026-09-15T21:27:36Z</time>
        <extensions>
          <gpxtpx:TrackPointExtension>
            <gpxtpx:hr>179</gpxtpx:hr>
          </gpxtpx:TrackPointExtension>
        </extensions>
      </trkpt>
      <trkpt lat="41.81475470192388" lon="123.6844817503185">
        <ele>0.0</ele>
        <time>2026-09-15T21:27:39Z</time>
        <extensions>
          <gpxtpx:TrackPointExtension>
            <gpxtpx:hr>178</gpxtpx:hr>
          </gpxtpx:TrackPointExtension>
        </extensions>
      </trkpt>
      <trkpt lat="41.81472888307338" lon="123.6843809917748">
        <ele>0.0</ele>
        <time>2026-09-15T21:27:42Z</time>
        <extensions>
          <gpxtpx:TrackPointExtension>
            <gpxtpx:hr>179</gpxtpx:hr>
          </gpxtpx:TrackPointExtension>
        </extensions>
      </trkpt>
      <trkpt lat="41.81471105707782" lon="123.6842842228985">
        <ele>0.0</ele>
        <time>2026-09-15T21:27:45Z</time>
        <extensions>
          <gpxtpx:TrackPointExtension>
            <gpxtpx:hr>181</gpxtpx:hr>
          </gpxtpx:TrackPointExtension>
        </extensions>
      </trkpt>
      <trkpt lat="41.814687231303914" lon="123.68418745503958">
        <ele>0.0</ele>
        <time>2026-09-15T21:27:48Z</time>
        <extensions>
          <gpxtpx:TrackPointExtension>
            <gpxtpx:hr>183</gpxtpx:hr>
          </gpxtpx:TrackPointExtension>
        </extensions>
      </trkpt>
      <trkpt lat="41.814667402011054" lon="123.68409268209165">
        <ele>0.0</ele>
        <time>2026-09-15T21:27:51Z</time>
        <extensions>
          <gpxtpx:TrackPointExtension>
            <gpxtpx:hr>182</gpxtpx:hr>
          </gpxtpx:TrackPointExtension>
        </extensions>
      </trkpt>
      <trkpt lat="41.81464558903463" lon="123.6839889308737">
        <ele>0.0</ele>
        <time>2026-09-15T21:27:54Z</time>
        <extensions>
          <gpxtpx:TrackPointExtension>
            <gpxtpx:hr>180</gpxtpx:hr>
          </gpxtpx:TrackPointExtension>
        </extensions>
      </trkpt>
      <trkpt lat="41.814625763595835" lon="123.68389216303147">
        <ele>0.0</ele>
        <time>2026-09-15T21:27:57Z</time>
        <extensions>
          <gpxtpx:TrackPointExtension>
            <gpxtpx:hr>178</gpxtpx:hr>
          </gpxtpx:TrackPointExtension>
        </extensions>
      </trkpt>
      <trkpt lat="41.81460293293568" lon="123.68379838868537">
        <ele>0.0</ele>
        <time>2026-09-15T21:28:00Z</time>
        <extensions>
          <gpxtpx:TrackPointExtension>
            <gpxtpx:hr>181</gpxtpx:hr>
          </gpxtpx:TrackPointExtension>
        </extensions>
      </trkpt>
      <trkpt lat="41.814582113163375" lon="123.68369862845324">
        <ele>0.0</ele>
        <time>2026-09-15T21:28:03Z</time>
        <extensions>
          <gpxtpx:TrackPointExtension>
            <gpxtpx:hr>181</gpxtpx:hr>
          </gpxtpx:TrackPointExtension>
        </extensions>
      </trkpt>
      <trkpt lat="41.81455628459698" lon="123.68360385724873">
        <ele>0.0</ele>
        <time>2026-09-15T21:28:06Z</time>
        <extensions>
          <gpxtpx:TrackPointExtension>
            <gpxtpx:hr>179</gpxtpx:hr>
          </gpxtpx:TrackPointExtension>
        </extensions>
      </trkpt>
      <trkpt lat="41.81453445609093" lon="123.68350908566637">
        <ele>0.0</ele>
        <time>2026-09-15T21:28:09Z</time>
        <extensions>
          <gpxtpx:TrackPointExtension>
            <gpxtpx:hr>182</gpxtpx:hr>
          </gpxtpx:TrackPointExtension>
        </extensions>
      </trkpt>
      <trkpt lat="41.81451562044554" lon="123.6834183043431">
        <ele>0.0</ele>
        <time>2026-09-15T21:28:12Z</time>
        <extensions>
          <gpxtpx:TrackPointExtension>
            <gpxtpx:hr>181</gpxtpx:hr>
          </gpxtpx:TrackPointExtension>
        </extensions>
      </trkpt>
      <trkpt lat="41.814493784956156" lon="123.68332752359315">
        <ele>0.0</ele>
        <time>2026-09-15T21:28:15Z</time>
        <extensions>
          <gpxtpx:TrackPointExtension>
            <gpxtpx:hr>179</gpxtpx:hr>
          </gpxtpx:TrackPointExtension>
        </extensions>
      </trkpt>
      <trkpt lat="41.81447096403946" lon="123.68322876216845">
        <ele>0.0</ele>
        <time>2026-09-15T21:28:18Z</time>
        <extensions>
          <gpxtpx:TrackPointExtension>
            <gpxtpx:hr>179</gpxtpx:hr>
          </gpxtpx:TrackPointExtension>
        </extensions>
      </trkpt>
      <trkpt lat="41.814449134200075" lon="123.68313498888924">
        <ele>0.0</ele>
        <time>2026-09-15T21:28:21Z</time>
        <extensions>
          <gpxtpx:TrackPointExtension>
            <gpxtpx:hr>179</gpxtpx:hr>
          </gpxtpx:TrackPointExtension>
        </extensions>
      </trkpt>
      <trkpt lat="41.814447329488985" lon="123.68302724636817">
        <ele>0.0</ele>
        <time>2026-09-15T21:28:24Z</time>
        <extensions>
          <gpxtpx:TrackPointExtension>
            <gpxtpx:hr>183</gpxtpx:hr>
          </gpxtpx:TrackPointExtension>
        </extensions>
      </trkpt>
      <trkpt lat="41.81447949544858" lon="123.68293546122021">
        <ele>0.0</ele>
        <time>2026-09-15T21:28:27Z</time>
        <extensions>
          <gpxtpx:TrackPointExtension>
            <gpxtpx:hr>182</gpxtpx:hr>
          </gpxtpx:TrackPointExtension>
        </extensions>
      </trkpt>
      <trkpt lat="41.81454559943151" lon="123.6828775904227">
        <ele>0.0</ele>
        <time>2026-09-15T21:28:30Z</time>
        <extensions>
          <gpxtpx:TrackPointExtension>
            <gpxtpx:hr>184</gpxtpx:hr>
          </gpxtpx:TrackPointExtension>
        </extensions>
      </trkpt>
      <trkpt lat="41.81461567442126" lon="123.68283568095544">
        <ele>0.0</ele>
        <time>2026-09-15T21:28:33Z</time>
        <extensions>
          <gpxtpx:TrackPointExtension>
            <gpxtpx:hr>182</gpxtpx:hr>
          </gpxtpx:TrackPointExtension>
        </extensions>
      </trkpt>
      <trkpt lat="41.81468374403349" lon="123.6827967646368">
        <ele>0.0</ele>
        <time>2026-09-15T21:28:36Z</time>
        <extensions>
          <gpxtpx:TrackPointExtension>
            <gpxtpx:hr>183</gpxtpx:hr>
          </gpxtpx:TrackPointExtension>
        </extensions>
      </trkpt>
      <trkpt lat="41.814752808218046" lon="123.68276084104588">
        <ele>0.0</ele>
        <time>2026-09-15T21:28:39Z</time>
        <extensions>
          <gpxtpx:TrackPointExtension>
            <gpxtpx:hr>183</gpxtpx:hr>
          </gpxtpx:TrackPointExtension>
        </extensions>
      </trkpt>
      <trkpt lat="41.81482288328403" lon="123.68271893167058">
        <ele>0.0</ele>
        <time>2026-09-15T21:28:42Z</time>
        <extensions>
          <gpxtpx:TrackPointExtension>
            <gpxtpx:hr>183</gpxtpx:hr>
          </gpxtpx:TrackPointExtension>
        </extensions>
      </trkpt>
      <trkpt lat="41.814890945715106" lon="123.6826840058812">
        <ele>0.0</ele>
        <time>2026-09-15T21:28:45Z</time>
        <extensions>
          <gpxtpx:TrackPointExtension>
            <gpxtpx:hr>183</gpxtpx:hr>
          </gpxtpx:TrackPointExtension>
        </extensions>
      </trkpt>
      <trkpt lat="41.81495402456258" lon="123.68264010231243">
        <ele>0.0</ele>
        <time>2026-09-15T21:28:48Z</time>
        <extensions>
          <gpxtpx:TrackPointExtension>
            <gpxtpx:hr>183</gpxtpx:hr>
          </gpxtpx:TrackPointExtension>
        </extensions>
      </trkpt>
      <trkpt lat="41.81501911429394" lon="123.68259021284723">
        <ele>0.0</ele>
        <time>2026-09-15T21:28:51Z</time>
        <extensions>
          <gpxtpx:TrackPointExtension>
            <gpxtpx:hr>182</gpxtpx:hr>
          </gpxtpx:TrackPointExtension>
        </extensions>
      </trkpt>
      <trkpt lat="41.81508420769062" lon="123.68253832821154">
        <ele>0.0</ele>
        <time>2026-09-15T21:28:54Z</time>
        <extensions>
          <gpxtpx:TrackPointExtension>
            <gpxtpx:hr>181</gpxtpx:hr>
          </gpxtpx:TrackPointExtension>
        </extensions>
      </trkpt>
      <trkpt lat="41.815147297523595" lon="123.68248843911672">
        <ele>0.0</ele>
        <time>2026-09-15T21:28:57Z</time>
        <extensions>
          <gpxtpx:TrackPointExtension>
            <gpxtpx:hr>180</gpxtpx:hr>
          </gpxtpx:TrackPointExtension>
        </extensions>
      </trkpt>
      <trkpt lat="41.8152093928549" lon="123.68243555738657">
        <ele>0.0</ele>
        <time>2026-09-15T21:29:00Z</time>
        <extensions>
          <gpxtpx:TrackPointExtension>
            <gpxtpx:hr>181</gpxtpx:hr>
          </gpxtpx:TrackPointExtension>
        </extensions>
      </trkpt>
      <trkpt lat="41.815264501045625" lon="123.68237569343668">
        <ele>0.0</ele>
        <time>2026-09-15T21:29:03Z</time>
        <extensions>
          <gpxtpx:TrackPointExtension>
            <gpxtpx:hr>182</gpxtpx:hr>
          </gpxtpx:TrackPointExtension>
        </extensions>
      </trkpt>
      <trkpt lat="41.81532561828553" lon="123.68231084070284">
        <ele>0.0</ele>
        <time>2026-09-15T21:29:06Z</time>
        <extensions>
          <gpxtpx:TrackPointExtension>
            <gpxtpx:hr>184</gpxtpx:hr>
          </gpxtpx:TrackPointExtension>
        </extensions>
      </trkpt>
      <trkpt lat="41.81538374289936" lon="123.68224199804835">
        <ele>0.0</ele>
        <time>2026-09-15T21:29:09Z</time>
        <extensions>
          <gpxtpx:TrackPointExtension>
            <gpxtpx:hr>183</gpxtpx:hr>
          </gpxtpx:TrackPointExtension>
        </extensions>
      </trkpt>
      <trkpt lat="41.81544386754644" lon="123.68217315520398">
        <ele>0.0</ele>
        <time>2026-09-15T21:29:12Z</time>
        <extensions>
          <gpxtpx:TrackPointExtension>
            <gpxtpx:hr>182</gpxtpx:hr>
          </gpxtpx:TrackPointExtension>
        </extensions>
      </trkpt>
      <trkpt lat="41.81550398679467" lon="123.68210730524697">
        <ele>0.0</ele>
        <time>2026-09-15T21:29:15Z</time>
        <extensions>
          <gpxtpx:TrackPointExtension>
            <gpxtpx:hr>183</gpxtpx:hr>
          </gpxtpx:TrackPointExtension>
        </extensions>
      </trkpt>
      <trkpt lat="41.81556211705533" lon="123.68203547004904">
        <ele>0.0</ele>
        <time>2026-09-15T21:29:18Z</time>
        <extensions>
          <gpxtpx:TrackPointExtension>
            <gpxtpx:hr>184</gpxtpx:hr>
          </gpxtpx:TrackPointExtension>
        </extensions>
      </trkpt>
      <trkpt lat="41.81561726018017" lon="123.68195665217337">
        <ele>0.0</ele>
        <time>2026-09-15T21:29:21Z</time>
        <extensions>
          <gpxtpx:TrackPointExtension>
            <gpxtpx:hr>184</gpxtpx:hr>
          </gpxtpx:TrackPointExtension>
        </extensions>
      </trkpt>
      <trkpt lat="41.81567739055125" lon="123.6818848168937">
        <ele>0.0</ele>
        <time>2026-09-15T21:29:24Z</time>
        <extensions>
          <gpxtpx:TrackPointExtension>
            <gpxtpx:hr>184</gpxtpx:hr>
          </gpxtpx:TrackPointExtension>
        </extensions>
      </trkpt>
      <trkpt lat="41.815732522883344" lon="123.68181198480139">
        <ele>0.0</ele>
        <time>2026-09-15T21:29:27Z</time>
        <extensions>
          <gpxtpx:TrackPointExtension>
            <gpxtpx:hr>182</gpxtpx:hr>
          </gpxtpx:TrackPointExtension>
        </extensions>
      </trkpt>
      <trkpt lat="41.81579065341546" lon="123.68174014998309">
        <ele>0.0</ele>
        <time>2026-09-15T21:29:30Z</time>
        <extensions>
          <gpxtpx:TrackPointExtension>
            <gpxtpx:hr>183</gpxtpx:hr>
          </gpxtpx:TrackPointExtension>
        </extensions>
      </trkpt>
      <trkpt lat="41.81584778585276" lon="123.68166731780161">
        <ele>0.0</ele>
        <time>2026-09-15T21:29:33Z</time>
        <extensions>
          <gpxtpx:TrackPointExtension>
            <gpxtpx:hr>181</gpxtpx:hr>
          </gpxtpx:TrackPointExtension>
        </extensions>
      </trkpt>
      <trkpt lat="41.81590692015538" lon="123.68159348784621">
        <ele>0.0</ele>
        <time>2026-09-15T21:29:36Z</time>
        <extensions>
          <gpxtpx:TrackPointExtension>
            <gpxtpx:hr>178</gpxtpx:hr>
          </gpxtpx:TrackPointExtension>
        </extensions>
      </trkpt>
      <trkpt lat="41.81596705268511" lon="123.68152065543859">
        <ele>0.0</ele>
        <time>2026-09-15T21:29:39Z</time>
        <extensions>
          <gpxtpx:TrackPointExtension>
            <gpxtpx:hr>180</gpxtpx:hr>
          </gpxtpx:TrackPointExtension>
        </extensions>
      </trkpt>
      <trkpt lat="41.81602218717924" lon="123.68144682622535">
        <ele>0.0</ele>
        <time>2026-09-15T21:29:42Z</time>
        <extensions>
          <gpxtpx:TrackPointExtension>
            <gpxtpx:hr>183</gpxtpx:hr>
          </gpxtpx:TrackPointExtension>
        </extensions>
      </trkpt>
      <trkpt lat="41.81608729965324" lon="123.681384966778">
        <ele>0.0</ele>
        <time>2026-09-15T21:29:45Z</time>
        <extensions>
          <gpxtpx:TrackPointExtension>
            <gpxtpx:hr>182</gpxtpx:hr>
          </gpxtpx:TrackPointExtension>
        </extensions>
      </trkpt>
      <trkpt lat="41.8161554048161" lon="123.68132709732974">
        <ele>0.0</ele>
        <time>2026-09-15T21:29:48Z</time>
        <extensions>
          <gpxtpx:TrackPointExtension>
            <gpxtpx:hr>181</gpxtpx:hr>
          </gpxtpx:TrackPointExtension>
        </extensions>
      </trkpt>
      <trkpt lat="41.81622749898568" lon="123.68127521290202">
        <ele>0.0</ele>
        <time>2026-09-15T21:29:51Z</time>
        <extensions>
          <gpxtpx:TrackPointExtension>
            <gpxtpx:hr>181</gpxtpx:hr>
          </gpxtpx:TrackPointExtension>
        </extensions>
      </trkpt>
      <trkpt lat="41.816295593246274" lon="123.68122332907312">
        <ele>0.0</ele>
        <time>2026-09-15T21:29:54Z</time>
        <extensions>
          <gpxtpx:TrackPointExtension>
            <gpxtpx:hr>181</gpxtpx:hr>
          </gpxtpx:TrackPointExtension>
        </extensions>
      </trkpt>
      <trkpt lat="41.81636368387959" lon="123.68117344045876">
        <ele>0.0</ele>
        <time>2026-09-15T21:29:57Z</time>
        <extensions>
          <gpxtpx:TrackPointExtension>
            <gpxtpx:hr>184</gpxtpx:hr>
          </gpxtpx:TrackPointExtension>
        </extensions>
      </trkpt>
      <trkpt lat="41.8165128595729" lon="123.68107665431079">
        <ele>0.0</ele>
        <time>2026-09-15T21:30:03Z</time>
        <extensions>
          <gpxtpx:TrackPointExtension>
            <gpxtpx:hr>182</gpxtpx:hr>
          </gpxtpx:TrackPointExtension>
        </extensions>
      </trkpt>
      <trkpt lat="41.81658095580446" lon="123.6810237730772">
        <ele>0.0</ele>
        <time>2026-09-15T21:30:06Z</time>
        <extensions>
          <gpxtpx:TrackPointExtension>
            <gpxtpx:hr>185</gpxtpx:hr>
          </gpxtpx:TrackPointExtension>
        </extensions>
      </trkpt>
      <trkpt lat="41.816659053773066" lon="123.6809698929301">
        <ele>0.0</ele>
        <time>2026-09-15T21:30:09Z</time>
        <extensions>
          <gpxtpx:TrackPointExtension>
            <gpxtpx:hr>184</gpxtpx:hr>
          </gpxtpx:TrackPointExtension>
        </extensions>
      </trkpt>
      <trkpt lat="41.81674113521786" lon="123.68092499049826">
        <ele>0.0</ele>
        <time>2026-09-15T21:30:12Z</time>
        <extensions>
          <gpxtpx:TrackPointExtension>
            <gpxtpx:hr>181</gpxtpx:hr>
          </gpxtpx:TrackPointExtension>
        </extensions>
      </trkpt>
      <trkpt lat="41.816816198436" lon="123.68089006485899">
        <ele>0.0</ele>
        <time>2026-09-15T21:30:15Z</time>
        <extensions>
          <gpxtpx:TrackPointExtension>
            <gpxtpx:hr>178</gpxtpx:hr>
          </gpxtpx:TrackPointExtension>
        </extensions>
      </trkpt>
      <trkpt lat="41.816892261660136" lon="123.68085513910236">
        <ele>0.0</ele>
        <time>2026-09-15T21:30:18Z</time>
        <extensions>
          <gpxtpx:TrackPointExtension>
            <gpxtpx:hr>180</gpxtpx:hr>
          </gpxtpx:TrackPointExtension>
        </extensions>
      </trkpt>
      <trkpt lat="41.81696532861378" lon="123.68081821862435">
        <ele>0.0</ele>
        <time>2026-09-15T21:30:21Z</time>
        <extensions>
          <gpxtpx:TrackPointExtension>
            <gpxtpx:hr>182</gpxtpx:hr>
          </gpxtpx:TrackPointExtension>
        </extensions>
      </trkpt>
      <trkpt lat="41.817042379012314" lon="123.6807902758149">
        <ele>0.0</ele>
        <time>2026-09-15T21:30:24Z</time>
        <extensions>
          <gpxtpx:TrackPointExtension>
            <gpxtpx:hr>183</gpxtpx:hr>
          </gpxtpx:TrackPointExtension>
        </extensions>
      </trkpt>
      <trkpt lat="41.817115433149254" lon="123.68076033841659">
        <ele>0.0</ele>
        <time>2026-09-15T21:30:27Z</time>
        <extensions>
          <gpxtpx:TrackPointExtension>
            <gpxtpx:hr>184</gpxtpx:hr>
          </gpxtpx:TrackPointExtension>
        </extensions>
      </trkpt>
      <trkpt lat="41.81719247255753" lon="123.6807383810945">
        <ele>0.0</ele>
        <time>2026-09-15T21:30:30Z</time>
        <extensions>
          <gpxtpx:TrackPointExtension>
            <gpxtpx:hr>185</gpxtpx:hr>
          </gpxtpx:TrackPointExtension>
        </extensions>
      </trkpt>
      <trkpt lat="41.817260508418244" lon="123.68071842017578">
        <ele>0.0</ele>
        <time>2026-09-15T21:30:33Z</time>
        <extensions>
          <gpxtpx:TrackPointExtension>
            <gpxtpx:hr>187</gpxtpx:hr>
          </gpxtpx:TrackPointExtension>
        </extensions>
      </trkpt>
      <trkpt lat="41.8173325442368" lon="123.68069845871155">
        <ele>0.0</ele>
        <time>2026-09-15T21:30:36Z</time>
        <extensions>
          <gpxtpx:TrackPointExtension>
            <gpxtpx:hr>187</gpxtpx:hr>
          </gpxtpx:TrackPointExtension>
        </extensions>
      </trkpt>
      <trkpt lat="41.817415579925445" lon="123.68067849573549">
        <ele>0.0</ele>
        <time>2026-09-15T21:30:39Z</time>
        <extensions>
          <gpxtpx:TrackPointExtension>
            <gpxtpx:hr>185</gpxtpx:hr>
          </gpxtpx:TrackPointExtension>
        </extensions>
      </trkpt>
      <trkpt lat="41.817492615700296" lon="123.68065853359441">
        <ele>0.0</ele>
        <time>2026-09-15T21:30:42Z</time>
        <extensions>
          <gpxtpx:TrackPointExtension>
            <gpxtpx:hr>185</gpxtpx:hr>
          </gpxtpx:TrackPointExtension>
        </extensions>
      </trkpt>
      <trkpt lat="41.81757364224707" lon="123.68064355878337">
        <ele>0.0</ele>
        <time>2026-09-15T21:30:45Z</time>
        <extensions>
          <gpxtpx:TrackPointExtension>
            <gpxtpx:hr>185</gpxtpx:hr>
          </gpxtpx:TrackPointExtension>
        </extensions>
      </trkpt>
      <trkpt lat="41.81765765406359" lon="123.68063656416162">
        <ele>0.0</ele>
        <time>2026-09-15T21:30:48Z</time>
        <extensions>
          <gpxtpx:TrackPointExtension>
            <gpxtpx:hr>184</gpxtpx:hr>
          </gpxtpx:TrackPointExtension>
        </extensions>
      </trkpt>
      <trkpt lat="41.81773866776184" lon="123.68062857237994">
        <ele>0.0</ele>
        <time>2026-09-15T21:30:51Z</time>
        <extensions>
          <gpxtpx:TrackPointExtension>
            <gpxtpx:hr>184</gpxtpx:hr>
          </gpxtpx:TrackPointExtension>
        </extensions>
      </trkpt>
      <trkpt lat="41.81781369072968" lon="123.68061559355405">
        <ele>0.0</ele>
        <time>2026-09-15T21:30:54Z</time>
        <extensions>
          <gpxtpx:TrackPointExtension>
            <gpxtpx:hr>181</gpxtpx:hr>
          </gpxtpx:TrackPointExtension>
        </extensions>
      </trkpt>
      <trkpt lat="41.817898698878615" lon="123.68061059394668">
        <ele>0.0</ele>
        <time>2026-09-15T21:30:57Z</time>
        <extensions>
          <gpxtpx:TrackPointExtension>
            <gpxtpx:hr>179</gpxtpx:hr>
          </gpxtpx:TrackPointExtension>
        </extensions>
      </trkpt>
      <trkpt lat="41.81798070707079" lon="123.68060559475386">
        <ele>0.0</ele>
        <time>2026-09-15T21:31:00Z</time>
        <extensions>
          <gpxtpx:TrackPointExtension>
            <gpxtpx:hr>177</gpxtpx:hr>
          </gpxtpx:TrackPointExtension>
        </extensions>
      </trkpt>
      <trkpt lat="41.81806071345542" lon="123.68060159341196">
        <ele>0.0</ele>
        <time>2026-09-15T21:31:03Z</time>
        <extensions>
          <gpxtpx:TrackPointExtension>
            <gpxtpx:hr>179</gpxtpx:hr>
          </gpxtpx:TrackPointExtension>
        </extensions>
      </trkpt>
      <trkpt lat="41.8181427051178" lon="123.68060557238968">
        <ele>0.0</ele>
        <time>2026-09-15T21:31:06Z</time>
        <extensions>
          <gpxtpx:TrackPointExtension>
            <gpxtpx:hr>179</gpxtpx:hr>
          </gpxtpx:TrackPointExtension>
        </extensions>
      </trkpt>
      <trkpt lat="41.81822369496043" lon="123.68061054908021">
        <ele>0.0</ele>
        <time>2026-09-15T21:31:09Z</time>
        <extensions>
          <gpxtpx:TrackPointExtension>
            <gpxtpx:hr>179</gpxtpx:hr>
          </gpxtpx:TrackPointExtension>
        </extensions>
      </trkpt>
      <trkpt lat="41.818303694010666" lon="123.68061053803605">
        <ele>0.0</ele>
        <time>2026-09-15T21:31:12Z</time>
        <extensions>
          <gpxtpx:TrackPointExtension>
            <gpxtpx:hr>178</gpxtpx:hr>
          </gpxtpx:TrackPointExtension>
        </extensions>
      </trkpt>
      <trkpt lat="41.81838069126406" lon="123.68061152498059">
        <ele>0.0</ele>
        <time>2026-09-15T21:31:15Z</time>
        <extensions>
          <gpxtpx:TrackPointExtension>
            <gpxtpx:hr>179</gpxtpx:hr>
          </gpxtpx:TrackPointExtension>
        </extensions>
      </trkpt>
      <trkpt lat="41.818455662816596" lon="123.68062647824725">
        <ele>0.0</ele>
        <time>2026-09-15T21:31:18Z</time>
        <extensions>
          <gpxtpx:TrackPointExtension>
            <gpxtpx:hr>180</gpxtpx:hr>
          </gpxtpx:TrackPointExtension>
        </extensions>
      </trkpt>
      <trkpt lat="41.818530639889545" lon="123.68063843879234">
        <ele>0.0</ele>
        <time>2026-09-15T21:31:21Z</time>
        <extensions>
          <gpxtpx:TrackPointExtension>
            <gpxtpx:hr>181</gpxtpx:hr>
          </gpxtpx:TrackPointExtension>
        </extensions>
      </trkpt>
      <trkpt lat="41.81861259851403" lon="123.68066037412635">
        <ele>0.0</ele>
        <time>2026-09-15T21:31:24Z</time>
        <extensions>
          <gpxtpx:TrackPointExtension>
            <gpxtpx:hr>183</gpxtpx:hr>
          </gpxtpx:TrackPointExtension>
        </extensions>
      </trkpt>
      <trkpt lat="41.81869256635877" lon="123.68067732186576">
        <ele>0.0</ele>
        <time>2026-09-15T21:31:27Z</time>
        <extensions>
          <gpxtpx:TrackPointExtension>
            <gpxtpx:hr>178</gpxtpx:hr>
          </gpxtpx:TrackPointExtension>
        </extensions>
      </trkpt>
      <trkpt lat="41.81877253604955" lon="123.68069327203385">
        <ele>0.0</ele>
        <time>2026-09-15T21:31:30Z</time>
        <extensions>
          <gpxtpx:TrackPointExtension>
            <gpxtpx:hr>178</gpxtpx:hr>
          </gpxtpx:TrackPointExtension>
        </extensions>
      </trkpt>
      <trkpt lat="41.81885449837915" lon="123.68071321223483">
        <ele>0.0</ele>
        <time>2026-09-15T21:31:33Z</time>
        <extensions>
          <gpxtpx:TrackPointExtension>
            <gpxtpx:hr>179</gpxtpx:hr>
          </gpxtpx:TrackPointExtension>
        </extensions>
      </trkpt>
      <trkpt lat="41.818934444213376" lon="123.6807421309083">
        <ele>0.0</ele>
        <time>2026-09-15T21:31:36Z</time>
        <extensions>
          <gpxtpx:TrackPointExtension>
            <gpxtpx:hr>178</gpxtpx:hr>
          </gpxtpx:TrackPointExtension>
        </extensions>
      </trkpt>
      <trkpt lat="41.81901440107982" lon="123.68076506413254">
        <ele>0.0</ele>
        <time>2026-09-15T21:31:39Z</time>
        <extensions>
          <gpxtpx:TrackPointExtension>
            <gpxtpx:hr>179</gpxtpx:hr>
          </gpxtpx:TrackPointExtension>
        </extensions>
      </trkpt>
      <trkpt lat="41.81909234696493" lon="123.68079398310677">
        <ele>0.0</ele>
        <time>2026-09-15T21:31:42Z</time>
        <extensions>
          <gpxtpx:TrackPointExtension>
            <gpxtpx:hr>178</gpxtpx:hr>
          </gpxtpx:TrackPointExtension>
        </extensions>
      </trkpt>
      <trkpt lat="41.81916728188525" lon="123.68082888797771">
        <ele>0.0</ele>
        <time>2026-09-15T21:31:45Z</time>
        <extensions>
          <gpxtpx:TrackPointExtension>
            <gpxtpx:hr>178</gpxtpx:hr>
          </gpxtpx:TrackPointExtension>
        </extensions>
      </trkpt>
      <trkpt lat="41.81924122968129" lon="123.68085680995605">
        <ele>0.0</ele>
        <time>2026-09-15T21:31:48Z</time>
        <extensions>
          <gpxtpx:TrackPointExtension>
            <gpxtpx:hr>178</gpxtpx:hr>
          </gpxtpx:TrackPointExtension>
        </extensions>
      </trkpt>
      <trkpt lat="41.81931414631175" lon="123.68090169093252">
        <ele>0.0</ele>
        <time>2026-09-15T21:31:51Z</time>
        <extensions>
          <gpxtpx:TrackPointExtension>
            <gpxtpx:hr>178</gpxtpx:hr>
          </gpxtpx:TrackPointExtension>
        </extensions>
      </trkpt>
      <trkpt lat="41.81938708131189" lon="123.68093659614208">
        <ele>0.0</ele>
        <time>2026-09-15T21:31:54Z</time>
        <extensions>
          <gpxtpx:TrackPointExtension>
            <gpxtpx:hr>178</gpxtpx:hr>
          </gpxtpx:TrackPointExtension>
        </extensions>
      </trkpt>
      <trkpt lat="41.819461012652425" lon="123.68097349639504">
        <ele>0.0</ele>
        <time>2026-09-15T21:31:57Z</time>
        <extensions>
          <gpxtpx:TrackPointExtension>
            <gpxtpx:hr>176</gpxtpx:hr>
          </gpxtpx:TrackPointExtension>
        </extensions>
      </trkpt>
      <trkpt lat="41.81952894957816" lon="123.6810074047557">
        <ele>0.0</ele>
        <time>2026-09-15T21:32:00Z</time>
        <extensions>
          <gpxtpx:TrackPointExtension>
            <gpxtpx:hr>179</gpxtpx:hr>
          </gpxtpx:TrackPointExtension>
        </extensions>
      </trkpt>
      <trkpt lat="41.81960286996062" lon="123.68105029054344">
        <ele>0.0</ele>
        <time>2026-09-15T21:32:03Z</time>
        <extensions>
          <gpxtpx:TrackPointExtension>
            <gpxtpx:hr>182</gpxtpx:hr>
          </gpxtpx:TrackPointExtension>
        </extensions>
      </trkpt>
      <trkpt lat="41.819672799573986" lon="123.68108818900166">
        <ele>0.0</ele>
        <time>2026-09-15T21:32:06Z</time>
        <extensions>
          <gpxtpx:TrackPointExtension>
            <gpxtpx:hr>186</gpxtpx:hr>
          </gpxtpx:TrackPointExtension>
        </extensions>
      </trkpt>
      <trkpt lat="41.81974370904615" lon="123.68113706076183">
        <ele>0.0</ele>
        <time>2026-09-15T21:32:09Z</time>
        <extensions>
          <gpxtpx:TrackPointExtension>
            <gpxtpx:hr>183</gpxtpx:hr>
          </gpxtpx:TrackPointExtension>
        </extensions>
      </trkpt>
      <trkpt lat="41.81981760753142" lon="123.68119191765362">
        <ele>0.0</ele>
        <time>2026-09-15T21:32:12Z</time>
        <extensions>
          <gpxtpx:TrackPointExtension>
            <gpxtpx:hr>183</gpxtpx:hr>
          </gpxtpx:TrackPointExtension>
        </extensions>
      </trkpt>
      <trkpt lat="41.81988749694538" lon="123.6812517630753">
        <ele>0.0</ele>
        <time>2026-09-15T21:32:15Z</time>
        <extensions>
          <gpxtpx:TrackPointExtension>
            <gpxtpx:hr>184</gpxtpx:hr>
          </gpxtpx:TrackPointExtension>
        </extensions>
      </trkpt>
      <trkpt lat="41.81995439558634" lon="123.681306621041">
        <ele>0.0</ele>
        <time>2026-09-15T21:32:18Z</time>
        <extensions>
          <gpxtpx:TrackPointExtension>
            <gpxtpx:hr>185</gpxtpx:hr>
          </gpxtpx:TrackPointExtension>
        </extensions>
      </trkpt>
      <trkpt lat="41.820019299775275" lon="123.68135848657299">
        <ele>0.0</ele>
        <time>2026-09-15T21:32:21Z</time>
        <extensions>
          <gpxtpx:TrackPointExtension>
            <gpxtpx:hr>183</gpxtpx:hr>
          </gpxtpx:TrackPointExtension>
        </extensions>
      </trkpt>
      <trkpt lat="41.82008118574394" lon="123.68142032844663">
        <ele>0.0</ele>
        <time>2026-09-15T21:32:24Z</time>
        <extensions>
          <gpxtpx:TrackPointExtension>
            <gpxtpx:hr>186</gpxtpx:hr>
          </gpxtpx:TrackPointExtension>
        </extensions>
      </trkpt>
      <trkpt lat="41.820144075407" lon="123.68148017506974">
        <ele>0.0</ele>
        <time>2026-09-15T21:32:27Z</time>
        <extensions>
          <gpxtpx:TrackPointExtension>
            <gpxtpx:hr>186</gpxtpx:hr>
          </gpxtpx:TrackPointExtension>
        </extensions>
      </trkpt>
      <trkpt lat="41.820208952306125" lon="123.68154700461103">
        <ele>0.0</ele>
        <time>2026-09-15T21:32:30Z</time>
        <extensions>
          <gpxtpx:TrackPointExtension>
            <gpxtpx:hr>188</gpxtpx:hr>
          </gpxtpx:TrackPointExtension>
        </extensions>
      </trkpt>
      <trkpt lat="41.820265818385366" lon="123.68161982088455">
        <ele>0.0</ele>
        <time>2026-09-15T21:32:33Z</time>
        <extensions>
          <gpxtpx:TrackPointExtension>
            <gpxtpx:hr>186</gpxtpx:hr>
          </gpxtpx:TrackPointExtension>
        </extensions>
      </trkpt>
      <trkpt lat="41.82032769178263" lon="123.6816886461886">
        <ele>0.0</ele>
        <time>2026-09-15T21:32:36Z</time>
        <extensions>
          <gpxtpx:TrackPointExtension>
            <gpxtpx:hr>187</gpxtpx:hr>
          </gpxtpx:TrackPointExtension>
        </extensions>
      </trkpt>
      <trkpt lat="41.82039255608795" lon="123.68176245913205">
        <ele>0.0</ele>
        <time>2026-09-15T21:32:39Z</time>
        <extensions>
          <gpxtpx:TrackPointExtension>
            <gpxtpx:hr>187</gpxtpx:hr>
          </gpxtpx:TrackPointExtension>
        </extensions>
      </trkpt>
      <trkpt lat="41.82044740414998" lon="123.68184525191258">
        <ele>0.0</ele>
        <time>2026-09-15T21:32:42Z</time>
        <extensions>
          <gpxtpx:TrackPointExtension>
            <gpxtpx:hr>189</gpxtpx:hr>
          </gpxtpx:TrackPointExtension>
        </extensions>
      </trkpt>
      <trkpt lat="41.82050126688836" lon="123.68192006417641">
        <ele>0.0</ele>
        <time>2026-09-15T21:32:45Z</time>
        <extensions>
          <gpxtpx:TrackPointExtension>
            <gpxtpx:hr>179</gpxtpx:hr>
          </gpxtpx:TrackPointExtension>
        </extensions>
      </trkpt>
      <trkpt lat="41.82055712056996" lon="123.68199986425522">
        <ele>0.0</ele>
        <time>2026-09-15T21:32:48Z</time>
        <extensions>
          <gpxtpx:TrackPointExtension>
            <gpxtpx:hr>174</gpxtpx:hr>
          </gpxtpx:TrackPointExtension>
        </extensions>
      </trkpt>
      <trkpt lat="41.82060698167376" lon="123.68207567487745">
        <ele>0.0</ele>
        <time>2026-09-15T21:32:51Z</time>
        <extensions>
          <gpxtpx:TrackPointExtension>
            <gpxtpx:hr>172</gpxtpx:hr>
          </gpxtpx:TrackPointExtension>
        </extensions>
      </trkpt>
      <trkpt lat="41.82063882118952" lon="123.68216345930352">
        <ele>0.0</ele>
        <time>2026-09-15T21:32:54Z</time>
        <extensions>
          <gpxtpx:TrackPointExtension>
            <gpxtpx:hr>173</gpxtpx:hr>
          </gpxtpx:TrackPointExtension>
        </extensions>
      </trkpt>
      <trkpt lat="41.8206556300344" lon="123.68226820519257">
        <ele>0.0</ele>
        <time>2026-09-15T21:32:57Z</time>
        <extensions>
          <gpxtpx:TrackPointExtension>
            <gpxtpx:hr>170</gpxtpx:hr>
          </gpxtpx:TrackPointExtension>
        </extensions>
      </trkpt>
      <trkpt lat="41.82064242840595" lon="123.68237894105602">
        <ele>0.0</ele>
        <time>2026-09-15T21:33:00Z</time>
        <extensions>
          <gpxtpx:TrackPointExtension>
            <gpxtpx:hr>171</gpxtpx:hr>
          </gpxtpx:TrackPointExtension>
        </extensions>
      </trkpt>
      <trkpt lat="41.82061723431073" lon="123.68248568837264">
        <ele>0.0</ele>
        <time>2026-09-15T21:33:03Z</time>
        <extensions>
          <gpxtpx:TrackPointExtension>
            <gpxtpx:hr>170</gpxtpx:hr>
          </gpxtpx:TrackPointExtension>
        </extensions>
      </trkpt>
      <trkpt lat="41.82060903837999" lon="123.68259343115973">
        <ele>0.0</ele>
        <time>2026-09-15T21:33:06Z</time>
        <extensions>
          <gpxtpx:TrackPointExtension>
            <gpxtpx:hr>172</gpxtpx:hr>
          </gpxtpx:TrackPointExtension>
        </extensions>
      </trkpt>
      <trkpt lat="41.82062885320137" lon="123.68269518462692">
        <ele>0.0</ele>
        <time>2026-09-15T21:33:09Z</time>
        <extensions>
          <gpxtpx:TrackPointExtension>
            <gpxtpx:hr>182</gpxtpx:hr>
          </gpxtpx:TrackPointExtension>
        </extensions>
      </trkpt>
      <trkpt lat="41.82066870782011" lon="123.68277498804348">
        <ele>0.0</ele>
        <time>2026-09-15T21:33:12Z</time>
        <extensions>
          <gpxtpx:TrackPointExtension>
            <gpxtpx:hr>182</gpxtpx:hr>
          </gpxtpx:TrackPointExtension>
        </extensions>
      </trkpt>
      <trkpt lat="41.82073459486905" lon="123.68283683093756">
        <ele>0.0</ele>
        <time>2026-09-15T21:33:15Z</time>
        <extensions>
          <gpxtpx:TrackPointExtension>
            <gpxtpx:hr>182</gpxtpx:hr>
          </gpxtpx:TrackPointExtension>
        </extensions>
      </trkpt>
      <trkpt lat="41.82080551270044" lon="123.6828817137628">
        <ele>0.0</ele>
        <time>2026-09-15T21:33:18Z</time>
        <extensions>
          <gpxtpx:TrackPointExtension>
            <gpxtpx:hr>181</gpxtpx:hr>
          </gpxtpx:TrackPointExtension>
        </extensions>
      </trkpt>
      <trkpt lat="41.82087743779279" lon="123.68292260602618">
        <ele>0.0</ele>
        <time>2026-09-15T21:33:21Z</time>
        <extensions>
          <gpxtpx:TrackPointExtension>
            <gpxtpx:hr>184</gpxtpx:hr>
          </gpxtpx:TrackPointExtension>
        </extensions>
      </trkpt>
      <trkpt lat="41.82094033585594" lon="123.68297846380698">
        <ele>0.0</ele>
        <time>2026-09-15T21:33:24Z</time>
        <extensions>
          <gpxtpx:TrackPointExtension>
            <gpxtpx:hr>186</gpxtpx:hr>
          </gpxtpx:TrackPointExtension>
        </extensions>
      </trkpt>
      <trkpt lat="41.820984169042575" lon="123.68307023850919">
        <ele>0.0</ele>
        <time>2026-09-15T21:33:27Z</time>
        <extensions>
          <gpxtpx:TrackPointExtension>
            <gpxtpx:hr>189</gpxtpx:hr>
          </gpxtpx:TrackPointExtension>
        </extensions>
      </trkpt>
      <trkpt lat="41.821016980762536" lon="123.68317398632954">
        <ele>0.0</ele>
        <time>2026-09-15T21:33:30Z</time>
        <extensions>
          <gpxtpx:TrackPointExtension>
            <gpxtpx:hr>189</gpxtpx:hr>
          </gpxtpx:TrackPointExtension>
        </extensions>
      </trkpt>
      <trkpt lat="41.82104879443964" lon="123.683276736871">
        <ele>0.0</ele>
        <time>2026-09-15T21:33:33Z</time>
        <extensions>
          <gpxtpx:TrackPointExtension>
            <gpxtpx:hr>188</gpxtpx:hr>
          </gpxtpx:TrackPointExtension>
        </extensions>
      </trkpt>
      <trkpt lat="41.82107260652783" lon="123.68338048634388">
        <ele>0.0</ele>
        <time>2026-09-15T21:33:36Z</time>
        <extensions>
          <gpxtpx:TrackPointExtension>
            <gpxtpx:hr>186</gpxtpx:hr>
          </gpxtpx:TrackPointExtension>
        </extensions>
      </trkpt>
      <trkpt lat="41.82109242240213" lon="123.68348224132474">
        <ele>0.0</ele>
        <time>2026-09-15T21:33:39Z</time>
        <extensions>
          <gpxtpx:TrackPointExtension>
            <gpxtpx:hr>186</gpxtpx:hr>
          </gpxtpx:TrackPointExtension>
        </extensions>
      </trkpt>
      <trkpt lat="41.82110722765419" lon="123.68358998296455">
        <ele>0.0</ele>
        <time>2026-09-15T21:33:42Z</time>
        <extensions>
          <gpxtpx:TrackPointExtension>
            <gpxtpx:hr>185</gpxtpx:hr>
          </gpxtpx:TrackPointExtension>
        </extensions>
      </trkpt>
      <trkpt lat="41.82111903668991" lon="123.68369572998458">
        <ele>0.0</ele>
        <time>2026-09-15T21:33:45Z</time>
        <extensions>
          <gpxtpx:TrackPointExtension>
            <gpxtpx:hr>185</gpxtpx:hr>
          </gpxtpx:TrackPointExtension>
        </extensions>
      </trkpt>
      <trkpt lat="41.82113384225242" lon="123.68380347207305">
        <ele>0.0</ele>
        <time>2026-09-15T21:33:48Z</time>
        <extensions>
          <gpxtpx:TrackPointExtension>
            <gpxtpx:hr>184</gpxtpx:hr>
          </gpxtpx:TrackPointExtension>
        </extensions>
      </trkpt>
      <trkpt lat="41.82113964086906" lon="123.68391520617088">
        <ele>0.0</ele>
        <time>2026-09-15T21:33:51Z</time>
        <extensions>
          <gpxtpx:TrackPointExtension>
            <gpxtpx:hr>184</gpxtpx:hr>
          </gpxtpx:TrackPointExtension>
        </extensions>
      </trkpt>
      <trkpt lat="41.82114545042842" lon="123.68402095469641">
        <ele>0.0</ele>
        <time>2026-09-15T21:33:54Z</time>
        <extensions>
          <gpxtpx:TrackPointExtension>
            <gpxtpx:hr>185</gpxtpx:hr>
          </gpxtpx:TrackPointExtension>
        </extensions>
      </trkpt>
      <trkpt lat="41.82115125296611" lon="123.68413069399865">
        <ele>0.0</ele>
        <time>2026-09-15T21:33:57Z</time>
        <extensions>
          <gpxtpx:TrackPointExtension>
            <gpxtpx:hr>184</gpxtpx:hr>
          </gpxtpx:TrackPointExtension>
        </extensions>
      </trkpt>
      <trkpt lat="41.821151055725984" lon="123.68424043437078">
        <ele>0.0</ele>
        <time>2026-09-15T21:34:00Z</time>
        <extensions>
          <gpxtpx:TrackPointExtension>
            <gpxtpx:hr>183</gpxtpx:hr>
          </gpxtpx:TrackPointExtension>
        </extensions>
      </trkpt>
      <trkpt lat="41.82114585869973" lon="123.68435017567592">
        <ele>0.0</ele>
        <time>2026-09-15T21:34:03Z</time>
        <extensions>
          <gpxtpx:TrackPointExtension>
            <gpxtpx:hr>189</gpxtpx:hr>
          </gpxtpx:TrackPointExtension>
        </extensions>
      </trkpt>
      <trkpt lat="41.82113566725623" lon="123.6844569249797">
        <ele>0.0</ele>
        <time>2026-09-15T21:34:06Z</time>
        <extensions>
          <gpxtpx:TrackPointExtension>
            <gpxtpx:hr>190</gpxtpx:hr>
          </gpxtpx:TrackPointExtension>
        </extensions>
      </trkpt>
      <trkpt lat="41.82112647775166" lon="123.68456267672929">
        <ele>0.0</ele>
        <time>2026-09-15T21:34:09Z</time>
        <extensions>
          <gpxtpx:TrackPointExtension>
            <gpxtpx:hr>189</gpxtpx:hr>
          </gpxtpx:TrackPointExtension>
        </extensions>
      </trkpt>
      <trkpt lat="41.82111929017311" lon="123.68466743078112">
        <ele>0.0</ele>
        <time>2026-09-15T21:34:12Z</time>
        <extensions>
          <gpxtpx:TrackPointExtension>
            <gpxtpx:hr>187</gpxtpx:hr>
          </gpxtpx:TrackPointExtension>
        </extensions>
      </trkpt>
      <trkpt lat="41.82111410630178" lon="123.68477018947827">
        <ele>0.0</ele>
        <time>2026-09-15T21:34:15Z</time>
        <extensions>
          <gpxtpx:TrackPointExtension>
            <gpxtpx:hr>185</gpxtpx:hr>
          </gpxtpx:TrackPointExtension>
        </extensions>
      </trkpt>
      <trkpt lat="41.82110890296475" lon="123.68488392258506">
        <ele>0.0</ele>
        <time>2026-09-15T21:34:18Z</time>
        <extensions>
          <gpxtpx:TrackPointExtension>
            <gpxtpx:hr>185</gpxtpx:hr>
          </gpxtpx:TrackPointExtension>
        </extensions>
      </trkpt>
      <trkpt lat="41.821112708638275" lon="123.68499266643437">
        <ele>0.0</ele>
        <time>2026-09-15T21:34:21Z</time>
        <extensions>
          <gpxtpx:TrackPointExtension>
            <gpxtpx:hr>190</gpxtpx:hr>
          </gpxtpx:TrackPointExtension>
        </extensions>
      </trkpt>
      <trkpt lat="41.821119503774405" lon="123.68510739606613">
        <ele>0.0</ele>
        <time>2026-09-15T21:34:24Z</time>
        <extensions>
          <gpxtpx:TrackPointExtension>
            <gpxtpx:hr>189</gpxtpx:hr>
          </gpxtpx:TrackPointExtension>
        </extensions>
      </trkpt>
      <trkpt lat="41.82112431334783" lon="123.6852141449625">
        <ele>0.0</ele>
        <time>2026-09-15T21:34:27Z</time>
        <extensions>
          <gpxtpx:TrackPointExtension>
            <gpxtpx:hr>185</gpxtpx:hr>
          </gpxtpx:TrackPointExtension>
        </extensions>
      </trkpt>
      <trkpt lat="41.82112812665091" lon="123.68531889891055">
        <ele>0.0</ele>
        <time>2026-09-15T21:34:30Z</time>
        <extensions>
          <gpxtpx:TrackPointExtension>
            <gpxtpx:hr>186</gpxtpx:hr>
          </gpxtpx:TrackPointExtension>
        </extensions>
      </trkpt>
      <trkpt lat="41.82113393121976" lon="123.68542864114026">
        <ele>0.0</ele>
        <time>2026-09-15T21:34:33Z</time>
        <extensions>
          <gpxtpx:TrackPointExtension>
            <gpxtpx:hr>185</gpxtpx:hr>
          </gpxtpx:TrackPointExtension>
        </extensions>
      </trkpt>
      <trkpt lat="41.821149742968764" lon="123.68553439157249">
        <ele>0.0</ele>
        <time>2026-09-15T21:34:36Z</time>
        <extensions>
          <gpxtpx:TrackPointExtension>
            <gpxtpx:hr>188</gpxtpx:hr>
          </gpxtpx:TrackPointExtension>
        </extensions>
      </trkpt>
      <trkpt lat="41.82116256022838" lon="123.68563714964844">
        <ele>0.0</ele>
        <time>2026-09-15T21:34:39Z</time>
        <extensions>
          <gpxtpx:TrackPointExtension>
            <gpxtpx:hr>193</gpxtpx:hr>
          </gpxtpx:TrackPointExtension>
        </extensions>
      </trkpt>
      <trkpt lat="41.82117938469164" lon="123.68573591670976">
        <ele>0.0</ele>
        <time>2026-09-15T21:34:42Z</time>
        <extensions>
          <gpxtpx:TrackPointExtension>
            <gpxtpx:hr>190</gpxtpx:hr>
          </gpxtpx:TrackPointExtension>
        </extensions>
      </trkpt>
      <trkpt lat="41.821199207504385" lon="123.68583568124005">
        <ele>0.0</ele>
        <time>2026-09-15T21:34:45Z</time>
        <extensions>
          <gpxtpx:TrackPointExtension>
            <gpxtpx:hr>188</gpxtpx:hr>
          </gpxtpx:TrackPointExtension>
        </extensions>
      </trkpt>
      <trkpt lat="41.82121903577072" lon="123.68593245295686">
        <ele>0.0</ele>
        <time>2026-09-15T21:34:48Z</time>
        <extensions>
          <gpxtpx:TrackPointExtension>
            <gpxtpx:hr>187</gpxtpx:hr>
          </gpxtpx:TrackPointExtension>
        </extensions>
      </trkpt>
      <trkpt lat="41.82124285177817" lon="123.68603620807173">
        <ele>0.0</ele>
        <time>2026-09-15T21:34:51Z</time>
        <extensions>
          <gpxtpx:TrackPointExtension>
            <gpxtpx:hr>187</gpxtpx:hr>
          </gpxtpx:TrackPointExtension>
        </extensions>
      </trkpt>
      <trkpt lat="41.82126568207679" lon="123.68613198211501">
        <ele>0.0</ele>
        <time>2026-09-15T21:34:54Z</time>
        <extensions>
          <gpxtpx:TrackPointExtension>
            <gpxtpx:hr>186</gpxtpx:hr>
          </gpxtpx:TrackPointExtension>
        </extensions>
      </trkpt>
      <trkpt lat="41.82129451069777" lon="123.68622875321182">
        <ele>0.0</ele>
        <time>2026-09-15T21:34:57Z</time>
        <extensions>
          <gpxtpx:TrackPointExtension>
            <gpxtpx:hr>184</gpxtpx:hr>
          </gpxtpx:TrackPointExtension>
        </extensions>
      </trkpt>
      <trkpt lat="41.82132233242496" lon="123.68632951539155">
        <ele>0.0</ele>
        <time>2026-09-15T21:35:00Z</time>
        <extensions>
          <gpxtpx:TrackPointExtension>
            <gpxtpx:hr>184</gpxtpx:hr>
          </gpxtpx:TrackPointExtension>
        </extensions>
      </trkpt>
      <trkpt lat="41.82135316484365" lon="123.68642429125867">
        <ele>0.0</ele>
        <time>2026-09-15T21:35:03Z</time>
        <extensions>
          <gpxtpx:TrackPointExtension>
            <gpxtpx:hr>179</gpxtpx:hr>
          </gpxtpx:TrackPointExtension>
        </extensions>
      </trkpt>
      <trkpt lat="41.82138299389354" lon="123.686521062841">
        <ele>0.0</ele>
        <time>2026-09-15T21:35:06Z</time>
        <extensions>
          <gpxtpx:TrackPointExtension>
            <gpxtpx:hr>177</gpxtpx:hr>
          </gpxtpx:TrackPointExtension>
        </extensions>
      </trkpt>
      <trkpt lat="41.8214108301372" lon="123.68661384414365">
        <ele>0.0</ele>
        <time>2026-09-15T21:35:09Z</time>
        <extensions>
          <gpxtpx:TrackPointExtension>
            <gpxtpx:hr>170</gpxtpx:hr>
          </gpxtpx:TrackPointExtension>
        </extensions>
      </trkpt>
      <trkpt lat="41.82144466295007" lon="123.68670862019499">
        <ele>0.0</ele>
        <time>2026-09-15T21:35:12Z</time>
        <extensions>
          <gpxtpx:TrackPointExtension>
            <gpxtpx:hr>167</gpxtpx:hr>
          </gpxtpx:TrackPointExtension>
        </extensions>
      </trkpt>
      <trkpt lat="41.821481494123454" lon="123.68680439372804">
        <ele>0.0</ele>
        <time>2026-09-15T21:35:15Z</time>
        <extensions>
          <gpxtpx:TrackPointExtension>
            <gpxtpx:hr>156</gpxtpx:hr>
          </gpxtpx:TrackPointExtension>
        </extensions>
      </trkpt>
      <trkpt lat="41.821521332427345" lon="123.68689617626265">
        <ele>0.0</ele>
        <time>2026-09-15T21:35:18Z</time>
        <extensions>
          <gpxtpx:TrackPointExtension>
            <gpxtpx:hr>143</gpxtpx:hr>
          </gpxtpx:TrackPointExtension>
        </extensions>
      </trkpt>
      <trkpt lat="41.82154415175145" lon="123.68699893603456">
        <ele>0.0</ele>
        <time>2026-09-15T21:35:21Z</time>
        <extensions>
          <gpxtpx:TrackPointExtension>
            <gpxtpx:hr>134</gpxtpx:hr>
          </gpxtpx:TrackPointExtension>
        </extensions>
      </trkpt>
      <trkpt lat="41.82154396969857" lon="123.6871026969295">
        <ele>0.0</ele>
        <time>2026-09-15T21:35:24Z</time>
        <extensions>
          <gpxtpx:TrackPointExtension>
            <gpxtpx:hr>134</gpxtpx:hr>
          </gpxtpx:TrackPointExtension>
        </extensions>
      </trkpt>
      <trkpt lat="41.82151979851982" lon="123.68720047516335">
        <ele>0.0</ele>
        <time>2026-09-15T21:35:27Z</time>
        <extensions>
          <gpxtpx:TrackPointExtension>
            <gpxtpx:hr>136</gpxtpx:hr>
          </gpxtpx:TrackPointExtension>
        </extensions>
      </trkpt>
      <trkpt lat="41.821454675025294" lon="123.68727132121879">
        <ele>0.0</ele>
        <time>2026-09-15T21:35:30Z</time>
        <extensions>
          <gpxtpx:TrackPointExtension>
            <gpxtpx:hr>136</gpxtpx:hr>
          </gpxtpx:TrackPointExtension>
        </extensions>
      </trkpt>
      <trkpt lat="41.82138457086577" lon="123.6873311932995">
        <ele>0.0</ele>
        <time>2026-09-15T21:35:33Z</time>
        <extensions>
          <gpxtpx:TrackPointExtension>
            <gpxtpx:hr>136</gpxtpx:hr>
          </gpxtpx:TrackPointExtension>
        </extensions>
      </trkpt>
      <trkpt lat="41.821316480711204" lon="123.68738308351743">
        <ele>0.0</ele>
        <time>2026-09-15T21:35:36Z</time>
        <extensions>
          <gpxtpx:TrackPointExtension>
            <gpxtpx:hr>135</gpxtpx:hr>
          </gpxtpx:TrackPointExtension>
        </extensions>
      </trkpt>
      <trkpt lat="41.82124938361777" lon="123.6874389644984">
        <ele>0.0</ele>
        <time>2026-09-15T21:35:39Z</time>
        <extensions>
          <gpxtpx:TrackPointExtension>
            <gpxtpx:hr>136</gpxtpx:hr>
          </gpxtpx:TrackPointExtension>
        </extensions>
      </trkpt>
      <trkpt lat="41.82118429004725" lon="123.68749284985294">
        <ele>0.0</ele>
        <time>2026-09-15T21:35:42Z</time>
        <extensions>
          <gpxtpx:TrackPointExtension>
            <gpxtpx:hr>137</gpxtpx:hr>
          </gpxtpx:TrackPointExtension>
        </extensions>
      </trkpt>
      <trkpt lat="41.82111421922858" lon="123.68753376570872">
        <ele>0.0</ele>
        <time>2026-09-15T21:35:45Z</time>
        <extensions>
          <gpxtpx:TrackPointExtension>
            <gpxtpx:hr>139</gpxtpx:hr>
          </gpxtpx:TrackPointExtension>
        </extensions>
      </trkpt>
      <trkpt lat="41.821051117020914" lon="123.68759263947199">
        <ele>0.0</ele>
        <time>2026-09-15T21:35:48Z</time>
        <extensions>
          <gpxtpx:TrackPointExtension>
            <gpxtpx:hr>138</gpxtpx:hr>
          </gpxtpx:TrackPointExtension>
        </extensions>
      </trkpt>
      <trkpt lat="41.820983021883826" lon="123.68764752314902">
        <ele>0.0</ele>
        <time>2026-09-15T21:35:51Z</time>
        <extensions>
          <gpxtpx:TrackPointExtension>
            <gpxtpx:hr>136</gpxtpx:hr>
          </gpxtpx:TrackPointExtension>
        </extensions>
      </trkpt>
      <trkpt lat="41.82091791981171" lon="123.68770639734535">
        <ele>0.0</ele>
        <time>2026-09-15T21:35:54Z</time>
        <extensions>
          <gpxtpx:TrackPointExtension>
            <gpxtpx:hr>135</gpxtpx:hr>
          </gpxtpx:TrackPointExtension>
        </extensions>
      </trkpt>
      <trkpt lat="41.820855824727644" lon="123.6877612803385">
        <ele>0.0</ele>
        <time>2026-09-15T21:35:57Z</time>
        <extensions>
          <gpxtpx:TrackPointExtension>
            <gpxtpx:hr>136</gpxtpx:hr>
          </gpxtpx:TrackPointExtension>
        </extensions>
      </trkpt>
      <trkpt lat="41.820796727929554" lon="123.68781716070596">
        <ele>0.0</ele>
        <time>2026-09-15T21:36:00Z</time>
        <extensions>
          <gpxtpx:TrackPointExtension>
            <gpxtpx:hr>137</gpxtpx:hr>
          </gpxtpx:TrackPointExtension>
        </extensions>
      </trkpt>
      <trkpt lat="41.82072962605142" lon="123.68787603541352">
        <ele>0.0</ele>
        <time>2026-09-15T21:36:03Z</time>
        <extensions>
          <gpxtpx:TrackPointExtension>
            <gpxtpx:hr>138</gpxtpx:hr>
          </gpxtpx:TrackPointExtension>
        </extensions>
      </trkpt>
      <trkpt lat="41.82066652245947" lon="123.68793590737083">
        <ele>0.0</ele>
        <time>2026-09-15T21:36:06Z</time>
        <extensions>
          <gpxtpx:TrackPointExtension>
            <gpxtpx:hr>138</gpxtpx:hr>
          </gpxtpx:TrackPointExtension>
        </extensions>
      </trkpt>
      <trkpt lat="41.82060242414575" lon="123.6879927863829">
        <ele>0.0</ele>
        <time>2026-09-15T21:36:09Z</time>
        <extensions>
          <gpxtpx:TrackPointExtension>
            <gpxtpx:hr>138</gpxtpx:hr>
          </gpxtpx:TrackPointExtension>
        </extensions>
      </trkpt>
      <trkpt lat="41.82054133279725" lon="123.68804567416048">
        <ele>0.0</ele>
        <time>2026-09-15T21:36:12Z</time>
        <extensions>
          <gpxtpx:TrackPointExtension>
            <gpxtpx:hr>138</gpxtpx:hr>
          </gpxtpx:TrackPointExtension>
        </extensions>
      </trkpt>
      <trkpt lat="41.82047324330107" lon="123.68809756524766">
        <ele>0.0</ele>
        <time>2026-09-15T21:36:15Z</time>
        <extensions>
          <gpxtpx:TrackPointExtension>
            <gpxtpx:hr>139</gpxtpx:hr>
          </gpxtpx:TrackPointExtension>
        </extensions>
      </trkpt>
      <trkpt lat="41.82040413653812" lon="123.68815943380301">
        <ele>0.0</ele>
        <time>2026-09-15T21:36:18Z</time>
        <extensions>
          <gpxtpx:TrackPointExtension>
            <gpxtpx:hr>138</gpxtpx:hr>
          </gpxtpx:TrackPointExtension>
        </extensions>
      </trkpt>
      <trkpt lat="41.82033404197387" lon="123.68821431849146">
        <ele>0.0</ele>
        <time>2026-09-15T21:36:21Z</time>
        <extensions>
          <gpxtpx:TrackPointExtension>
            <gpxtpx:hr>136</gpxtpx:hr>
          </gpxtpx:TrackPointExtension>
        </extensions>
      </trkpt>
      <trkpt lat="41.820265956097764" lon="123.688264214329">
        <ele>0.0</ele>
        <time>2026-09-15T21:36:24Z</time>
        <extensions>
          <gpxtpx:TrackPointExtension>
            <gpxtpx:hr>135</gpxtpx:hr>
          </gpxtpx:TrackPointExtension>
        </extensions>
      </trkpt>
      <trkpt lat="41.820199863327815" lon="123.68831810087116">
        <ele>0.0</ele>
        <time>2026-09-15T21:36:27Z</time>
        <extensions>
          <gpxtpx:TrackPointExtension>
            <gpxtpx:hr>136</gpxtpx:hr>
          </gpxtpx:TrackPointExtension>
        </extensions>
      </trkpt>
      <trkpt lat="41.820135768861284" lon="123.68837298493808">
        <ele>0.0</ele>
        <time>2026-09-15T21:36:30Z</time>
        <extensions>
          <gpxtpx:TrackPointExtension>
            <gpxtpx:hr>136</gpxtpx:hr>
          </gpxtpx:TrackPointExtension>
        </extensions>
      </trkpt>
      <trkpt lat="41.820072664071255" lon="123.68843385533815">
        <ele>0.0</ele>
        <time>2026-09-15T21:36:33Z</time>
        <extensions>
          <gpxtpx:TrackPointExtension>
            <gpxtpx:hr>136</gpxtpx:hr>
          </gpxtpx:TrackPointExtension>
        </extensions>
      </trkpt>
      <trkpt lat="41.82000956280107" lon="123.68849273035812">
        <ele>0.0</ele>
        <time>2026-09-15T21:36:36Z</time>
        <extensions>
          <gpxtpx:TrackPointExtension>
            <gpxtpx:hr>136</gpxtpx:hr>
          </gpxtpx:TrackPointExtension>
        </extensions>
      </trkpt>
      <trkpt lat="41.81994446333968" lon="123.6885506080025">
        <ele>0.0</ele>
        <time>2026-09-15T21:36:39Z</time>
        <extensions>
          <gpxtpx:TrackPointExtension>
            <gpxtpx:hr>137</gpxtpx:hr>
          </gpxtpx:TrackPointExtension>
        </extensions>
      </trkpt>
      <trkpt lat="41.819876362245154" lon="123.68860948388051">
        <ele>0.0</ele>
        <time>2026-09-15T21:36:42Z</time>
        <extensions>
          <gpxtpx:TrackPointExtension>
            <gpxtpx:hr>138</gpxtpx:hr>
          </gpxtpx:TrackPointExtension>
        </extensions>
      </trkpt>
      <trkpt lat="41.819819254203054" lon="123.68867234927643">
        <ele>0.0</ele>
        <time>2026-09-15T21:36:45Z</time>
        <extensions>
          <gpxtpx:TrackPointExtension>
            <gpxtpx:hr>138</gpxtpx:hr>
          </gpxtpx:TrackPointExtension>
        </extensions>
      </trkpt>
      <trkpt lat="41.81975114806965" lon="123.68873421854997">
        <ele>0.0</ele>
        <time>2026-09-15T21:36:48Z</time>
        <extensions>
          <gpxtpx:TrackPointExtension>
            <gpxtpx:hr>138</gpxtpx:hr>
          </gpxtpx:TrackPointExtension>
        </extensions>
      </trkpt>
      <trkpt lat="41.81969005570629" lon="123.68878810501296">
        <ele>0.0</ele>
        <time>2026-09-15T21:36:51Z</time>
        <extensions>
          <gpxtpx:TrackPointExtension>
            <gpxtpx:hr>138</gpxtpx:hr>
          </gpxtpx:TrackPointExtension>
        </extensions>
      </trkpt>
      <trkpt lat="41.81962097380711" lon="123.68883600619554">
        <ele>0.0</ele>
        <time>2026-09-15T21:36:54Z</time>
        <extensions>
          <gpxtpx:TrackPointExtension>
            <gpxtpx:hr>136</gpxtpx:hr>
          </gpxtpx:TrackPointExtension>
        </extensions>
      </trkpt>
      <trkpt lat="41.81955287473928" lon="123.68889388473863">
        <ele>0.0</ele>
        <time>2026-09-15T21:36:57Z</time>
        <extensions>
          <gpxtpx:TrackPointExtension>
            <gpxtpx:hr>137</gpxtpx:hr>
          </gpxtpx:TrackPointExtension>
        </extensions>
      </trkpt>
      <trkpt lat="41.819487773981855" lon="123.6889527606946">
        <ele>0.0</ele>
        <time>2026-09-15T21:37:00Z</time>
        <extensions>
          <gpxtpx:TrackPointExtension>
            <gpxtpx:hr>137</gpxtpx:hr>
          </gpxtpx:TrackPointExtension>
        </extensions>
      </trkpt>
      <trkpt lat="41.819421680171104" lon="123.68900764588523">
        <ele>0.0</ele>
        <time>2026-09-15T21:37:03Z</time>
        <extensions>
          <gpxtpx:TrackPointExtension>
            <gpxtpx:hr>136</gpxtpx:hr>
          </gpxtpx:TrackPointExtension>
        </extensions>
      </trkpt>
      <trkpt lat="41.8193595829385" lon="123.68906452609365">
        <ele>0.0</ele>
        <time>2026-09-15T21:37:06Z</time>
        <extensions>
          <gpxtpx:TrackPointExtension>
            <gpxtpx:hr>136</gpxtpx:hr>
          </gpxtpx:TrackPointExtension>
        </extensions>
      </trkpt>
      <trkpt lat="41.819291484114785" lon="123.6891224049622">
        <ele>0.0</ele>
        <time>2026-09-15T21:37:09Z</time>
        <extensions>
          <gpxtpx:TrackPointExtension>
            <gpxtpx:hr>135</gpxtpx:hr>
          </gpxtpx:TrackPointExtension>
        </extensions>
      </trkpt>
      <trkpt lat="41.819209435253555" lon="123.68915135106978">
        <ele>0.0</ele>
        <time>2026-09-15T21:37:12Z</time>
        <extensions>
          <gpxtpx:TrackPointExtension>
            <gpxtpx:hr>134</gpxtpx:hr>
          </gpxtpx:TrackPointExtension>
        </extensions>
      </trkpt>
      <trkpt lat="41.819129485897726" lon="123.68912242737962">
        <ele>0.0</ele>
        <time>2026-09-15T21:37:15Z</time>
        <extensions>
          <gpxtpx:TrackPointExtension>
            <gpxtpx:hr>134</gpxtpx:hr>
          </gpxtpx:TrackPointExtension>
        </extensions>
      </trkpt>
      <trkpt lat="41.819057589697096" lon="123.68906257238639">
        <ele>0.0</ele>
        <time>2026-09-15T21:37:18Z</time>
        <extensions>
          <gpxtpx:TrackPointExtension>
            <gpxtpx:hr>136</gpxtpx:hr>
          </gpxtpx:TrackPointExtension>
        </extensions>
      </trkpt>
      <trkpt lat="41.81900473974816" lon="123.68897577568988">
        <ele>0.0</ele>
        <time>2026-09-15T21:37:21Z</time>
        <extensions>
          <gpxtpx:TrackPointExtension>
            <gpxtpx:hr>136</gpxtpx:hr>
          </gpxtpx:TrackPointExtension>
        </extensions>
      </trkpt>
      <trkpt lat="41.81895289508103" lon="123.68888598580675">
        <ele>0.0</ele>
        <time>2026-09-15T21:37:24Z</time>
        <extensions>
          <gpxtpx:TrackPointExtension>
            <gpxtpx:hr>134</gpxtpx:hr>
          </gpxtpx:TrackPointExtension>
        </extensions>
      </trkpt>
      <trkpt lat="41.818900054009724" lon="123.68879420077477">
        <ele>0.0</ele>
        <time>2026-09-15T21:37:27Z</time>
        <extensions>
          <gpxtpx:TrackPointExtension>
            <gpxtpx:hr>135</gpxtpx:hr>
          </gpxtpx:TrackPointExtension>
        </extensions>
      </trkpt>
      <trkpt lat="41.81885419577327" lon="123.68871239237802">
        <ele>0.0</ele>
        <time>2026-09-15T21:37:30Z</time>
        <extensions>
          <gpxtpx:TrackPointExtension>
            <gpxtpx:hr>135</gpxtpx:hr>
          </gpxtpx:TrackPointExtension>
        </extensions>
      </trkpt>
      <trkpt lat="41.81880433769843" lon="123.688630584697">
        <ele>0.0</ele>
        <time>2026-09-15T21:37:33Z</time>
        <extensions>
          <gpxtpx:TrackPointExtension>
            <gpxtpx:hr>136</gpxtpx:hr>
          </gpxtpx:TrackPointExtension>
        </extensions>
      </trkpt>
      <trkpt lat="41.81875147804802" lon="123.68854977532891">
        <ele>0.0</ele>
        <time>2026-09-15T21:37:36Z</time>
        <extensions>
          <gpxtpx:TrackPointExtension>
            <gpxtpx:hr>136</gpxtpx:hr>
          </gpxtpx:TrackPointExtension>
        </extensions>
      </trkpt>
      <trkpt lat="41.81869661507924" lon="123.68847096186317">
        <ele>0.0</ele>
        <time>2026-09-15T21:37:39Z</time>
        <extensions>
          <gpxtpx:TrackPointExtension>
            <gpxtpx:hr>137</gpxtpx:hr>
          </gpxtpx:TrackPointExtension>
        </extensions>
      </trkpt>
      <trkpt lat="41.81864074877255" lon="123.68839414414964">
        <ele>0.0</ele>
        <time>2026-09-15T21:37:42Z</time>
        <extensions>
          <gpxtpx:TrackPointExtension>
            <gpxtpx:hr>137</gpxtpx:hr>
          </gpxtpx:TrackPointExtension>
        </extensions>
      </trkpt>
      <trkpt lat="41.81858487910846" lon="123.68831932203848">
        <ele>0.0</ele>
        <time>2026-09-15T21:37:45Z</time>
        <extensions>
          <gpxtpx:TrackPointExtension>
            <gpxtpx:hr>137</gpxtpx:hr>
          </gpxtpx:TrackPointExtension>
        </extensions>
      </trkpt>
      <trkpt lat="41.81852600092097" lon="123.68824948912018">
        <ele>0.0</ele>
        <time>2026-09-15T21:37:48Z</time>
        <extensions>
          <gpxtpx:TrackPointExtension>
            <gpxtpx:hr>139</gpxtpx:hr>
          </gpxtpx:TrackPointExtension>
        </extensions>
      </trkpt>
      <trkpt lat="41.81846812627096" lon="123.6881776607252">
        <ele>0.0</ele>
        <time>2026-09-15T21:37:51Z</time>
        <extensions>
          <gpxtpx:TrackPointExtension>
            <gpxtpx:hr>137</gpxtpx:hr>
          </gpxtpx:TrackPointExtension>
        </extensions>
      </trkpt>
      <trkpt lat="41.818409237855384" lon="123.6881138143957">
        <ele>0.0</ele>
        <time>2026-09-15T21:37:54Z</time>
        <extensions>
          <gpxtpx:TrackPointExtension>
            <gpxtpx:hr>135</gpxtpx:hr>
          </gpxtpx:TrackPointExtension>
        </extensions>
      </trkpt>
      <trkpt lat="41.81834735128053" lon="123.68804897085354">
        <ele>0.0</ele>
        <time>2026-09-15T21:37:57Z</time>
        <extensions>
          <gpxtpx:TrackPointExtension>
            <gpxtpx:hr>136</gpxtpx:hr>
          </gpxtpx:TrackPointExtension>
        </extensions>
      </trkpt>
      <trkpt lat="41.81828445264349" lon="123.68799111160787">
        <ele>0.0</ele>
        <time>2026-09-15T21:38:00Z</time>
        <extensions>
          <gpxtpx:TrackPointExtension>
            <gpxtpx:hr>131</gpxtpx:hr>
          </gpxtpx:TrackPointExtension>
        </extensions>
      </trkpt>
      <trkpt lat="41.81821954888069" lon="123.68793624588204">
        <ele>0.0</ele>
        <time>2026-09-15T21:38:03Z</time>
        <extensions>
          <gpxtpx:TrackPointExtension>
            <gpxtpx:hr>133</gpxtpx:hr>
          </gpxtpx:TrackPointExtension>
        </extensions>
      </trkpt>
      <trkpt lat="41.81815664862177" lon="123.68787938450991">
        <ele>0.0</ele>
        <time>2026-09-15T21:38:06Z</time>
        <extensions>
          <gpxtpx:TrackPointExtension>
            <gpxtpx:hr>138</gpxtpx:hr>
          </gpxtpx:TrackPointExtension>
        </extensions>
      </trkpt>
      <trkpt lat="41.81809073628985" lon="123.6878295076609">
        <ele>0.0</ele>
        <time>2026-09-15T21:38:09Z</time>
        <extensions>
          <gpxtpx:TrackPointExtension>
            <gpxtpx:hr>138</gpxtpx:hr>
          </gpxtpx:TrackPointExtension>
        </extensions>
      </trkpt>
      <trkpt lat="41.81802983263643" lon="123.6877746415896">
        <ele>0.0</ele>
        <time>2026-09-15T21:38:12Z</time>
        <extensions>
          <gpxtpx:TrackPointExtension>
            <gpxtpx:hr>139</gpxtpx:hr>
          </gpxtpx:TrackPointExtension>
        </extensions>
      </trkpt>
      <trkpt lat="41.817964918646204" lon="123.68772576244082">
        <ele>0.0</ele>
        <time>2026-09-15T21:38:15Z</time>
        <extensions>
          <gpxtpx:TrackPointExtension>
            <gpxtpx:hr>140</gpxtpx:hr>
          </gpxtpx:TrackPointExtension>
        </extensions>
      </trkpt>
      <trkpt lat="41.81790100642722" lon="123.68767588549395">
        <ele>0.0</ele>
        <time>2026-09-15T21:38:18Z</time>
        <extensions>
          <gpxtpx:TrackPointExtension>
            <gpxtpx:hr>139</gpxtpx:hr>
          </gpxtpx:TrackPointExtension>
        </extensions>
      </trkpt>
      <trkpt lat="41.81783409080689" lon="123.68762800444834">
        <ele>0.0</ele>
        <time>2026-09-15T21:38:21Z</time>
        <extensions>
          <gpxtpx:TrackPointExtension>
            <gpxtpx:hr>134</gpxtpx:hr>
          </gpxtpx:TrackPointExtension>
        </extensions>
      </trkpt>
      <trkpt lat="41.81776617698239" lon="123.68757912588107">
        <ele>0.0</ele>
        <time>2026-09-15T21:38:24Z</time>
        <extensions>
          <gpxtpx:TrackPointExtension>
            <gpxtpx:hr>131</gpxtpx:hr>
          </gpxtpx:TrackPointExtension>
        </extensions>
      </trkpt>
      <trkpt lat="41.81769725275672" lon="123.68753623377998">
        <ele>0.0</ele>
        <time>2026-09-15T21:38:27Z</time>
        <extensions>
          <gpxtpx:TrackPointExtension>
            <gpxtpx:hr>132</gpxtpx:hr>
          </gpxtpx:TrackPointExtension>
        </extensions>
      </trkpt>
      <trkpt lat="41.81762932332265" lon="123.68749633471668">
        <ele>0.0</ele>
        <time>2026-09-15T21:38:30Z</time>
        <extensions>
          <gpxtpx:TrackPointExtension>
            <gpxtpx:hr>136</gpxtpx:hr>
          </gpxtpx:TrackPointExtension>
        </extensions>
      </trkpt>
      <trkpt lat="41.817557380016986" lon="123.68746441792669">
        <ele>0.0</ele>
        <time>2026-09-15T21:38:33Z</time>
        <extensions>
          <gpxtpx:TrackPointExtension>
            <gpxtpx:hr>135</gpxtpx:hr>
          </gpxtpx:TrackPointExtension>
        </extensions>
      </trkpt>
      <trkpt lat="41.81748444023397" lon="123.68743050587887">
        <ele>0.0</ele>
        <time>2026-09-15T21:38:36Z</time>
        <extensions>
          <gpxtpx:TrackPointExtension>
            <gpxtpx:hr>140</gpxtpx:hr>
          </gpxtpx:TrackPointExtension>
        </extensions>
      </trkpt>
      <trkpt lat="41.81741649343141" lon="123.6874005840019">
        <ele>0.0</ele>
        <time>2026-09-15T21:38:39Z</time>
        <extensions>
          <gpxtpx:TrackPointExtension>
            <gpxtpx:hr>143</gpxtpx:hr>
          </gpxtpx:TrackPointExtension>
        </extensions>
      </trkpt>
      <trkpt lat="41.8173425414876" lon="123.68737365610045">
        <ele>0.0</ele>
        <time>2026-09-15T21:38:42Z</time>
        <extensions>
          <gpxtpx:TrackPointExtension>
            <gpxtpx:hr>145</gpxtpx:hr>
          </gpxtpx:TrackPointExtension>
        </extensions>
      </trkpt>
      <trkpt lat="41.81726657911157" lon="123.68735271473945">
        <ele>0.0</ele>
        <time>2026-09-15T21:38:45Z</time>
        <extensions>
          <gpxtpx:TrackPointExtension>
            <gpxtpx:hr>142</gpxtpx:hr>
          </gpxtpx:TrackPointExtension>
        </extensions>
      </trkpt>
      <trkpt lat="41.817189615014684" lon="123.6873327712342">
        <ele>0.0</ele>
        <time>2026-09-15T21:38:48Z</time>
        <extensions>
          <gpxtpx:TrackPointExtension>
            <gpxtpx:hr>139</gpxtpx:hr>
          </gpxtpx:TrackPointExtension>
        </extensions>
      </trkpt>
      <trkpt lat="41.817112654422324" lon="123.68731083232392">
        <ele>0.0</ele>
        <time>2026-09-15T21:38:51Z</time>
        <extensions>
          <gpxtpx:TrackPointExtension>
            <gpxtpx:hr>140</gpxtpx:hr>
          </gpxtpx:TrackPointExtension>
        </extensions>
      </trkpt>
      <trkpt lat="41.81703467289663" lon="123.68730086604245">
        <ele>0.0</ele>
        <time>2026-09-15T21:38:54Z</time>
        <extensions>
          <gpxtpx:TrackPointExtension>
            <gpxtpx:hr>139</gpxtpx:hr>
          </gpxtpx:TrackPointExtension>
        </extensions>
      </trkpt>
      <trkpt lat="41.81695268793697" lon="123.6872928957295">
        <ele>0.0</ele>
        <time>2026-09-15T21:38:57Z</time>
        <extensions>
          <gpxtpx:TrackPointExtension>
            <gpxtpx:hr>136</gpxtpx:hr>
          </gpxtpx:TrackPointExtension>
        </extensions>
      </trkpt>
      <trkpt lat="41.81687469594493" lon="123.68728891569056">
        <ele>0.0</ele>
        <time>2026-09-15T21:39:00Z</time>
        <extensions>
          <gpxtpx:TrackPointExtension>
            <gpxtpx:hr>134</gpxtpx:hr>
          </gpxtpx:TrackPointExtension>
        </extensions>
      </trkpt>
      <trkpt lat="41.816795688251524" lon="123.68729391514887">
        <ele>0.0</ele>
        <time>2026-09-15T21:39:03Z</time>
        <extensions>
          <gpxtpx:TrackPointExtension>
            <gpxtpx:hr>134</gpxtpx:hr>
          </gpxtpx:TrackPointExtension>
        </extensions>
      </trkpt>
      <trkpt lat="41.816719680524386" lon="123.68729891419284">
        <ele>0.0</ele>
        <time>2026-09-15T21:39:06Z</time>
        <extensions>
          <gpxtpx:TrackPointExtension>
            <gpxtpx:hr>132</gpxtpx:hr>
          </gpxtpx:TrackPointExtension>
        </extensions>
      </trkpt>
      <trkpt lat="41.816642672816265" lon="123.68730391337569">
        <ele>0.0</ele>
        <time>2026-09-15T21:39:09Z</time>
        <extensions>
          <gpxtpx:TrackPointExtension>
            <gpxtpx:hr>132</gpxtpx:hr>
          </gpxtpx:TrackPointExtension>
        </extensions>
      </trkpt>
      <trkpt lat="41.81656066518101" lon="123.68730891325058">
        <ele>0.0</ele>
        <time>2026-09-15T21:39:12Z</time>
        <extensions>
          <gpxtpx:TrackPointExtension>
            <gpxtpx:hr>132</gpxtpx:hr>
          </gpxtpx:TrackPointExtension>
        </extensions>
      </trkpt>
      <trkpt lat="41.81648264876695" lon="123.68731890110854">
        <ele>0.0</ele>
        <time>2026-09-15T21:39:15Z</time>
        <extensions>
          <gpxtpx:TrackPointExtension>
            <gpxtpx:hr>156</gpxtpx:hr>
          </gpxtpx:TrackPointExtension>
        </extensions>
      </trkpt>
      <trkpt lat="41.81640064638341" lon="123.6873209078633">
        <ele>0.0</ele>
        <time>2026-09-15T21:39:18Z</time>
        <extensions>
          <gpxtpx:TrackPointExtension>
            <gpxtpx:hr>158</gpxtpx:hr>
          </gpxtpx:TrackPointExtension>
        </extensions>
      </trkpt>
      <trkpt lat="41.81632262125264" lon="123.68733588426174">
        <ele>0.0</ele>
        <time>2026-09-15T21:39:21Z</time>
        <extensions>
          <gpxtpx:TrackPointExtension>
            <gpxtpx:hr>166</gpxtpx:hr>
          </gpxtpx:TrackPointExtension>
        </extensions>
      </trkpt>
      <trkpt lat="41.816246592612224" lon="123.68735285580475">
        <ele>0.0</ele>
        <time>2026-09-15T21:39:24Z</time>
        <extensions>
          <gpxtpx:TrackPointExtension>
            <gpxtpx:hr>171</gpxtpx:hr>
          </gpxtpx:TrackPointExtension>
        </extensions>
      </trkpt>
      <trkpt lat="41.81616656752769" lon="123.68736783249089">
        <ele>0.0</ele>
        <time>2026-09-15T21:39:27Z</time>
        <extensions>
          <gpxtpx:TrackPointExtension>
            <gpxtpx:hr>170</gpxtpx:hr>
          </gpxtpx:TrackPointExtension>
        </extensions>
      </trkpt>
      <trkpt lat="41.81608253203703" lon="123.68738879598797">
        <ele>0.0</ele>
        <time>2026-09-15T21:39:30Z</time>
        <extensions>
          <gpxtpx:TrackPointExtension>
            <gpxtpx:hr>172</gpxtpx:hr>
          </gpxtpx:TrackPointExtension>
        </extensions>
      </trkpt>
      <trkpt lat="41.81600649819331" lon="123.68740876067957">
        <ele>0.0</ele>
        <time>2026-09-15T21:39:33Z</time>
        <extensions>
          <gpxtpx:TrackPointExtension>
            <gpxtpx:hr>173</gpxtpx:hr>
          </gpxtpx:TrackPointExtension>
        </extensions>
      </trkpt>
      <trkpt lat="41.81592746614775" lon="123.68742772808562">
        <ele>0.0</ele>
        <time>2026-09-15T21:39:36Z</time>
        <extensions>
          <gpxtpx:TrackPointExtension>
            <gpxtpx:hr>172</gpxtpx:hr>
          </gpxtpx:TrackPointExtension>
        </extensions>
      </trkpt>
      <trkpt lat="41.81584742715118" lon="123.68745068647917">
        <ele>0.0</ele>
        <time>2026-09-15T21:39:39Z</time>
        <extensions>
          <gpxtpx:TrackPointExtension>
            <gpxtpx:hr>173</gpxtpx:hr>
          </gpxtpx:TrackPointExtension>
        </extensions>
      </trkpt>
      <trkpt lat="41.81576639341445" lon="123.68747065189102">
        <ele>0.0</ele>
        <time>2026-09-15T21:39:42Z</time>
        <extensions>
          <gpxtpx:TrackPointExtension>
            <gpxtpx:hr>173</gpxtpx:hr>
          </gpxtpx:TrackPointExtension>
        </extensions>
      </trkpt>
      <trkpt lat="41.81568935265956" lon="123.68749460760391">
        <ele>0.0</ele>
        <time>2026-09-15T21:39:45Z</time>
        <extensions>
          <gpxtpx:TrackPointExtension>
            <gpxtpx:hr>173</gpxtpx:hr>
          </gpxtpx:TrackPointExtension>
        </extensions>
      </trkpt>
      <trkpt lat="41.815612313662434" lon="123.68751756561834">
        <ele>0.0</ele>
        <time>2026-09-15T21:39:48Z</time>
        <extensions>
          <gpxtpx:TrackPointExtension>
            <gpxtpx:hr>172</gpxtpx:hr>
          </gpxtpx:TrackPointExtension>
        </extensions>
      </trkpt>
      <trkpt lat="41.815531320051356" lon="123.68751458368516">
        <ele>0.0</ele>
        <time>2026-09-15T21:39:51Z</time>
        <extensions>
          <gpxtpx:TrackPointExtension>
            <gpxtpx:hr>173</gpxtpx:hr>
          </gpxtpx:TrackPointExtension>
        </extensions>
      </trkpt>
      <trkpt lat="41.81545439787064" lon="123.68747069503958">
        <ele>0.0</ele>
        <time>2026-09-15T21:39:54Z</time>
        <extensions>
          <gpxtpx:TrackPointExtension>
            <gpxtpx:hr>167</gpxtpx:hr>
          </gpxtpx:TrackPointExtension>
        </extensions>
      </trkpt>
      <trkpt lat="41.815386533173445" lon="123.68739388078541">
        <ele>0.0</ele>
        <time>2026-09-15T21:39:57Z</time>
        <extensions>
          <gpxtpx:TrackPointExtension>
            <gpxtpx:hr>169</gpxtpx:hr>
          </gpxtpx:TrackPointExtension>
        </extensions>
      </trkpt>
      <trkpt lat="41.815355725673626" lon="123.68728413722518">
        <ele>0.0</ele>
        <time>2026-09-15T21:40:00Z</time>
        <extensions>
          <gpxtpx:TrackPointExtension>
            <gpxtpx:hr>165</gpxtpx:hr>
          </gpxtpx:TrackPointExtension>
        </extensions>
      </trkpt>
      <trkpt lat="41.815332913006365" lon="123.68717738594698">
        <ele>0.0</ele>
        <time>2026-09-15T21:40:03Z</time>
        <extensions>
          <gpxtpx:TrackPointExtension>
            <gpxtpx:hr>163</gpxtpx:hr>
          </gpxtpx:TrackPointExtension>
        </extensions>
      </trkpt>
      <trkpt lat="41.81531410221392" lon="123.68706963667455">
        <ele>0.0</ele>
        <time>2026-09-15T21:40:06Z</time>
        <extensions>
          <gpxtpx:TrackPointExtension>
            <gpxtpx:hr>165</gpxtpx:hr>
          </gpxtpx:TrackPointExtension>
        </extensions>
      </trkpt>
      <trkpt lat="41.81529128991303" lon="123.68696288591853">
        <ele>0.0</ele>
        <time>2026-09-15T21:40:09Z</time>
        <extensions>
          <gpxtpx:TrackPointExtension>
            <gpxtpx:hr>166</gpxtpx:hr>
          </gpxtpx:TrackPointExtension>
        </extensions>
      </trkpt>
      <trkpt lat="41.81526747605425" lon="123.68685713325569">
        <ele>0.0</ele>
        <time>2026-09-15T21:40:12Z</time>
        <extensions>
          <gpxtpx:TrackPointExtension>
            <gpxtpx:hr>170</gpxtpx:hr>
          </gpxtpx:TrackPointExtension>
        </extensions>
      </trkpt>
      <trkpt lat="41.81524966579523" lon="123.68674938462678">
        <ele>0.0</ele>
        <time>2026-09-15T21:40:15Z</time>
        <extensions>
          <gpxtpx:TrackPointExtension>
            <gpxtpx:hr>172</gpxtpx:hr>
          </gpxtpx:TrackPointExtension>
        </extensions>
      </trkpt>
      <trkpt lat="41.81522285409353" lon="123.68664263519489">
        <ele>0.0</ele>
        <time>2026-09-15T21:40:18Z</time>
        <extensions>
          <gpxtpx:TrackPointExtension>
            <gpxtpx:hr>169</gpxtpx:hr>
          </gpxtpx:TrackPointExtension>
        </extensions>
      </trkpt>
      <trkpt lat="41.81519905131973" lon="123.68653089715538">
        <ele>0.0</ele>
        <time>2026-09-15T21:40:21Z</time>
        <extensions>
          <gpxtpx:TrackPointExtension>
            <gpxtpx:hr>174</gpxtpx:hr>
          </gpxtpx:TrackPointExtension>
        </extensions>
      </trkpt>
      <trkpt lat="41.81517423995341" lon="123.68642414796707">
        <ele>0.0</ele>
        <time>2026-09-15T21:40:24Z</time>
        <extensions>
          <gpxtpx:TrackPointExtension>
            <gpxtpx:hr>171</gpxtpx:hr>
          </gpxtpx:TrackPointExtension>
        </extensions>
      </trkpt>
      <trkpt lat="41.81515144106871" lon="123.68631041496207">
        <ele>0.0</ele>
        <time>2026-09-15T21:40:27Z</time>
        <extensions>
          <gpxtpx:TrackPointExtension>
            <gpxtpx:hr>174</gpxtpx:hr>
          </gpxtpx:TrackPointExtension>
        </extensions>
      </trkpt>
      <trkpt lat="41.815129640605015" lon="123.686197679786">
        <ele>0.0</ele>
        <time>2026-09-15T21:40:30Z</time>
        <extensions>
          <gpxtpx:TrackPointExtension>
            <gpxtpx:hr>168</gpxtpx:hr>
          </gpxtpx:TrackPointExtension>
        </extensions>
      </trkpt>
      <trkpt lat="41.81510580682363" lon="123.68610390108238">
        <ele>0.0</ele>
        <time>2026-09-15T21:40:33Z</time>
        <extensions>
          <gpxtpx:TrackPointExtension>
            <gpxtpx:hr>168</gpxtpx:hr>
          </gpxtpx:TrackPointExtension>
        </extensions>
      </trkpt>
      <trkpt lat="41.81508399611513" lon="123.68599715248199">
        <ele>0.0</ele>
        <time>2026-09-15T21:40:36Z</time>
        <extensions>
          <gpxtpx:TrackPointExtension>
            <gpxtpx:hr>171</gpxtpx:hr>
          </gpxtpx:TrackPointExtension>
        </extensions>
      </trkpt>
      <trkpt lat="41.815059176782135" lon="123.68589539292151">
        <ele>0.0</ele>
        <time>2026-09-15T21:40:39Z</time>
        <extensions>
          <gpxtpx:TrackPointExtension>
            <gpxtpx:hr>172</gpxtpx:hr>
          </gpxtpx:TrackPointExtension>
        </extensions>
      </trkpt>
      <trkpt lat="41.8150413628122" lon="123.68579063959766">
        <ele>0.0</ele>
        <time>2026-09-15T21:40:42Z</time>
        <extensions>
          <gpxtpx:TrackPointExtension>
            <gpxtpx:hr>172</gpxtpx:hr>
          </gpxtpx:TrackPointExtension>
        </extensions>
      </trkpt>
      <trkpt lat="41.81501754023887" lon="123.68569087569506">
        <ele>0.0</ele>
        <time>2026-09-15T21:40:45Z</time>
        <extensions>
          <gpxtpx:TrackPointExtension>
            <gpxtpx:hr>170</gpxtpx:hr>
          </gpxtpx:TrackPointExtension>
        </extensions>
      </trkpt>
      <trkpt lat="41.81499573019613" lon="123.68558412804708">
        <ele>0.0</ele>
        <time>2026-09-15T21:40:48Z</time>
        <extensions>
          <gpxtpx:TrackPointExtension>
            <gpxtpx:hr>170</gpxtpx:hr>
          </gpxtpx:TrackPointExtension>
        </extensions>
      </trkpt>
      <trkpt lat="41.81497391145039" lon="123.68548236897561">
        <ele>0.0</ele>
        <time>2026-09-15T21:40:51Z</time>
        <extensions>
          <gpxtpx:TrackPointExtension>
            <gpxtpx:hr>169</gpxtpx:hr>
          </gpxtpx:TrackPointExtension>
        </extensions>
      </trkpt>
      <trkpt lat="41.81495610523152" lon="123.68537362592022">
        <ele>0.0</ele>
        <time>2026-09-15T21:40:54Z</time>
        <extensions>
          <gpxtpx:TrackPointExtension>
            <gpxtpx:hr>166</gpxtpx:hr>
          </gpxtpx:TrackPointExtension>
        </extensions>
      </trkpt>
      <trkpt lat="41.81493228683264" lon="123.68527186757944">
        <ele>0.0</ele>
        <time>2026-09-15T21:40:57Z</time>
        <extensions>
          <gpxtpx:TrackPointExtension>
            <gpxtpx:hr>172</gpxtpx:hr>
          </gpxtpx:TrackPointExtension>
        </extensions>
      </trkpt>
      <trkpt lat="41.814907473938376" lon="123.68516711661469">
        <ele>0.0</ele>
        <time>2026-09-15T21:41:00Z</time>
        <extensions>
          <gpxtpx:TrackPointExtension>
            <gpxtpx:hr>172</gpxtpx:hr>
          </gpxtpx:TrackPointExtension>
        </extensions>
      </trkpt>
      <trkpt lat="41.814884655832735" lon="123.68506535857716">
        <ele>0.0</ele>
        <time>2026-09-15T21:41:03Z</time>
        <extensions>
          <gpxtpx:TrackPointExtension>
            <gpxtpx:hr>168</gpxtpx:hr>
          </gpxtpx:TrackPointExtension>
        </extensions>
      </trkpt>
      <trkpt lat="41.8148588432691" lon="123.6849606082029">
        <ele>0.0</ele>
        <time>2026-09-15T21:41:06Z</time>
        <extensions>
          <gpxtpx:TrackPointExtension>
            <gpxtpx:hr>166</gpxtpx:hr>
          </gpxtpx:TrackPointExtension>
        </extensions>
      </trkpt>
      <trkpt lat="41.81483402906577" lon="123.68485685557184">
        <ele>0.0</ele>
        <time>2026-09-15T21:41:09Z</time>
        <extensions>
          <gpxtpx:TrackPointExtension>
            <gpxtpx:hr>178</gpxtpx:hr>
          </gpxtpx:TrackPointExtension>
        </extensions>
      </trkpt>
      <trkpt lat="41.814814213157334" lon="123.6847541001237">
        <ele>0.0</ele>
        <time>2026-09-15T21:41:12Z</time>
        <extensions>
          <gpxtpx:TrackPointExtension>
            <gpxtpx:hr>179</gpxtpx:hr>
          </gpxtpx:TrackPointExtension>
        </extensions>
      </trkpt>
      <trkpt lat="41.81479439561348" lon="123.68465234254208">
        <ele>0.0</ele>
        <time>2026-09-15T21:41:15Z</time>
        <extensions>
          <gpxtpx:TrackPointExtension>
            <gpxtpx:hr>177</gpxtpx:hr>
          </gpxtpx:TrackPointExtension>
        </extensions>
      </trkpt>
      <trkpt lat="41.814774581793166" lon="123.6845485898778">
        <ele>0.0</ele>
        <time>2026-09-15T21:41:18Z</time>
        <extensions>
          <gpxtpx:TrackPointExtension>
            <gpxtpx:hr>176</gpxtpx:hr>
          </gpxtpx:TrackPointExtension>
        </extensions>
      </trkpt>
      <trkpt lat="41.814750757448984" lon="123.684450823857">
        <ele>0.0</ele>
        <time>2026-09-15T21:41:21Z</time>
        <extensions>
          <gpxtpx:TrackPointExtension>
            <gpxtpx:hr>177</gpxtpx:hr>
          </gpxtpx:TrackPointExtension>
        </extensions>
      </trkpt>
      <trkpt lat="41.814725943999726" lon="123.68434707230848">
        <ele>0.0</ele>
        <time>2026-09-15T21:41:24Z</time>
        <extensions>
          <gpxtpx:TrackPointExtension>
            <gpxtpx:hr>176</gpxtpx:hr>
          </gpxtpx:TrackPointExtension>
        </extensions>
      </trkpt>
      <trkpt lat="41.81470212351743" lon="123.68424731140361">
        <ele>0.0</ele>
        <time>2026-09-15T21:41:27Z</time>
        <extensions>
          <gpxtpx:TrackPointExtension>
            <gpxtpx:hr>174</gpxtpx:hr>
          </gpxtpx:TrackPointExtension>
        </extensions>
      </trkpt>
      <trkpt lat="41.81468431025797" lon="123.68414355931287">
        <ele>0.0</ele>
        <time>2026-09-15T21:41:30Z</time>
        <extensions>
          <gpxtpx:TrackPointExtension>
            <gpxtpx:hr>173</gpxtpx:hr>
          </gpxtpx:TrackPointExtension>
        </extensions>
      </trkpt>
      <trkpt lat="41.814660495443626" lon="123.68404080590328">
        <ele>0.0</ele>
        <time>2026-09-15T21:41:33Z</time>
        <extensions>
          <gpxtpx:TrackPointExtension>
            <gpxtpx:hr>164</gpxtpx:hr>
          </gpxtpx:TrackPointExtension>
        </extensions>
      </trkpt>
      <trkpt lat="41.814637687946146" lon="123.68393406202534">
        <ele>0.0</ele>
        <time>2026-09-15T21:41:36Z</time>
        <extensions>
          <gpxtpx:TrackPointExtension>
            <gpxtpx:hr>157</gpxtpx:hr>
          </gpxtpx:TrackPointExtension>
        </extensions>
      </trkpt>
      <trkpt lat="41.81461388062036" lon="123.68382731851091">
        <ele>0.0</ele>
        <time>2026-09-15T21:41:39Z</time>
        <extensions>
          <gpxtpx:TrackPointExtension>
            <gpxtpx:hr>147</gpxtpx:hr>
          </gpxtpx:TrackPointExtension>
        </extensions>
      </trkpt>
      <trkpt lat="41.81458706809757" lon="123.68372356852754">
        <ele>0.0</ele>
        <time>2026-09-15T21:41:42Z</time>
        <extensions>
          <gpxtpx:TrackPointExtension>
            <gpxtpx:hr>144</gpxtpx:hr>
          </gpxtpx:TrackPointExtension>
        </extensions>
      </trkpt>
      <trkpt lat="41.81456426106273" lon="123.68361682531588">
        <ele>0.0</ele>
        <time>2026-09-15T21:41:45Z</time>
        <extensions>
          <gpxtpx:TrackPointExtension>
            <gpxtpx:hr>140</gpxtpx:hr>
          </gpxtpx:TrackPointExtension>
        </extensions>
      </trkpt>
      <trkpt lat="41.81453945601458" lon="123.68350908497567">
        <ele>0.0</ele>
        <time>2026-09-15T21:41:48Z</time>
        <extensions>
          <gpxtpx:TrackPointExtension>
            <gpxtpx:hr>141</gpxtpx:hr>
          </gpxtpx:TrackPointExtension>
        </extensions>
      </trkpt>
      <trkpt lat="41.81451564749965" lon="123.68340333997138">
        <ele>0.0</ele>
        <time>2026-09-15T21:41:51Z</time>
        <extensions>
          <gpxtpx:TrackPointExtension>
            <gpxtpx:hr>142</gpxtpx:hr>
          </gpxtpx:TrackPointExtension>
        </extensions>
      </trkpt>
      <trkpt lat="41.81449283370347" lon="123.68330058791227">
        <ele>0.0</ele>
        <time>2026-09-15T21:41:54Z</time>
        <extensions>
          <gpxtpx:TrackPointExtension>
            <gpxtpx:hr>141</gpxtpx:hr>
          </gpxtpx:TrackPointExtension>
        </extensions>
      </trkpt>
      <trkpt lat="41.81446702731928" lon="123.68319384598723">
        <ele>0.0</ele>
        <time>2026-09-15T21:41:57Z</time>
        <extensions>
          <gpxtpx:TrackPointExtension>
            <gpxtpx:hr>140</gpxtpx:hr>
          </gpxtpx:TrackPointExtension>
        </extensions>
      </trkpt>
      <trkpt lat="41.814449224578524" lon="123.68308510793717">
        <ele>0.0</ele>
        <time>2026-09-15T21:42:00Z</time>
        <extensions>
          <gpxtpx:TrackPointExtension>
            <gpxtpx:hr>140</gpxtpx:hr>
          </gpxtpx:TrackPointExtension>
        </extensions>
      </trkpt>
      <trkpt lat="41.81447042682199" lon="123.68297337187516">
        <ele>0.0</ele>
        <time>2026-09-15T21:42:03Z</time>
        <extensions>
          <gpxtpx:TrackPointExtension>
            <gpxtpx:hr>139</gpxtpx:hr>
          </gpxtpx:TrackPointExtension>
        </extensions>
      </trkpt>
      <trkpt lat="41.81453556699573" lon="123.68289554887077">
        <ele>0.0</ele>
        <time>2026-09-15T21:42:06Z</time>
        <extensions>
          <gpxtpx:TrackPointExtension>
            <gpxtpx:hr>139</gpxtpx:hr>
          </gpxtpx:TrackPointExtension>
        </extensions>
      </trkpt>
      <trkpt lat="41.81461066906395" lon="123.68283867448771">
        <ele>0.0</ele>
        <time>2026-09-15T21:42:09Z</time>
        <extensions>
          <gpxtpx:TrackPointExtension>
            <gpxtpx:hr>139</gpxtpx:hr>
          </gpxtpx:TrackPointExtension>
        </extensions>
      </trkpt>
      <trkpt lat="41.81468875845123" lon="123.6827887830417">
        <ele>0.0</ele>
        <time>2026-09-15T21:42:12Z</time>
        <extensions>
          <gpxtpx:TrackPointExtension>
            <gpxtpx:hr>138</gpxtpx:hr>
          </gpxtpx:TrackPointExtension>
        </extensions>
      </trkpt>
      <trkpt lat="41.81476585514073" lon="123.68273490133242">
        <ele>0.0</ele>
        <time>2026-09-15T21:42:15Z</time>
        <extensions>
          <gpxtpx:TrackPointExtension>
            <gpxtpx:hr>139</gpxtpx:hr>
          </gpxtpx:TrackPointExtension>
        </extensions>
      </trkpt>
      <trkpt lat="41.81483894649359" lon="123.68268401306301">
        <ele>0.0</ele>
        <time>2026-09-15T21:42:18Z</time>
        <extensions>
          <gpxtpx:TrackPointExtension>
            <gpxtpx:hr>140</gpxtpx:hr>
          </gpxtpx:TrackPointExtension>
        </extensions>
      </trkpt>
      <trkpt lat="41.81490903611551" lon="123.68263412286638">
        <ele>0.0</ele>
        <time>2026-09-15T21:42:21Z</time>
        <extensions>
          <gpxtpx:TrackPointExtension>
            <gpxtpx:hr>141</gpxtpx:hr>
          </gpxtpx:TrackPointExtension>
        </extensions>
      </trkpt>
      <trkpt lat="41.81498412025636" lon="123.68258722485322">
        <ele>0.0</ele>
        <time>2026-09-15T21:42:24Z</time>
        <extensions>
          <gpxtpx:TrackPointExtension>
            <gpxtpx:hr>141</gpxtpx:hr>
          </gpxtpx:TrackPointExtension>
        </extensions>
      </trkpt>
      <trkpt lat="41.81505222268347" lon="123.68253035176481">
        <ele>0.0</ele>
        <time>2026-09-15T21:42:27Z</time>
        <extensions>
          <gpxtpx:TrackPointExtension>
            <gpxtpx:hr>141</gpxtpx:hr>
          </gpxtpx:TrackPointExtension>
        </extensions>
      </trkpt>
      <trkpt lat="41.81512232694206" lon="123.68247248085292">
        <ele>0.0</ele>
        <time>2026-09-15T21:42:30Z</time>
        <extensions>
          <gpxtpx:TrackPointExtension>
            <gpxtpx:hr>141</gpxtpx:hr>
          </gpxtpx:TrackPointExtension>
        </extensions>
      </trkpt>
      <trkpt lat="41.815187445853006" lon="123.6824066298454">
        <ele>0.0</ele>
        <time>2026-09-15T21:42:33Z</time>
        <extensions>
          <gpxtpx:TrackPointExtension>
            <gpxtpx:hr>141</gpxtpx:hr>
          </gpxtpx:TrackPointExtension>
        </extensions>
      </trkpt>
      <trkpt lat="41.815255559326374" lon="123.6823437713175">
        <ele>0.0</ele>
        <time>2026-09-15T21:42:36Z</time>
        <extensions>
          <gpxtpx:TrackPointExtension>
            <gpxtpx:hr>141</gpxtpx:hr>
          </gpxtpx:TrackPointExtension>
        </extensions>
      </trkpt>
      <trkpt lat="41.815318671108116" lon="123.68228191115614">
        <ele>0.0</ele>
        <time>2026-09-15T21:42:39Z</time>
        <extensions>
          <gpxtpx:TrackPointExtension>
            <gpxtpx:hr>141</gpxtpx:hr>
          </gpxtpx:TrackPointExtension>
        </extensions>
      </trkpt>
      <trkpt lat="41.81538379746393" lon="123.68221206996883">
        <ele>0.0</ele>
        <time>2026-09-15T21:42:42Z</time>
        <extensions>
          <gpxtpx:TrackPointExtension>
            <gpxtpx:hr>141</gpxtpx:hr>
          </gpxtpx:TrackPointExtension>
        </extensions>
      </trkpt>
      <trkpt lat="41.815441927625116" lon="123.68214023463467">
        <ele>0.0</ele>
        <time>2026-09-15T21:42:45Z</time>
        <extensions>
          <gpxtpx:TrackPointExtension>
            <gpxtpx:hr>144</gpxtpx:hr>
          </gpxtpx:TrackPointExtension>
        </extensions>
      </trkpt>
      <trkpt lat="41.815504050512715" lon="123.6820723892409">
        <ele>0.0</ele>
        <time>2026-09-15T21:42:48Z</time>
        <extensions>
          <gpxtpx:TrackPointExtension>
            <gpxtpx:hr>144</gpxtpx:hr>
          </gpxtpx:TrackPointExtension>
        </extensions>
      </trkpt>
      <trkpt lat="41.815561188105164" lon="123.68199656383207">
        <ele>0.0</ele>
        <time>2026-09-15T21:42:51Z</time>
        <extensions>
          <gpxtpx:TrackPointExtension>
            <gpxtpx:hr>144</gpxtpx:hr>
          </gpxtpx:TrackPointExtension>
        </extensions>
      </trkpt>
      <trkpt lat="41.815624323862934" lon="123.68192173529515">
        <ele>0.0</ele>
        <time>2026-09-15T21:42:54Z</time>
        <extensions>
          <gpxtpx:TrackPointExtension>
            <gpxtpx:hr>143</gpxtpx:hr>
          </gpxtpx:TrackPointExtension>
        </extensions>
      </trkpt>
      <trkpt lat="41.81568245976388" lon="123.68184690754886">
        <ele>0.0</ele>
        <time>2026-09-15T21:42:57Z</time>
        <extensions>
          <gpxtpx:TrackPointExtension>
            <gpxtpx:hr>144</gpxtpx:hr>
          </gpxtpx:TrackPointExtension>
        </extensions>
      </trkpt>
      <trkpt lat="41.815740604858156" lon="123.68176709193003">
        <ele>0.0</ele>
        <time>2026-09-15T21:43:00Z</time>
        <extensions>
          <gpxtpx:TrackPointExtension>
            <gpxtpx:hr>145</gpxtpx:hr>
          </gpxtpx:TrackPointExtension>
        </extensions>
      </trkpt>
      <trkpt lat="41.81580374083516" lon="123.68169226369905">
        <ele>0.0</ele>
        <time>2026-09-15T21:43:03Z</time>
        <extensions>
          <gpxtpx:TrackPointExtension>
            <gpxtpx:hr>144</gpxtpx:hr>
          </gpxtpx:TrackPointExtension>
        </extensions>
      </trkpt>
      <trkpt lat="41.81586286780839" lon="123.6816224240785">
        <ele>0.0</ele>
        <time>2026-09-15T21:43:06Z</time>
        <extensions>
          <gpxtpx:TrackPointExtension>
            <gpxtpx:hr>143</gpxtpx:hr>
          </gpxtpx:TrackPointExtension>
        </extensions>
      </trkpt>
      <trkpt lat="41.815925998441436" lon="123.68155058881023">
        <ele>0.0</ele>
        <time>2026-09-15T21:43:09Z</time>
        <extensions>
          <gpxtpx:TrackPointExtension>
            <gpxtpx:hr>143</gpxtpx:hr>
          </gpxtpx:TrackPointExtension>
        </extensions>
      </trkpt>
      <trkpt lat="41.815989132795615" lon="123.68147675845375">
        <ele>0.0</ele>
        <time>2026-09-15T21:43:12Z</time>
        <extensions>
          <gpxtpx:TrackPointExtension>
            <gpxtpx:hr>142</gpxtpx:hr>
          </gpxtpx:TrackPointExtension>
        </extensions>
      </trkpt>
      <trkpt lat="41.81606125612072" lon="123.68140891247842">
        <ele>0.0</ele>
        <time>2026-09-15T21:43:15Z</time>
        <extensions>
          <gpxtpx:TrackPointExtension>
            <gpxtpx:hr>142</gpxtpx:hr>
          </gpxtpx:TrackPointExtension>
        </extensions>
      </trkpt>
      <trkpt lat="41.816132383177994" lon="123.68133907154734">
        <ele>0.0</ele>
        <time>2026-09-15T21:43:18Z</time>
        <extensions>
          <gpxtpx:TrackPointExtension>
            <gpxtpx:hr>144</gpxtpx:hr>
          </gpxtpx:TrackPointExtension>
        </extensions>
      </trkpt>
      <trkpt lat="41.816205495627266" lon="123.68127721111117">
        <ele>0.0</ele>
        <time>2026-09-15T21:43:21Z</time>
        <extensions>
          <gpxtpx:TrackPointExtension>
            <gpxtpx:hr>141</gpxtpx:hr>
          </gpxtpx:TrackPointExtension>
        </extensions>
      </trkpt>
      <trkpt lat="41.816277604478046" lon="123.68121734604887">
        <ele>0.0</ele>
        <time>2026-09-15T21:43:24Z</time>
        <extensions>
          <gpxtpx:TrackPointExtension>
            <gpxtpx:hr>141</gpxtpx:hr>
          </gpxtpx:TrackPointExtension>
        </extensions>
      </trkpt>
      <trkpt lat="41.8163507078669" lon="123.68116047366178">
        <ele>0.0</ele>
        <time>2026-09-15T21:43:27Z</time>
        <extensions>
          <gpxtpx:TrackPointExtension>
            <gpxtpx:hr>141</gpxtpx:hr>
          </gpxtpx:TrackPointExtension>
        </extensions>
      </trkpt>
      <trkpt lat="41.81642280581502" lon="123.68110659421708">
        <ele>0.0</ele>
        <time>2026-09-15T21:43:30Z</time>
        <extensions>
          <gpxtpx:TrackPointExtension>
            <gpxtpx:hr>143</gpxtpx:hr>
          </gpxtpx:TrackPointExtension>
        </extensions>
      </trkpt>
      <trkpt lat="41.81649389831646" lon="123.68105570770635">
        <ele>0.0</ele>
        <time>2026-09-15T21:43:33Z</time>
        <extensions>
          <gpxtpx:TrackPointExtension>
            <gpxtpx:hr>143</gpxtpx:hr>
          </gpxtpx:TrackPointExtension>
        </extensions>
      </trkpt>
      <trkpt lat="41.81656898713195" lon="123.6810068158501">
        <ele>0.0</ele>
        <time>2026-09-15T21:43:36Z</time>
        <extensions>
          <gpxtpx:TrackPointExtension>
            <gpxtpx:hr>143</gpxtpx:hr>
          </gpxtpx:TrackPointExtension>
        </extensions>
      </trkpt>
      <trkpt lat="41.81664906307582" lon="123.68096490640771">
        <ele>0.0</ele>
        <time>2026-09-15T21:43:39Z</time>
        <extensions>
          <gpxtpx:TrackPointExtension>
            <gpxtpx:hr>143</gpxtpx:hr>
          </gpxtpx:TrackPointExtension>
        </extensions>
      </trkpt>
      <trkpt lat="41.81672413544335" lon="123.68092499284519">
        <ele>0.0</ele>
        <time>2026-09-15T21:43:42Z</time>
        <extensions>
          <gpxtpx:TrackPointExtension>
            <gpxtpx:hr>144</gpxtpx:hr>
          </gpxtpx:TrackPointExtension>
        </extensions>
      </trkpt>
      <trkpt lat="41.81680621691617" lon="123.68088009044756">
        <ele>0.0</ele>
        <time>2026-09-15T21:43:45Z</time>
        <extensions>
          <gpxtpx:TrackPointExtension>
            <gpxtpx:hr>145</gpxtpx:hr>
          </gpxtpx:TrackPointExtension>
        </extensions>
      </trkpt>
      <trkpt lat="41.816880285675744" lon="123.68084217223739">
        <ele>0.0</ele>
        <time>2026-09-15T21:43:48Z</time>
        <extensions>
          <gpxtpx:TrackPointExtension>
            <gpxtpx:hr>144</gpxtpx:hr>
          </gpxtpx:TrackPointExtension>
        </extensions>
      </trkpt>
      <trkpt lat="41.81696233966667" lon="123.68081223357038">
        <ele>0.0</ele>
        <time>2026-09-15T21:43:51Z</time>
        <extensions>
          <gpxtpx:TrackPointExtension>
            <gpxtpx:hr>144</gpxtpx:hr>
          </gpxtpx:TrackPointExtension>
        </extensions>
      </trkpt>
      <trkpt lat="41.817047393635" lon="123.68078229450434">
        <ele>0.0</ele>
        <time>2026-09-15T21:43:54Z</time>
        <extensions>
          <gpxtpx:TrackPointExtension>
            <gpxtpx:hr>144</gpxtpx:hr>
          </gpxtpx:TrackPointExtension>
        </extensions>
      </trkpt>
      <trkpt lat="41.81713444575799" lon="123.68075335275432">
        <ele>0.0</ele>
        <time>2026-09-15T21:43:57Z</time>
        <extensions>
          <gpxtpx:TrackPointExtension>
            <gpxtpx:hr>143</gpxtpx:hr>
          </gpxtpx:TrackPointExtension>
        </extensions>
      </trkpt>
      <trkpt lat="41.81722047770774" lon="123.68073538449897">
        <ele>0.0</ele>
        <time>2026-09-15T21:44:00Z</time>
        <extensions>
          <gpxtpx:TrackPointExtension>
            <gpxtpx:hr>142</gpxtpx:hr>
          </gpxtpx:TrackPointExtension>
        </extensions>
      </trkpt>
      <trkpt lat="41.817307528022994" lon="123.68070744034806">
        <ele>0.0</ele>
        <time>2026-09-15T21:44:03Z</time>
        <extensions>
          <gpxtpx:TrackPointExtension>
            <gpxtpx:hr>143</gpxtpx:hr>
          </gpxtpx:TrackPointExtension>
        </extensions>
      </trkpt>
      <trkpt lat="41.8173875802798" lon="123.68067849960087">
        <ele>0.0</ele>
        <time>2026-09-15T21:44:06Z</time>
        <extensions>
          <gpxtpx:TrackPointExtension>
            <gpxtpx:hr>143</gpxtpx:hr>
          </gpxtpx:TrackPointExtension>
        </extensions>
      </trkpt>
      <trkpt lat="41.817472619626734" lon="123.68065654120463">
        <ele>0.0</ele>
        <time>2026-09-15T21:44:09Z</time>
        <extensions>
          <gpxtpx:TrackPointExtension>
            <gpxtpx:hr>143</gpxtpx:hr>
          </gpxtpx:TrackPointExtension>
        </extensions>
      </trkpt>
      <trkpt lat="41.81755565166016" lon="123.68063857339271">
        <ele>0.0</ele>
        <time>2026-09-15T21:44:12Z</time>
        <extensions>
          <gpxtpx:TrackPointExtension>
            <gpxtpx:hr>144</gpxtpx:hr>
          </gpxtpx:TrackPointExtension>
        </extensions>
      </trkpt>
      <trkpt lat="41.8176456817786" lon="123.68062160219465">
        <ele>0.0</ele>
        <time>2026-09-15T21:44:15Z</time>
        <extensions>
          <gpxtpx:TrackPointExtension>
            <gpxtpx:hr>145</gpxtpx:hr>
          </gpxtpx:TrackPointExtension>
        </extensions>
      </trkpt>
      <trkpt lat="41.81772871383214" lon="123.68060363439326">
        <ele>0.0</ele>
        <time>2026-09-15T21:44:18Z</time>
        <extensions>
          <gpxtpx:TrackPointExtension>
            <gpxtpx:hr>144</gpxtpx:hr>
          </gpxtpx:TrackPointExtension>
        </extensions>
      </trkpt>
      <trkpt lat="41.81781273485422" lon="123.68059165190462">
        <ele>0.0</ele>
        <time>2026-09-15T21:44:21Z</time>
        <extensions>
          <gpxtpx:TrackPointExtension>
            <gpxtpx:hr>142</gpxtpx:hr>
          </gpxtpx:TrackPointExtension>
        </extensions>
      </trkpt>
      <trkpt lat="41.8178977301373" lon="123.68059363531908">
        <ele>0.0</ele>
        <time>2026-09-15T21:44:24Z</time>
        <extensions>
          <gpxtpx:TrackPointExtension>
            <gpxtpx:hr>142</gpxtpx:hr>
          </gpxtpx:TrackPointExtension>
        </extensions>
      </trkpt>
      <trkpt lat="41.81797773467827" lon="123.68059063155229">
        <ele>0.0</ele>
        <time>2026-09-15T21:44:27Z</time>
        <extensions>
          <gpxtpx:TrackPointExtension>
            <gpxtpx:hr>144</gpxtpx:hr>
          </gpxtpx:TrackPointExtension>
        </extensions>
      </trkpt>
      <trkpt lat="41.818057746578006" lon="123.68058363748894">
        <ele>0.0</ele>
        <time>2026-09-15T21:44:30Z</time>
        <extensions>
          <gpxtpx:TrackPointExtension>
            <gpxtpx:hr>147</gpxtpx:hr>
          </gpxtpx:TrackPointExtension>
        </extensions>
      </trkpt>
      <trkpt lat="41.81813874928069" lon="123.68058163115867">
        <ele>0.0</ele>
        <time>2026-09-15T21:44:33Z</time>
        <extensions>
          <gpxtpx:TrackPointExtension>
            <gpxtpx:hr>145</gpxtpx:hr>
          </gpxtpx:TrackPointExtension>
        </extensions>
      </trkpt>
      <trkpt lat="41.818218739133606" lon="123.68058660798535">
        <ele>0.0</ele>
        <time>2026-09-15T21:44:36Z</time>
        <extensions>
          <gpxtpx:TrackPointExtension>
            <gpxtpx:hr>145</gpxtpx:hr>
          </gpxtpx:TrackPointExtension>
        </extensions>
      </trkpt>
      <trkpt lat="41.818292725387394" lon="123.68059358078924">
        <ele>0.0</ele>
        <time>2026-09-15T21:44:39Z</time>
        <extensions>
          <gpxtpx:TrackPointExtension>
            <gpxtpx:hr>144</gpxtpx:hr>
          </gpxtpx:TrackPointExtension>
        </extensions>
      </trkpt>
      <trkpt lat="41.81838268756471" lon="123.6806135198537">
        <ele>0.0</ele>
        <time>2026-09-15T21:44:42Z</time>
        <extensions>
          <gpxtpx:TrackPointExtension>
            <gpxtpx:hr>143</gpxtpx:hr>
          </gpxtpx:TrackPointExtension>
        </extensions>
      </trkpt>
      <trkpt lat="41.8184706552903" lon="123.68063046647589">
        <ele>0.0</ele>
        <time>2026-09-15T21:44:45Z</time>
        <extensions>
          <gpxtpx:TrackPointExtension>
            <gpxtpx:hr>143</gpxtpx:hr>
          </gpxtpx:TrackPointExtension>
        </extensions>
      </trkpt>
      <trkpt lat="41.81855263963391" lon="123.68063843575513">
        <ele>0.0</ele>
        <time>2026-09-15T21:44:48Z</time>
        <extensions>
          <gpxtpx:TrackPointExtension>
            <gpxtpx:hr>143</gpxtpx:hr>
          </gpxtpx:TrackPointExtension>
        </extensions>
      </trkpt>
      <trkpt lat="41.81863062035545" lon="123.68064840073788">
        <ele>0.0</ele>
        <time>2026-09-15T21:44:51Z</time>
        <extensions>
          <gpxtpx:TrackPointExtension>
            <gpxtpx:hr>144</gpxtpx:hr>
          </gpxtpx:TrackPointExtension>
        </extensions>
      </trkpt>
      <trkpt lat="41.81871759179361" lon="123.68066335235665">
        <ele>0.0</ele>
        <time>2026-09-15T21:44:54Z</time>
        <extensions>
          <gpxtpx:TrackPointExtension>
            <gpxtpx:hr>143</gpxtpx:hr>
          </gpxtpx:TrackPointExtension>
        </extensions>
      </trkpt>
      <trkpt lat="41.8188025595896" lon="123.68068029940648">
        <ele>0.0</ele>
        <time>2026-09-15T21:44:57Z</time>
        <extensions>
          <gpxtpx:TrackPointExtension>
            <gpxtpx:hr>142</gpxtpx:hr>
          </gpxtpx:TrackPointExtension>
        </extensions>
      </trkpt>
      <trkpt lat="41.818885518233365" lon="123.6807022346172">
        <ele>0.0</ele>
        <time>2026-09-15T21:45:00Z</time>
        <extensions>
          <gpxtpx:TrackPointExtension>
            <gpxtpx:hr>139</gpxtpx:hr>
          </gpxtpx:TrackPointExtension>
        </extensions>
      </trkpt>
      <trkpt lat="41.81897047135645" lon="123.680727162289">
        <ele>0.0</ele>
        <time>2026-09-15T21:45:03Z</time>
        <extensions>
          <gpxtpx:TrackPointExtension>
            <gpxtpx:hr>139</gpxtpx:hr>
          </gpxtpx:TrackPointExtension>
        </extensions>
      </trkpt>
      <trkpt lat="41.81905441532275" lon="123.68075707799369">
        <ele>0.0</ele>
        <time>2026-09-15T21:45:06Z</time>
        <extensions>
          <gpxtpx:TrackPointExtension>
            <gpxtpx:hr>138</gpxtpx:hr>
          </gpxtpx:TrackPointExtension>
        </extensions>
      </trkpt>
      <trkpt lat="41.819139355622674" lon="123.68078898873001">
        <ele>0.0</ele>
        <time>2026-09-15T21:45:09Z</time>
        <extensions>
          <gpxtpx:TrackPointExtension>
            <gpxtpx:hr>140</gpxtpx:hr>
          </gpxtpx:TrackPointExtension>
        </extensions>
      </trkpt>
      <trkpt lat="41.81921729418223" lon="123.68082189802762">
        <ele>0.0</ele>
        <time>2026-09-15T21:45:12Z</time>
        <extensions>
          <gpxtpx:TrackPointExtension>
            <gpxtpx:hr>141</gpxtpx:hr>
          </gpxtpx:TrackPointExtension>
        </extensions>
      </trkpt>
      <trkpt lat="41.81929722356209" lon="123.68085979496023">
        <ele>0.0</ele>
        <time>2026-09-15T21:45:15Z</time>
        <extensions>
          <gpxtpx:TrackPointExtension>
            <gpxtpx:hr>142</gpxtpx:hr>
          </gpxtpx:TrackPointExtension>
        </extensions>
      </trkpt>
      <trkpt lat="41.819372151183835" lon="123.68089869018638">
        <ele>0.0</ele>
        <time>2026-09-15T21:45:18Z</time>
        <extensions>
          <gpxtpx:TrackPointExtension>
            <gpxtpx:hr>143</gpxtpx:hr>
          </gpxtpx:TrackPointExtension>
        </extensions>
      </trkpt>
      <trkpt lat="41.819449073303815" lon="123.68094057790164">
        <ele>0.0</ele>
        <time>2026-09-15T21:45:21Z</time>
        <extensions>
          <gpxtpx:TrackPointExtension>
            <gpxtpx:hr>142</gpxtpx:hr>
          </gpxtpx:TrackPointExtension>
        </extensions>
      </trkpt>
      <trkpt lat="41.819523989969746" lon="123.68098545866467">
        <ele>0.0</ele>
        <time>2026-09-15T21:45:24Z</time>
        <extensions>
          <gpxtpx:TrackPointExtension>
            <gpxtpx:hr>144</gpxtpx:hr>
          </gpxtpx:TrackPointExtension>
        </extensions>
      </trkpt>
      <trkpt lat="41.81960089747706" lon="123.68103532709326">
        <ele>0.0</ele>
        <time>2026-09-15T21:45:27Z</time>
        <extensions>
          <gpxtpx:TrackPointExtension>
            <gpxtpx:hr>148</gpxtpx:hr>
          </gpxtpx:TrackPointExtension>
        </extensions>
      </trkpt>
      <trkpt lat="41.81968081781465" lon="123.68107821207263">
        <ele>0.0</ele>
        <time>2026-09-15T21:45:30Z</time>
        <extensions>
          <gpxtpx:TrackPointExtension>
            <gpxtpx:hr>151</gpxtpx:hr>
          </gpxtpx:TrackPointExtension>
        </extensions>
      </trkpt>
      <trkpt lat="41.819755721743526" lon="123.6811300760218">
        <ele>0.0</ele>
        <time>2026-09-15T21:45:33Z</time>
        <extensions>
          <gpxtpx:TrackPointExtension>
            <gpxtpx:hr>149</gpxtpx:hr>
          </gpxtpx:TrackPointExtension>
        </extensions>
      </trkpt>
      <trkpt lat="41.81982861291024" lon="123.68118892338194">
        <ele>0.0</ele>
        <time>2026-09-15T21:45:36Z</time>
        <extensions>
          <gpxtpx:TrackPointExtension>
            <gpxtpx:hr>148</gpxtpx:hr>
          </gpxtpx:TrackPointExtension>
        </extensions>
      </trkpt>
      <trkpt lat="41.81991051501274" lon="123.6812417840471">
        <ele>0.0</ele>
        <time>2026-09-15T21:45:39Z</time>
        <extensions>
          <gpxtpx:TrackPointExtension>
            <gpxtpx:hr>149</gpxtpx:hr>
          </gpxtpx:TrackPointExtension>
        </extensions>
      </trkpt>
      <trkpt lat="41.81998741354548" lon="123.68129664062248">
        <ele>0.0</ele>
        <time>2026-09-15T21:45:42Z</time>
        <extensions>
          <gpxtpx:TrackPointExtension>
            <gpxtpx:hr>151</gpxtpx:hr>
          </gpxtpx:TrackPointExtension>
        </extensions>
      </trkpt>
      <trkpt lat="41.82005729389724" lon="123.68136147408698">
        <ele>0.0</ele>
        <time>2026-09-15T21:45:45Z</time>
        <extensions>
          <gpxtpx:TrackPointExtension>
            <gpxtpx:hr>150</gpxtpx:hr>
          </gpxtpx:TrackPointExtension>
        </extensions>
      </trkpt>
      <trkpt lat="41.820127176131614" lon="123.6814253100355">
        <ele>0.0</ele>
        <time>2026-09-15T21:45:48Z</time>
        <extensions>
          <gpxtpx:TrackPointExtension>
            <gpxtpx:hr>148</gpxtpx:hr>
          </gpxtpx:TrackPointExtension>
        </extensions>
      </trkpt>
      <trkpt lat="41.82019206029715" lon="123.68148814915548">
        <ele>0.0</ele>
        <time>2026-09-15T21:45:51Z</time>
        <extensions>
          <gpxtpx:TrackPointExtension>
            <gpxtpx:hr>146</gpxtpx:hr>
          </gpxtpx:TrackPointExtension>
        </extensions>
      </trkpt>
      <trkpt lat="41.820255924426846" lon="123.68156196197819">
        <ele>0.0</ele>
        <time>2026-09-15T21:45:54Z</time>
        <extensions>
          <gpxtpx:TrackPointExtension>
            <gpxtpx:hr>144</gpxtpx:hr>
          </gpxtpx:TrackPointExtension>
        </extensions>
      </trkpt>
      <trkpt lat="41.820320797745694" lon="123.68163078679821">
        <ele>0.0</ele>
        <time>2026-09-15T21:45:57Z</time>
        <extensions>
          <gpxtpx:TrackPointExtension>
            <gpxtpx:hr>143</gpxtpx:hr>
          </gpxtpx:TrackPointExtension>
        </extensions>
      </trkpt>
      <trkpt lat="41.8203856510481" lon="123.68171058522579">
        <ele>0.0</ele>
        <time>2026-09-15T21:46:00Z</time>
        <extensions>
          <gpxtpx:TrackPointExtension>
            <gpxtpx:hr>143</gpxtpx:hr>
          </gpxtpx:TrackPointExtension>
        </extensions>
      </trkpt>
      <trkpt lat="41.82044549900823" lon="123.68179337723986">
        <ele>0.0</ele>
        <time>2026-09-15T21:46:03Z</time>
        <extensions>
          <gpxtpx:TrackPointExtension>
            <gpxtpx:hr>146</gpxtpx:hr>
          </gpxtpx:TrackPointExtension>
        </extensions>
      </trkpt>
      <trkpt lat="41.82050733609654" lon="123.68188215467613">
        <ele>0.0</ele>
        <time>2026-09-15T21:46:06Z</time>
        <extensions>
          <gpxtpx:TrackPointExtension>
            <gpxtpx:hr>145</gpxtpx:hr>
          </gpxtpx:TrackPointExtension>
        </extensions>
      </trkpt>
      <trkpt lat="41.820564167867545" lon="123.68197392573657">
        <ele>0.0</ele>
        <time>2026-09-15T21:46:09Z</time>
        <extensions>
          <gpxtpx:TrackPointExtension>
            <gpxtpx:hr>144</gpxtpx:hr>
          </gpxtpx:TrackPointExtension>
        </extensions>
      </trkpt>
      <trkpt lat="41.82062399971555" lon="123.6820656965329">
        <ele>0.0</ele>
        <time>2026-09-15T21:46:12Z</time>
        <extensions>
          <gpxtpx:TrackPointExtension>
            <gpxtpx:hr>143</gpxtpx:hr>
          </gpxtpx:TrackPointExtension>
        </extensions>
      </trkpt>
      <trkpt lat="41.820668802702805" lon="123.68217343117375">
        <ele>0.0</ele>
        <time>2026-09-15T21:46:15Z</time>
        <extensions>
          <gpxtpx:TrackPointExtension>
            <gpxtpx:hr>145</gpxtpx:hr>
          </gpxtpx:TrackPointExtension>
        </extensions>
      </trkpt>
      <trkpt lat="41.820679589802026" lon="123.68229014915235">
        <ele>0.0</ele>
        <time>2026-09-15T21:46:18Z</time>
        <extensions>
          <gpxtpx:TrackPointExtension>
            <gpxtpx:hr>144</gpxtpx:hr>
          </gpxtpx:TrackPointExtension>
        </extensions>
      </trkpt>
      <trkpt lat="41.820650373826304" lon="123.68240886811577">
        <ele>0.0</ele>
        <time>2026-09-15T21:46:21Z</time>
        <extensions>
          <gpxtpx:TrackPointExtension>
            <gpxtpx:hr>143</gpxtpx:hr>
          </gpxtpx:TrackPointExtension>
        </extensions>
      </trkpt>
      <trkpt lat="41.82062416888997" lon="123.68252160127585">
        <ele>0.0</ele>
        <time>2026-09-15T21:46:24Z</time>
        <extensions>
          <gpxtpx:TrackPointExtension>
            <gpxtpx:hr>142</gpxtpx:hr>
          </gpxtpx:TrackPointExtension>
        </extensions>
      </trkpt>
      <trkpt lat="41.82063094928446" lon="123.68264231099145">
        <ele>0.0</ele>
        <time>2026-09-15T21:46:27Z</time>
        <extensions>
          <gpxtpx:TrackPointExtension>
            <gpxtpx:hr>144</gpxtpx:hr>
          </gpxtpx:TrackPointExtension>
        </extensions>
      </trkpt>
      <trkpt lat="41.82066774950684" lon="123.68275204309852">
        <ele>0.0</ele>
        <time>2026-09-15T21:46:30Z</time>
        <extensions>
          <gpxtpx:TrackPointExtension>
            <gpxtpx:hr>145</gpxtpx:hr>
          </gpxtpx:TrackPointExtension>
        </extensions>
      </trkpt>
      <trkpt lat="41.820727613048206" lon="123.68282685576882">
        <ele>0.0</ele>
        <time>2026-09-15T21:46:33Z</time>
        <extensions>
          <gpxtpx:TrackPointExtension>
            <gpxtpx:hr>146</gpxtpx:hr>
          </gpxtpx:TrackPointExtension>
        </extensions>
      </trkpt>
      <trkpt lat="41.82080551270044" lon="123.6828817137628">
        <ele>0.0</ele>
        <time>2026-09-15T21:46:36Z</time>
        <extensions>
          <gpxtpx:TrackPointExtension>
            <gpxtpx:hr>145</gpxtpx:hr>
          </gpxtpx:TrackPointExtension>
        </extensions>
      </trkpt>
      <trkpt lat="41.82089045395975" lon="123.68291362569342">
        <ele>0.0</ele>
        <time>2026-09-15T21:46:39Z</time>
        <extensions>
          <gpxtpx:TrackPointExtension>
            <gpxtpx:hr>147</gpxtpx:hr>
          </gpxtpx:TrackPointExtension>
        </extensions>
      </trkpt>
      <trkpt lat="41.820967346456946" lon="123.68297247437904">
        <ele>0.0</ele>
        <time>2026-09-15T21:46:42Z</time>
        <extensions>
          <gpxtpx:TrackPointExtension>
            <gpxtpx:hr>147</gpxtpx:hr>
          </gpxtpx:TrackPointExtension>
        </extensions>
      </trkpt>
      <trkpt lat="41.821009159767314" lon="123.68307522314561">
        <ele>0.0</ele>
        <time>2026-09-15T21:46:45Z</time>
        <extensions>
          <gpxtpx:TrackPointExtension>
            <gpxtpx:hr>148</gpxtpx:hr>
          </gpxtpx:TrackPointExtension>
        </extensions>
      </trkpt>
      <trkpt lat="41.821037962499105" lon="123.68318395962916">
        <ele>0.0</ele>
        <time>2026-09-15T21:46:48Z</time>
        <extensions>
          <gpxtpx:TrackPointExtension>
            <gpxtpx:hr>146</gpxtpx:hr>
          </gpxtpx:TrackPointExtension>
        </extensions>
      </trkpt>
      <trkpt lat="41.821063763609985" lon="123.68329369437481">
        <ele>0.0</ele>
        <time>2026-09-15T21:46:51Z</time>
        <extensions>
          <gpxtpx:TrackPointExtension>
            <gpxtpx:hr>145</gpxtpx:hr>
          </gpxtpx:TrackPointExtension>
        </extensions>
      </trkpt>
      <trkpt lat="41.82108255773133" lon="123.68340742081618">
        <ele>0.0</ele>
        <time>2026-09-15T21:46:54Z</time>
        <extensions>
          <gpxtpx:TrackPointExtension>
            <gpxtpx:hr>145</gpxtpx:hr>
          </gpxtpx:TrackPointExtension>
        </extensions>
      </trkpt>
      <trkpt lat="41.82110135562945" lon="123.68351915225357">
        <ele>0.0</ele>
        <time>2026-09-15T21:46:57Z</time>
        <extensions>
          <gpxtpx:TrackPointExtension>
            <gpxtpx:hr>145</gpxtpx:hr>
          </gpxtpx:TrackPointExtension>
        </extensions>
      </trkpt>
      <trkpt lat="41.82111215196877" lon="123.68363188266723">
        <ele>0.0</ele>
        <time>2026-09-15T21:47:00Z</time>
        <extensions>
          <gpxtpx:TrackPointExtension>
            <gpxtpx:hr>145</gpxtpx:hr>
          </gpxtpx:TrackPointExtension>
        </extensions>
      </trkpt>
      <trkpt lat="41.82112395026927" lon="123.68374361555946">
        <ele>0.0</ele>
        <time>2026-09-15T21:47:03Z</time>
        <extensions>
          <gpxtpx:TrackPointExtension>
            <gpxtpx:hr>147</gpxtpx:hr>
          </gpxtpx:TrackPointExtension>
        </extensions>
      </trkpt>
      <trkpt lat="41.821128748804064" lon="123.68385534966382">
        <ele>0.0</ele>
        <time>2026-09-15T21:47:06Z</time>
        <extensions>
          <gpxtpx:TrackPointExtension>
            <gpxtpx:hr>149</gpxtpx:hr>
          </gpxtpx:TrackPointExtension>
        </extensions>
      </trkpt>
      <trkpt lat="41.82113954745347" lon="123.68396708318514">
        <ele>0.0</ele>
        <time>2026-09-15T21:47:09Z</time>
        <extensions>
          <gpxtpx:TrackPointExtension>
            <gpxtpx:hr>150</gpxtpx:hr>
          </gpxtpx:TrackPointExtension>
        </extensions>
      </trkpt>
      <trkpt lat="41.82113934099252" lon="123.68408181138707">
        <ele>0.0</ele>
        <time>2026-09-15T21:47:12Z</time>
        <extensions>
          <gpxtpx:TrackPointExtension>
            <gpxtpx:hr>150</gpxtpx:hr>
          </gpxtpx:TrackPointExtension>
        </extensions>
      </trkpt>
      <trkpt lat="41.82113413296662" lon="123.68419753818247">
        <ele>0.0</ele>
        <time>2026-09-15T21:47:15Z</time>
        <extensions>
          <gpxtpx:TrackPointExtension>
            <gpxtpx:hr>149</gpxtpx:hr>
          </gpxtpx:TrackPointExtension>
        </extensions>
      </trkpt>
      <trkpt lat="41.821127921553334" lon="123.68431526066931">
        <ele>0.0</ele>
        <time>2026-09-15T21:47:18Z</time>
        <extensions>
          <gpxtpx:TrackPointExtension>
            <gpxtpx:hr>149</gpxtpx:hr>
          </gpxtpx:TrackPointExtension>
        </extensions>
      </trkpt>
      <trkpt lat="41.82112471746448" lon="123.68442899244222">
        <ele>0.0</ele>
        <time>2026-09-15T21:47:21Z</time>
        <extensions>
          <gpxtpx:TrackPointExtension>
            <gpxtpx:hr>149</gpxtpx:hr>
          </gpxtpx:TrackPointExtension>
        </extensions>
      </trkpt>
      <trkpt lat="41.82111950463558" lon="123.6845477129888">
        <ele>0.0</ele>
        <time>2026-09-15T21:47:24Z</time>
        <extensions>
          <gpxtpx:TrackPointExtension>
            <gpxtpx:hr>149</gpxtpx:hr>
          </gpxtpx:TrackPointExtension>
        </extensions>
      </trkpt>
      <trkpt lat="41.82111629913286" lon="123.68466244294859">
        <ele>0.0</ele>
        <time>2026-09-15T21:47:27Z</time>
        <extensions>
          <gpxtpx:TrackPointExtension>
            <gpxtpx:hr>147</gpxtpx:hr>
          </gpxtpx:TrackPointExtension>
        </extensions>
      </trkpt>
      <trkpt lat="41.82110908850018" lon="123.68478016668641">
        <ele>0.0</ele>
        <time>2026-09-15T21:47:30Z</time>
        <extensions>
          <gpxtpx:TrackPointExtension>
            <gpxtpx:hr>147</gpxtpx:hr>
          </gpxtpx:TrackPointExtension>
        </extensions>
      </trkpt>
      <trkpt lat="41.821108879783694" lon="123.68489689208803">
        <ele>0.0</ele>
        <time>2026-09-15T21:47:33Z</time>
        <extensions>
          <gpxtpx:TrackPointExtension>
            <gpxtpx:hr>148</gpxtpx:hr>
          </gpxtpx:TrackPointExtension>
        </extensions>
      </trkpt>
      <trkpt lat="41.82111066233784" lon="123.68501860577888">
        <ele>0.0</ele>
        <time>2026-09-15T21:47:36Z</time>
        <extensions>
          <gpxtpx:TrackPointExtension>
            <gpxtpx:hr>145</gpxtpx:hr>
          </gpxtpx:TrackPointExtension>
        </extensions>
      </trkpt>
      <trkpt lat="41.821111455793236" lon="123.68513433396136">
        <ele>0.0</ele>
        <time>2026-09-15T21:47:39Z</time>
        <extensions>
          <gpxtpx:TrackPointExtension>
            <gpxtpx:hr>147</gpxtpx:hr>
          </gpxtpx:TrackPointExtension>
        </extensions>
      </trkpt>
      <trkpt lat="41.821121247582" lon="123.68525105884171">
        <ele>0.0</ele>
        <time>2026-09-15T21:47:42Z</time>
        <extensions>
          <gpxtpx:TrackPointExtension>
            <gpxtpx:hr>148</gpxtpx:hr>
          </gpxtpx:TrackPointExtension>
        </extensions>
      </trkpt>
      <trkpt lat="41.82113104312276" lon="123.68536578868083">
        <ele>0.0</ele>
        <time>2026-09-15T21:47:45Z</time>
        <extensions>
          <gpxtpx:TrackPointExtension>
            <gpxtpx:hr>149</gpxtpx:hr>
          </gpxtpx:TrackPointExtension>
        </extensions>
      </trkpt>
      <trkpt lat="41.82114383882957" lon="123.68548051838368">
        <ele>0.0</ele>
        <time>2026-09-15T21:47:48Z</time>
        <extensions>
          <gpxtpx:TrackPointExtension>
            <gpxtpx:hr>150</gpxtpx:hr>
          </gpxtpx:TrackPointExtension>
        </extensions>
      </trkpt>
      <trkpt lat="41.821160634694344" lon="123.68559524781345">
        <ele>0.0</ele>
        <time>2026-09-15T21:47:51Z</time>
        <extensions>
          <gpxtpx:TrackPointExtension>
            <gpxtpx:hr>149</gpxtpx:hr>
          </gpxtpx:TrackPointExtension>
        </extensions>
      </trkpt>
      <trkpt lat="41.82118143780312" lon="123.68570598628632">
        <ele>0.0</ele>
        <time>2026-09-15T21:47:54Z</time>
        <extensions>
          <gpxtpx:TrackPointExtension>
            <gpxtpx:hr>149</gpxtpx:hr>
          </gpxtpx:TrackPointExtension>
        </extensions>
      </trkpt>
      <trkpt lat="41.82119924289297" lon="123.68581572776377">
        <ele>0.0</ele>
        <time>2026-09-15T21:47:57Z</time>
        <extensions>
          <gpxtpx:TrackPointExtension>
            <gpxtpx:hr>150</gpxtpx:hr>
          </gpxtpx:TrackPointExtension>
        </extensions>
      </trkpt>
      <trkpt lat="41.8212240569397" lon="123.6859204801536">
        <ele>0.0</ele>
        <time>2026-09-15T21:48:00Z</time>
        <extensions>
          <gpxtpx:TrackPointExtension>
            <gpxtpx:hr>150</gpxtpx:hr>
          </gpxtpx:TrackPointExtension>
        </extensions>
      </trkpt>
      <trkpt lat="41.82124485175982" lon="123.68603620779517">
        <ele>0.0</ele>
        <time>2026-09-15T21:48:03Z</time>
        <extensions>
          <gpxtpx:TrackPointExtension>
            <gpxtpx:hr>150</gpxtpx:hr>
          </gpxtpx:TrackPointExtension>
        </extensions>
      </trkpt>
      <trkpt lat="41.82127065556076" lon="123.68614694663293">
        <ele>0.0</ele>
        <time>2026-09-15T21:48:06Z</time>
        <extensions>
          <gpxtpx:TrackPointExtension>
            <gpxtpx:hr>150</gpxtpx:hr>
          </gpxtpx:TrackPointExtension>
        </extensions>
      </trkpt>
      <trkpt lat="41.82130145950398" lon="123.68625768504768">
        <ele>0.0</ele>
        <time>2026-09-15T21:48:09Z</time>
        <extensions>
          <gpxtpx:TrackPointExtension>
            <gpxtpx:hr>150</gpxtpx:hr>
          </gpxtpx:TrackPointExtension>
        </extensions>
      </trkpt>
      <trkpt lat="41.82133427066298" lon="123.68636443271313">
        <ele>0.0</ele>
        <time>2026-09-15T21:48:12Z</time>
        <extensions>
          <gpxtpx:TrackPointExtension>
            <gpxtpx:hr>150</gpxtpx:hr>
          </gpxtpx:TrackPointExtension>
        </extensions>
      </trkpt>
      <trkpt lat="41.82136308027546" lon="123.68647217887137">
        <ele>0.0</ele>
        <time>2026-09-15T21:48:15Z</time>
        <extensions>
          <gpxtpx:TrackPointExtension>
            <gpxtpx:hr>151</gpxtpx:hr>
          </gpxtpx:TrackPointExtension>
        </extensions>
      </trkpt>
      <trkpt lat="41.82139789353029" lon="123.68657792907685">
        <ele>0.0</ele>
        <time>2026-09-15T21:48:18Z</time>
        <extensions>
          <gpxtpx:TrackPointExtension>
            <gpxtpx:hr>151</gpxtpx:hr>
          </gpxtpx:TrackPointExtension>
        </extensions>
      </trkpt>
      <trkpt lat="41.821435706933435" lon="123.68668367911664">
        <ele>0.0</ele>
        <time>2026-09-15T21:48:21Z</time>
        <extensions>
          <gpxtpx:TrackPointExtension>
            <gpxtpx:hr>153</gpxtpx:hr>
          </gpxtpx:TrackPointExtension>
        </extensions>
      </trkpt>
      <trkpt lat="41.821474524013254" lon="123.6867874338785">
        <ele>0.0</ele>
        <time>2026-09-15T21:48:24Z</time>
        <extensions>
          <gpxtpx:TrackPointExtension>
            <gpxtpx:hr>154</gpxtpx:hr>
          </gpxtpx:TrackPointExtension>
        </extensions>
      </trkpt>
      <trkpt lat="41.82150735008273" lon="123.68688620122599">
        <ele>0.0</ele>
        <time>2026-09-15T21:48:27Z</time>
        <extensions>
          <gpxtpx:TrackPointExtension>
            <gpxtpx:hr>153</gpxtpx:hr>
          </gpxtpx:TrackPointExtension>
        </extensions>
      </trkpt>
      <trkpt lat="41.8215261519119" lon="123.68699893852424">
        <ele>0.0</ele>
        <time>2026-09-15T21:48:30Z</time>
        <extensions>
          <gpxtpx:TrackPointExtension>
            <gpxtpx:hr>150</gpxtpx:hr>
          </gpxtpx:TrackPointExtension>
        </extensions>
      </trkpt>
      <trkpt lat="41.82152593311914" lon="123.68712365116819">
        <ele>0.0</ele>
        <time>2026-09-15T21:48:33Z</time>
        <extensions>
          <gpxtpx:TrackPointExtension>
            <gpxtpx:hr>148</gpxtpx:hr>
          </gpxtpx:TrackPointExtension>
        </extensions>
      </trkpt>
      <trkpt lat="41.82148076565715" lon="123.68721943694419">
        <ele>0.0</ele>
        <time>2026-09-15T21:48:36Z</time>
        <extensions>
          <gpxtpx:TrackPointExtension>
            <gpxtpx:hr>149</gpxtpx:hr>
          </gpxtpx:TrackPointExtension>
        </extensions>
      </trkpt>
      <trkpt lat="41.82141263872017" lon="123.68729227885834">
        <ele>0.0</ele>
        <time>2026-09-15T21:48:39Z</time>
        <extensions>
          <gpxtpx:TrackPointExtension>
            <gpxtpx:hr>152</gpxtpx:hr>
          </gpxtpx:TrackPointExtension>
        </extensions>
      </trkpt>
      <trkpt lat="41.82133952239126" lon="123.68735913533817">
        <ele>0.0</ele>
        <time>2026-09-15T21:48:42Z</time>
        <extensions>
          <gpxtpx:TrackPointExtension>
            <gpxtpx:hr>150</gpxtpx:hr>
          </gpxtpx:TrackPointExtension>
        </extensions>
      </trkpt>
      <trkpt lat="41.82126142363085" lon="123.68741601551903">
        <ele>0.0</ele>
        <time>2026-09-15T21:48:45Z</time>
        <extensions>
          <gpxtpx:TrackPointExtension>
            <gpxtpx:hr>149</gpxtpx:hr>
          </gpxtpx:TrackPointExtension>
        </extensions>
      </trkpt>
      <trkpt lat="41.82118731442909" lon="123.68747888148552">
        <ele>0.0</ele>
        <time>2026-09-15T21:48:48Z</time>
        <extensions>
          <gpxtpx:TrackPointExtension>
            <gpxtpx:hr>150</gpxtpx:hr>
          </gpxtpx:TrackPointExtension>
        </extensions>
      </trkpt>
      <trkpt lat="41.82111322098064" lon="123.68753276813507">
        <ele>0.0</ele>
        <time>2026-09-15T21:48:51Z</time>
        <extensions>
          <gpxtpx:TrackPointExtension>
            <gpxtpx:hr>152</gpxtpx:hr>
          </gpxtpx:TrackPointExtension>
        </extensions>
      </trkpt>
      <trkpt lat="41.821031113724466" lon="123.68759463766546">
        <ele>0.0</ele>
        <time>2026-09-15T21:48:54Z</time>
        <extensions>
          <gpxtpx:TrackPointExtension>
            <gpxtpx:hr>154</gpxtpx:hr>
          </gpxtpx:TrackPointExtension>
        </extensions>
      </trkpt>
      <trkpt lat="41.82096100990504" lon="123.68765451019549">
        <ele>0.0</ele>
        <time>2026-09-15T21:48:57Z</time>
        <extensions>
          <gpxtpx:TrackPointExtension>
            <gpxtpx:hr>155</gpxtpx:hr>
          </gpxtpx:TrackPointExtension>
        </extensions>
      </trkpt>
      <trkpt lat="41.820887906177035" lon="123.68771438322437">
        <ele>0.0</ele>
        <time>2026-09-15T21:49:00Z</time>
        <extensions>
          <gpxtpx:TrackPointExtension>
            <gpxtpx:hr>150</gpxtpx:hr>
          </gpxtpx:TrackPointExtension>
        </extensions>
      </trkpt>
      <trkpt lat="41.8208177885736" lon="123.68778223766385">
        <ele>0.0</ele>
        <time>2026-09-15T21:49:03Z</time>
        <extensions>
          <gpxtpx:TrackPointExtension>
            <gpxtpx:hr>141</gpxtpx:hr>
          </gpxtpx:TrackPointExtension>
        </extensions>
      </trkpt>
      <trkpt lat="41.820746681485666" lon="123.68784410603399">
        <ele>0.0</ele>
        <time>2026-09-15T21:49:06Z</time>
        <extensions>
          <gpxtpx:TrackPointExtension>
            <gpxtpx:hr>139</gpxtpx:hr>
          </gpxtpx:TrackPointExtension>
        </extensions>
      </trkpt>
      <trkpt lat="41.820674565791776" lon="123.68791096323645">
        <ele>0.0</ele>
        <time>2026-09-15T21:49:09Z</time>
        <extensions>
          <gpxtpx:TrackPointExtension>
            <gpxtpx:hr>140</gpxtpx:hr>
          </gpxtpx:TrackPointExtension>
        </extensions>
      </trkpt>
      <trkpt lat="41.82060245364735" lon="123.68797582509973">
        <ele>0.0</ele>
        <time>2026-09-15T21:49:12Z</time>
        <extensions>
          <gpxtpx:TrackPointExtension>
            <gpxtpx:hr>140</gpxtpx:hr>
          </gpxtpx:TrackPointExtension>
        </extensions>
      </trkpt>
      <trkpt lat="41.82052734160669" lon="123.68804068747768">
        <ele>0.0</ele>
        <time>2026-09-15T21:49:15Z</time>
        <extensions>
          <gpxtpx:TrackPointExtension>
            <gpxtpx:hr>140</gpxtpx:hr>
          </gpxtpx:TrackPointExtension>
        </extensions>
      </trkpt>
      <trkpt lat="41.82045822091492" lon="123.68811053775276">
        <ele>0.0</ele>
        <time>2026-09-15T21:49:18Z</time>
        <extensions>
          <gpxtpx:TrackPointExtension>
            <gpxtpx:hr>137</gpxtpx:hr>
          </gpxtpx:TrackPointExtension>
        </extensions>
      </trkpt>
      <trkpt lat="41.820386114196104" lon="123.6881724067423">
        <ele>0.0</ele>
        <time>2026-09-15T21:49:21Z</time>
        <extensions>
          <gpxtpx:TrackPointExtension>
            <gpxtpx:hr>138</gpxtpx:hr>
          </gpxtpx:TrackPointExtension>
        </extensions>
      </trkpt>
      <trkpt lat="41.8203180109683" lon="123.68823227981287">
        <ele>0.0</ele>
        <time>2026-09-15T21:49:24Z</time>
        <extensions>
          <gpxtpx:TrackPointExtension>
            <gpxtpx:hr>140</gpxtpx:hr>
          </gpxtpx:TrackPointExtension>
        </extensions>
      </trkpt>
      <trkpt lat="41.82024290441464" lon="123.68829414939741">
        <ele>0.0</ele>
        <time>2026-09-15T21:49:27Z</time>
        <extensions>
          <gpxtpx:TrackPointExtension>
            <gpxtpx:hr>141</gpxtpx:hr>
          </gpxtpx:TrackPointExtension>
        </extensions>
      </trkpt>
      <trkpt lat="41.820170789254036" lon="123.68836100731588">
        <ele>0.0</ele>
        <time>2026-09-15T21:49:30Z</time>
        <extensions>
          <gpxtpx:TrackPointExtension>
            <gpxtpx:hr>141</gpxtpx:hr>
          </gpxtpx:TrackPointExtension>
        </extensions>
      </trkpt>
      <trkpt lat="41.82009668283387" lon="123.68842287695327">
        <ele>0.0</ele>
        <time>2026-09-15T21:49:33Z</time>
        <extensions>
          <gpxtpx:TrackPointExtension>
            <gpxtpx:hr>141</gpxtpx:hr>
          </gpxtpx:TrackPointExtension>
        </extensions>
      </trkpt>
      <trkpt lat="41.82002157476642" lon="123.68848574455575">
        <ele>0.0</ele>
        <time>2026-09-15T21:49:36Z</time>
        <extensions>
          <gpxtpx:TrackPointExtension>
            <gpxtpx:hr>149</gpxtpx:hr>
          </gpxtpx:TrackPointExtension>
        </extensions>
      </trkpt>
      <trkpt lat="41.81994646849684" lon="123.6885476145177">
        <ele>0.0</ele>
        <time>2026-09-15T21:49:39Z</time>
        <extensions>
          <gpxtpx:TrackPointExtension>
            <gpxtpx:hr>146</gpxtpx:hr>
          </gpxtpx:TrackPointExtension>
        </extensions>
      </trkpt>
      <trkpt lat="41.819873353651964" lon="123.6886144729833">
        <ele>0.0</ele>
        <time>2026-09-15T21:49:42Z</time>
        <extensions>
          <gpxtpx:TrackPointExtension>
            <gpxtpx:hr>147</gpxtpx:hr>
          </gpxtpx:TrackPointExtension>
        </extensions>
      </trkpt>
      <trkpt lat="41.81979924234577" lon="123.68867933621738">
        <ele>0.0</ele>
        <time>2026-09-15T21:49:45Z</time>
        <extensions>
          <gpxtpx:TrackPointExtension>
            <gpxtpx:hr>148</gpxtpx:hr>
          </gpxtpx:TrackPointExtension>
        </extensions>
      </trkpt>
      <trkpt lat="41.819724144908385" lon="123.68873621776697">
        <ele>0.0</ele>
        <time>2026-09-15T21:49:48Z</time>
        <extensions>
          <gpxtpx:TrackPointExtension>
            <gpxtpx:hr>147</gpxtpx:hr>
          </gpxtpx:TrackPointExtension>
        </extensions>
      </trkpt>
      <trkpt lat="41.819651045788305" lon="123.6887940968607">
        <ele>0.0</ele>
        <time>2026-09-15T21:49:51Z</time>
        <extensions>
          <gpxtpx:TrackPointExtension>
            <gpxtpx:hr>143</gpxtpx:hr>
          </gpxtpx:TrackPointExtension>
        </extensions>
      </trkpt>
      <trkpt lat="41.8195759347066" lon="123.68885896051724">
        <ele>0.0</ele>
        <time>2026-09-15T21:49:54Z</time>
        <extensions>
          <gpxtpx:TrackPointExtension>
            <gpxtpx:hr>143</gpxtpx:hr>
          </gpxtpx:TrackPointExtension>
        </extensions>
      </trkpt>
      <trkpt lat="41.819502833998364" lon="123.68891783752977">
        <ele>0.0</ele>
        <time>2026-09-15T21:49:57Z</time>
        <extensions>
          <gpxtpx:TrackPointExtension>
            <gpxtpx:hr>141</gpxtpx:hr>
          </gpxtpx:TrackPointExtension>
        </extensions>
      </trkpt>
      <trkpt lat="41.81942671791983" lon="123.68898569476131">
        <ele>0.0</ele>
        <time>2026-09-15T21:50:00Z</time>
        <extensions>
          <gpxtpx:TrackPointExtension>
            <gpxtpx:hr>142</gpxtpx:hr>
          </gpxtpx:TrackPointExtension>
        </extensions>
      </trkpt>
      <trkpt lat="41.81934760711065" lon="123.68905055927651">
        <ele>0.0</ele>
        <time>2026-09-15T21:50:03Z</time>
        <extensions>
          <gpxtpx:TrackPointExtension>
            <gpxtpx:hr>142</gpxtpx:hr>
          </gpxtpx:TrackPointExtension>
        </extensions>
      </trkpt>
      <trkpt lat="41.819271492914524" lon="123.68911741898009">
        <ele>0.0</ele>
        <time>2026-09-15T21:50:06Z</time>
        <extensions>
          <gpxtpx:TrackPointExtension>
            <gpxtpx:hr>139</gpxtpx:hr>
          </gpxtpx:TrackPointExtension>
        </extensions>
      </trkpt>
      <trkpt lat="41.8191814441405" lon="123.68914636619114">
        <ele>0.0</ele>
        <time>2026-09-15T21:50:09Z</time>
        <extensions>
          <gpxtpx:TrackPointExtension>
            <gpxtpx:hr>138</gpxtpx:hr>
          </gpxtpx:TrackPointExtension>
        </extensions>
      </trkpt>
      <trkpt lat="41.819094529194885" lon="123.6890974884803">
        <ele>0.0</ele>
        <time>2026-09-15T21:50:12Z</time>
        <extensions>
          <gpxtpx:TrackPointExtension>
            <gpxtpx:hr>138</gpxtpx:hr>
          </gpxtpx:TrackPointExtension>
        </extensions>
      </trkpt>
      <trkpt lat="41.819029679325745" lon="123.68901069336995">
        <ele>0.0</ele>
        <time>2026-09-15T21:50:15Z</time>
        <extensions>
          <gpxtpx:TrackPointExtension>
            <gpxtpx:hr>139</gpxtpx:hr>
          </gpxtpx:TrackPointExtension>
        </extensions>
      </trkpt>
      <trkpt lat="41.81897986553678" lon="123.68890294372603">
        <ele>0.0</ele>
        <time>2026-09-15T21:50:18Z</time>
        <extensions>
          <gpxtpx:TrackPointExtension>
            <gpxtpx:hr>156</gpxtpx:hr>
          </gpxtpx:TrackPointExtension>
        </extensions>
      </trkpt>
      <trkpt lat="41.81893103816491" lon="123.6888031761643">
        <ele>0.0</ele>
        <time>2026-09-15T21:50:21Z</time>
        <extensions>
          <gpxtpx:TrackPointExtension>
            <gpxtpx:hr>157</gpxtpx:hr>
          </gpxtpx:TrackPointExtension>
        </extensions>
      </trkpt>
      <trkpt lat="41.81887619207793" lon="123.68871438481409">
        <ele>0.0</ele>
        <time>2026-09-15T21:50:24Z</time>
        <extensions>
          <gpxtpx:TrackPointExtension>
            <gpxtpx:hr>160</gpxtpx:hr>
          </gpxtpx:TrackPointExtension>
        </extensions>
      </trkpt>
      <trkpt lat="41.81882634607148" lon="123.68862559296329">
        <ele>0.0</ele>
        <time>2026-09-15T21:50:27Z</time>
        <extensions>
          <gpxtpx:TrackPointExtension>
            <gpxtpx:hr>158</gpxtpx:hr>
          </gpxtpx:TrackPointExtension>
        </extensions>
      </trkpt>
      <trkpt lat="41.818772501973136" lon="123.68853580412072">
        <ele>0.0</ele>
        <time>2026-09-15T21:50:30Z</time>
        <extensions>
          <gpxtpx:TrackPointExtension>
            <gpxtpx:hr>144</gpxtpx:hr>
          </gpxtpx:TrackPointExtension>
        </extensions>
      </trkpt>
      <trkpt lat="41.81871766148092" lon="123.68844402014359">
        <ele>0.0</ele>
        <time>2026-09-15T21:50:33Z</time>
        <extensions>
          <gpxtpx:TrackPointExtension>
            <gpxtpx:hr>147</gpxtpx:hr>
          </gpxtpx:TrackPointExtension>
        </extensions>
      </trkpt>
      <trkpt lat="41.81865279531163" lon="123.68836720372492">
        <ele>0.0</ele>
        <time>2026-09-15T21:50:36Z</time>
        <extensions>
          <gpxtpx:TrackPointExtension>
            <gpxtpx:hr>147</gpxtpx:hr>
          </gpxtpx:TrackPointExtension>
        </extensions>
      </trkpt>
      <trkpt lat="41.81859093094108" lon="123.68828938930247">
        <ele>0.0</ele>
        <time>2026-09-15T21:50:39Z</time>
        <extensions>
          <gpxtpx:TrackPointExtension>
            <gpxtpx:hr>146</gpxtpx:hr>
          </gpxtpx:TrackPointExtension>
        </extensions>
      </trkpt>
      <trkpt lat="41.818524056344295" lon="123.68821756208447">
        <ele>0.0</ele>
        <time>2026-09-15T21:50:42Z</time>
        <extensions>
          <gpxtpx:TrackPointExtension>
            <gpxtpx:hr>171</gpxtpx:hr>
          </gpxtpx:TrackPointExtension>
        </extensions>
      </trkpt>
      <trkpt lat="41.81845818702441" lon="123.6881427416716">
        <ele>0.0</ele>
        <time>2026-09-15T21:50:45Z</time>
        <extensions>
          <gpxtpx:TrackPointExtension>
            <gpxtpx:hr>173</gpxtpx:hr>
          </gpxtpx:TrackPointExtension>
        </extensions>
      </trkpt>
      <trkpt lat="41.818391312611624" lon="123.6880709147036">
        <ele>0.0</ele>
        <time>2026-09-15T21:50:48Z</time>
        <extensions>
          <gpxtpx:TrackPointExtension>
            <gpxtpx:hr>175</gpxtpx:hr>
          </gpxtpx:TrackPointExtension>
        </extensions>
      </trkpt>
      <trkpt lat="41.81832142617848" lon="123.68800607233389">
        <ele>0.0</ele>
        <time>2026-09-15T21:50:51Z</time>
        <extensions>
          <gpxtpx:TrackPointExtension>
            <gpxtpx:hr>175</gpxtpx:hr>
          </gpxtpx:TrackPointExtension>
        </extensions>
      </trkpt>
      <trkpt lat="41.81824953116292" lon="123.6879462189482">
        <ele>0.0</ele>
        <time>2026-09-15T21:50:54Z</time>
        <extensions>
          <gpxtpx:TrackPointExtension>
            <gpxtpx:hr>170</gpxtpx:hr>
          </gpxtpx:TrackPointExtension>
        </extensions>
      </trkpt>
      <trkpt lat="41.81817965355833" lon="123.68787638816804">
        <ele>0.0</ele>
        <time>2026-09-15T21:50:57Z</time>
        <extensions>
          <gpxtpx:TrackPointExtension>
            <gpxtpx:hr>176</gpxtpx:hr>
          </gpxtpx:TrackPointExtension>
        </extensions>
      </trkpt>
      <trkpt lat="41.81810776041841" lon="123.68781553724584">
        <ele>0.0</ele>
        <time>2026-09-15T21:51:00Z</time>
        <extensions>
          <gpxtpx:TrackPointExtension>
            <gpxtpx:hr>173</gpxtpx:hr>
          </gpxtpx:TrackPointExtension>
        </extensions>
      </trkpt>
      <trkpt lat="41.81803486213873" lon="123.68775767970035">
        <ele>0.0</ele>
        <time>2026-09-15T21:51:03Z</time>
        <extensions>
          <gpxtpx:TrackPointExtension>
            <gpxtpx:hr>171</gpxtpx:hr>
          </gpxtpx:TrackPointExtension>
        </extensions>
      </trkpt>
      <trkpt lat="41.817962970867065" lon="123.68769583123094">
        <ele>0.0</ele>
        <time>2026-09-15T21:51:06Z</time>
        <extensions>
          <gpxtpx:TrackPointExtension>
            <gpxtpx:hr>153</gpxtpx:hr>
          </gpxtpx:TrackPointExtension>
        </extensions>
      </trkpt>
      <trkpt lat="41.817888046620624" lon="123.68765293984386">
        <ele>0.0</ele>
        <time>2026-09-15T21:51:09Z</time>
        <extensions>
          <gpxtpx:TrackPointExtension>
            <gpxtpx:hr>153</gpxtpx:hr>
          </gpxtpx:TrackPointExtension>
        </extensions>
      </trkpt>
      <trkpt lat="41.817806117270756" lon="123.68761304260937">
        <ele>0.0</ele>
        <time>2026-09-15T21:51:12Z</time>
        <extensions>
          <gpxtpx:TrackPointExtension>
            <gpxtpx:hr>175</gpxtpx:hr>
          </gpxtpx:TrackPointExtension>
        </extensions>
      </trkpt>
      <trkpt lat="41.81772920357102" lon="123.68756416530381">
        <ele>0.0</ele>
        <time>2026-09-15T21:51:15Z</time>
        <extensions>
          <gpxtpx:TrackPointExtension>
            <gpxtpx:hr>172</gpxtpx:hr>
          </gpxtpx:TrackPointExtension>
        </extensions>
      </trkpt>
      <trkpt lat="41.81765126901233" lon="123.68752726073369">
        <ele>0.0</ele>
        <time>2026-09-15T21:51:18Z</time>
        <extensions>
          <gpxtpx:TrackPointExtension>
            <gpxtpx:hr>170</gpxtpx:hr>
          </gpxtpx:TrackPointExtension>
        </extensions>
      </trkpt>
      <trkpt lat="41.81756934499239" lon="123.68748437048191">
        <ele>0.0</ele>
        <time>2026-09-15T21:51:21Z</time>
        <extensions>
          <gpxtpx:TrackPointExtension>
            <gpxtpx:hr>150</gpxtpx:hr>
          </gpxtpx:TrackPointExtension>
        </extensions>
      </trkpt>
      <trkpt lat="41.81748641055571" lon="123.68744746667109">
        <ele>0.0</ele>
        <time>2026-09-15T21:51:24Z</time>
        <extensions>
          <gpxtpx:TrackPointExtension>
            <gpxtpx:hr>151</gpxtpx:hr>
          </gpxtpx:TrackPointExtension>
        </extensions>
      </trkpt>
      <trkpt lat="41.81739646925698" lon="123.68741455469694">
        <ele>0.0</ele>
        <time>2026-09-15T21:51:27Z</time>
        <extensions>
          <gpxtpx:TrackPointExtension>
            <gpxtpx:hr>153</gpxtpx:hr>
          </gpxtpx:TrackPointExtension>
        </extensions>
      </trkpt>
      <trkpt lat="41.817311520938695" lon="123.6873856328907">
        <ele>0.0</ele>
        <time>2026-09-15T21:51:30Z</time>
        <extensions>
          <gpxtpx:TrackPointExtension>
            <gpxtpx:hr>153</gpxtpx:hr>
          </gpxtpx:TrackPointExtension>
        </extensions>
      </trkpt>
      <trkpt lat="41.81722256047274" lon="123.68736369561363">
        <ele>0.0</ele>
        <time>2026-09-15T21:51:33Z</time>
        <extensions>
          <gpxtpx:TrackPointExtension>
            <gpxtpx:hr>153</gpxtpx:hr>
          </gpxtpx:TrackPointExtension>
        </extensions>
      </trkpt>
      <trkpt lat="41.81713658950817" lon="123.68734774417922">
        <ele>0.0</ele>
        <time>2026-09-15T21:51:36Z</time>
        <extensions>
          <gpxtpx:TrackPointExtension>
            <gpxtpx:hr>152</gpxtpx:hr>
          </gpxtpx:TrackPointExtension>
        </extensions>
      </trkpt>
      <trkpt lat="41.817049623805566" lon="123.68732879976648">
        <ele>0.0</ele>
        <time>2026-09-15T21:51:39Z</time>
        <extensions>
          <gpxtpx:TrackPointExtension>
            <gpxtpx:hr>152</gpxtpx:hr>
          </gpxtpx:TrackPointExtension>
        </extensions>
      </trkpt>
      <trkpt lat="41.81696263541406" lon="123.6873228255545">
        <ele>0.0</ele>
        <time>2026-09-15T21:51:42Z</time>
        <extensions>
          <gpxtpx:TrackPointExtension>
            <gpxtpx:hr>151</gpxtpx:hr>
          </gpxtpx:TrackPointExtension>
        </extensions>
      </trkpt>
      <trkpt lat="41.81687464878941" lon="123.68731585377444">
        <ele>0.0</ele>
        <time>2026-09-15T21:51:45Z</time>
        <extensions>
          <gpxtpx:TrackPointExtension>
            <gpxtpx:hr>151</gpxtpx:hr>
          </gpxtpx:TrackPointExtension>
        </extensions>
      </trkpt>
      <trkpt lat="41.81678565869306" lon="123.68731087754767">
        <ele>0.0</ele>
        <time>2026-09-15T21:51:48Z</time>
        <extensions>
          <gpxtpx:TrackPointExtension>
            <gpxtpx:hr>151</gpxtpx:hr>
          </gpxtpx:TrackPointExtension>
        </extensions>
      </trkpt>
      <trkpt lat="41.816699651100805" lon="123.68731587797662">
        <ele>0.0</ele>
        <time>2026-09-15T21:51:51Z</time>
        <extensions>
          <gpxtpx:TrackPointExtension>
            <gpxtpx:hr>151</gpxtpx:hr>
          </gpxtpx:TrackPointExtension>
        </extensions>
      </trkpt>
      <trkpt lat="41.81661264876776" lon="123.68731788542279">
        <ele>0.0</ele>
        <time>2026-09-15T21:51:54Z</time>
        <extensions>
          <gpxtpx:TrackPointExtension>
            <gpxtpx:hr>151</gpxtpx:hr>
          </gpxtpx:TrackPointExtension>
        </extensions>
      </trkpt>
      <trkpt lat="41.81652963067256" lon="123.68732887168177">
        <ele>0.0</ele>
        <time>2026-09-15T21:51:57Z</time>
        <extensions>
          <gpxtpx:TrackPointExtension>
            <gpxtpx:hr>151</gpxtpx:hr>
          </gpxtpx:TrackPointExtension>
        </extensions>
      </trkpt>
      <trkpt lat="41.81643961617208" lon="123.68733786349631">
        <ele>0.0</ele>
        <time>2026-09-15T21:52:00Z</time>
        <extensions>
          <gpxtpx:TrackPointExtension>
            <gpxtpx:hr>153</gpxtpx:hr>
          </gpxtpx:TrackPointExtension>
        </extensions>
      </trkpt>
      <trkpt lat="41.81635760331726" lon="123.6873458564985">
        <ele>0.0</ele>
        <time>2026-09-15T21:52:03Z</time>
        <extensions>
          <gpxtpx:TrackPointExtension>
            <gpxtpx:hr>156</gpxtpx:hr>
          </gpxtpx:TrackPointExtension>
        </extensions>
      </trkpt>
      <trkpt lat="41.81627158354173" lon="123.68735784088757">
        <ele>0.0</ele>
        <time>2026-09-15T21:52:06Z</time>
        <extensions>
          <gpxtpx:TrackPointExtension>
            <gpxtpx:hr>155</gpxtpx:hr>
          </gpxtpx:TrackPointExtension>
        </extensions>
      </trkpt>
      <trkpt lat="41.81618156208489" lon="123.68737082354157">
        <ele>0.0</ele>
        <time>2026-09-15T21:52:09Z</time>
        <extensions>
          <gpxtpx:TrackPointExtension>
            <gpxtpx:hr>153</gpxtpx:hr>
          </gpxtpx:TrackPointExtension>
        </extensions>
      </trkpt>
      <trkpt lat="41.81609153365753" lon="123.68738779703449">
        <ele>0.0</ele>
        <time>2026-09-15T21:52:12Z</time>
        <extensions>
          <gpxtpx:TrackPointExtension>
            <gpxtpx:hr>150</gpxtpx:hr>
          </gpxtpx:TrackPointExtension>
        </extensions>
      </trkpt>
      <trkpt lat="41.81600449822115" lon="123.68740876095617">
        <ele>0.0</ele>
        <time>2026-09-15T21:52:15Z</time>
        <extensions>
          <gpxtpx:TrackPointExtension>
            <gpxtpx:hr>150</gpxtpx:hr>
          </gpxtpx:TrackPointExtension>
        </extensions>
      </trkpt>
      <trkpt lat="41.81591744709935" lon="123.68743870427696">
        <ele>0.0</ele>
        <time>2026-09-15T21:52:18Z</time>
        <extensions>
          <gpxtpx:TrackPointExtension>
            <gpxtpx:hr>151</gpxtpx:hr>
          </gpxtpx:TrackPointExtension>
        </extensions>
      </trkpt>
      <trkpt lat="41.81583140121645" lon="123.68746565434836">
        <ele>0.0</ele>
        <time>2026-09-15T21:52:21Z</time>
        <extensions>
          <gpxtpx:TrackPointExtension>
            <gpxtpx:hr>151</gpxtpx:hr>
          </gpxtpx:TrackPointExtension>
        </extensions>
      </trkpt>
      <trkpt lat="41.815747355323744" lon="123.6874926041601">
        <ele>0.0</ele>
        <time>2026-09-15T21:52:24Z</time>
        <extensions>
          <gpxtpx:TrackPointExtension>
            <gpxtpx:hr>153</gpxtpx:hr>
          </gpxtpx:TrackPointExtension>
        </extensions>
      </trkpt>
      <trkpt lat="41.81566230772051" lon="123.68752055183893">
        <ele>0.0</ele>
        <time>2026-09-15T21:52:27Z</time>
        <extensions>
          <gpxtpx:TrackPointExtension>
            <gpxtpx:hr>153</gpxtpx:hr>
          </gpxtpx:TrackPointExtension>
        </extensions>
      </trkpt>
      <trkpt lat="41.815576282805154" lon="123.68753552941341">
        <ele>0.0</ele>
        <time>2026-09-15T21:52:30Z</time>
        <extensions>
          <gpxtpx:TrackPointExtension>
            <gpxtpx:hr>154</gpxtpx:hr>
          </gpxtpx:TrackPointExtension>
        </extensions>
      </trkpt>
      <trkpt lat="41.81549132062629" lon="123.68751458921706">
        <ele>0.0</ele>
        <time>2026-09-15T21:52:33Z</time>
        <extensions>
          <gpxtpx:TrackPointExtension>
            <gpxtpx:hr>155</gpxtpx:hr>
          </gpxtpx:TrackPointExtension>
        </extensions>
      </trkpt>
      <trkpt lat="41.81540945084173" lon="123.68744076995125">
        <ele>0.0</ele>
        <time>2026-09-15T21:52:36Z</time>
        <extensions>
          <gpxtpx:TrackPointExtension>
            <gpxtpx:hr>153</gpxtpx:hr>
          </gpxtpx:TrackPointExtension>
        </extensions>
      </trkpt>
      <trkpt lat="41.81535965575653" lon="123.68732404494804">
        <ele>0.0</ele>
        <time>2026-09-15T21:52:39Z</time>
        <extensions>
          <gpxtpx:TrackPointExtension>
            <gpxtpx:hr>153</gpxtpx:hr>
          </gpxtpx:TrackPointExtension>
        </extensions>
      </trkpt>
      <trkpt lat="41.815329890320776" lon="123.68719035651579">
        <ele>0.0</ele>
        <time>2026-09-15T21:52:42Z</time>
        <extensions>
          <gpxtpx:TrackPointExtension>
            <gpxtpx:hr>153</gpxtpx:hr>
          </gpxtpx:TrackPointExtension>
        </extensions>
      </trkpt>
      <trkpt lat="41.81530412161288" lon="123.68705866334166">
        <ele>0.0</ele>
        <time>2026-09-15T21:52:45Z</time>
        <extensions>
          <gpxtpx:TrackPointExtension>
            <gpxtpx:hr>153</gpxtpx:hr>
          </gpxtpx:TrackPointExtension>
        </extensions>
      </trkpt>
      <trkpt lat="41.81527933213843" lon="123.68693894280518">
        <ele>0.0</ele>
        <time>2026-09-15T21:52:48Z</time>
        <extensions>
          <gpxtpx:TrackPointExtension>
            <gpxtpx:hr>153</gpxtpx:hr>
          </gpxtpx:TrackPointExtension>
        </extensions>
      </trkpt>
      <trkpt lat="41.81525755161872" lon="123.68681423369907">
        <ele>0.0</ele>
        <time>2026-09-15T21:52:51Z</time>
        <extensions>
          <gpxtpx:TrackPointExtension>
            <gpxtpx:hr>156</gpxtpx:hr>
          </gpxtpx:TrackPointExtension>
        </extensions>
      </trkpt>
      <trkpt lat="41.8152327713882" lon="123.68668952535796">
        <ele>0.0</ele>
        <time>2026-09-15T21:52:54Z</time>
        <extensions>
          <gpxtpx:TrackPointExtension>
            <gpxtpx:hr>155</gpxtpx:hr>
          </gpxtpx:TrackPointExtension>
        </extensions>
      </trkpt>
      <trkpt lat="41.81520799491809" lon="123.68656282198486">
        <ele>0.0</ele>
        <time>2026-09-15T21:52:57Z</time>
        <extensions>
          <gpxtpx:TrackPointExtension>
            <gpxtpx:hr>157</gpxtpx:hr>
          </gpxtpx:TrackPointExtension>
        </extensions>
      </trkpt>
      <trkpt lat="41.81518121696768" lon="123.68643711693328">
        <ele>0.0</ele>
        <time>2026-09-15T21:53:00Z</time>
        <extensions>
          <gpxtpx:TrackPointExtension>
            <gpxtpx:hr>159</gpxtpx:hr>
          </gpxtpx:TrackPointExtension>
        </extensions>
      </trkpt>
      <trkpt lat="41.815151428734524" lon="123.68631739875465">
        <ele>0.0</ele>
        <time>2026-09-15T21:53:03Z</time>
        <extensions>
          <gpxtpx:TrackPointExtension>
            <gpxtpx:hr>157</gpxtpx:hr>
          </gpxtpx:TrackPointExtension>
        </extensions>
      </trkpt>
      <trkpt lat="41.81512463891485" lon="123.68619867815936">
        <ele>0.0</ele>
        <time>2026-09-15T21:53:06Z</time>
        <extensions>
          <gpxtpx:TrackPointExtension>
            <gpxtpx:hr>158</gpxtpx:hr>
          </gpxtpx:TrackPointExtension>
        </extensions>
      </trkpt>
      <trkpt lat="41.81509885459375" lon="123.68607696469647">
        <ele>0.0</ele>
        <time>2026-09-15T21:53:09Z</time>
        <extensions>
          <gpxtpx:TrackPointExtension>
            <gpxtpx:hr>156</gpxtpx:hr>
          </gpxtpx:TrackPointExtension>
        </extensions>
      </trkpt>
      <trkpt lat="41.815069063488096" lon="123.68595924281729">
        <ele>0.0</ele>
        <time>2026-09-15T21:53:12Z</time>
        <extensions>
          <gpxtpx:TrackPointExtension>
            <gpxtpx:hr>156</gpxtpx:hr>
          </gpxtpx:TrackPointExtension>
        </extensions>
      </trkpt>
      <trkpt lat="41.81504728662875" lon="123.68583353873882">
        <ele>0.0</ele>
        <time>2026-09-15T21:53:15Z</time>
        <extensions>
          <gpxtpx:TrackPointExtension>
            <gpxtpx:hr>157</gpxtpx:hr>
          </gpxtpx:TrackPointExtension>
        </extensions>
      </trkpt>
      <trkpt lat="41.8150224994252" lon="123.68571382144559">
        <ele>0.0</ele>
        <time>2026-09-15T21:53:18Z</time>
        <extensions>
          <gpxtpx:TrackPointExtension>
            <gpxtpx:hr>155</gpxtpx:hr>
          </gpxtpx:TrackPointExtension>
        </extensions>
      </trkpt>
      <trkpt lat="41.814994717800026" lon="123.68559111186778">
        <ele>0.0</ele>
        <time>2026-09-15T21:53:21Z</time>
        <extensions>
          <gpxtpx:TrackPointExtension>
            <gpxtpx:hr>152</gpxtpx:hr>
          </gpxtpx:TrackPointExtension>
        </extensions>
      </trkpt>
      <trkpt lat="41.81496593286502" lon="123.68547039808264">
        <ele>0.0</ele>
        <time>2026-09-15T21:53:24Z</time>
        <extensions>
          <gpxtpx:TrackPointExtension>
            <gpxtpx:hr>152</gpxtpx:hr>
          </gpxtpx:TrackPointExtension>
        </extensions>
      </trkpt>
      <trkpt lat="41.81494114986327" lon="123.68534868639037">
        <ele>0.0</ele>
        <time>2026-09-15T21:53:27Z</time>
        <extensions>
          <gpxtpx:TrackPointExtension>
            <gpxtpx:hr>154</gpxtpx:hr>
          </gpxtpx:TrackPointExtension>
        </extensions>
      </trkpt>
      <trkpt lat="41.81491236713965" lon="123.68522697556398">
        <ele>0.0</ele>
        <time>2026-09-15T21:53:30Z</time>
        <extensions>
          <gpxtpx:TrackPointExtension>
            <gpxtpx:hr>159</gpxtpx:hr>
          </gpxtpx:TrackPointExtension>
        </extensions>
      </trkpt>
      <trkpt lat="41.8148845863985" lon="123.68510426725193">
        <ele>0.0</ele>
        <time>2026-09-15T21:53:33Z</time>
        <extensions>
          <gpxtpx:TrackPointExtension>
            <gpxtpx:hr>158</gpxtpx:hr>
          </gpxtpx:TrackPointExtension>
        </extensions>
      </trkpt>
      <trkpt lat="41.81485780229822" lon="123.68498355442873">
        <ele>0.0</ele>
        <time>2026-09-15T21:53:36Z</time>
        <extensions>
          <gpxtpx:TrackPointExtension>
            <gpxtpx:hr>158</gpxtpx:hr>
          </gpxtpx:TrackPointExtension>
        </extensions>
      </trkpt>
      <trkpt lat="41.814829025573495" lon="123.68485885157004">
        <ele>0.0</ele>
        <time>2026-09-15T21:53:39Z</time>
        <extensions>
          <gpxtpx:TrackPointExtension>
            <gpxtpx:hr>158</gpxtpx:hr>
          </gpxtpx:TrackPointExtension>
        </extensions>
      </trkpt>
      <trkpt lat="41.814804249012695" lon="123.68473414847993">
        <ele>0.0</ele>
        <time>2026-09-15T21:53:42Z</time>
        <extensions>
          <gpxtpx:TrackPointExtension>
            <gpxtpx:hr>156</gpxtpx:hr>
          </gpxtpx:TrackPointExtension>
        </extensions>
      </trkpt>
      <trkpt lat="41.81477446560102" lon="123.68461343699454">
        <ele>0.0</ele>
        <time>2026-09-15T21:53:45Z</time>
        <extensions>
          <gpxtpx:TrackPointExtension>
            <gpxtpx:hr>159</gpxtpx:hr>
          </gpxtpx:TrackPointExtension>
        </extensions>
      </trkpt>
      <trkpt lat="41.814749691265675" lon="123.68448773688536">
        <ele>0.0</ele>
        <time>2026-09-15T21:53:48Z</time>
        <extensions>
          <gpxtpx:TrackPointExtension>
            <gpxtpx:hr>154</gpxtpx:hr>
          </gpxtpx:TrackPointExtension>
        </extensions>
      </trkpt>
      <trkpt lat="41.81471891366288" lon="123.68436403321323">
        <ele>0.0</ele>
        <time>2026-09-15T21:53:51Z</time>
        <extensions>
          <gpxtpx:TrackPointExtension>
            <gpxtpx:hr>149</gpxtpx:hr>
          </gpxtpx:TrackPointExtension>
        </extensions>
      </trkpt>
      <trkpt lat="41.8146921451766" lon="123.68423534109225">
        <ele>0.0</ele>
        <time>2026-09-15T21:53:54Z</time>
        <extensions>
          <gpxtpx:TrackPointExtension>
            <gpxtpx:hr>150</gpxtpx:hr>
          </gpxtpx:TrackPointExtension>
        </extensions>
      </trkpt>
      <trkpt lat="41.81466636614129" lon="123.68411263499621">
        <ele>0.0</ele>
        <time>2026-09-15T21:53:57Z</time>
        <extensions>
          <gpxtpx:TrackPointExtension>
            <gpxtpx:hr>150</gpxtpx:hr>
          </gpxtpx:TrackPointExtension>
        </extensions>
      </trkpt>
      <trkpt lat="41.814642603447055" lon="123.68398095020031">
        <ele>0.0</ele>
        <time>2026-09-15T21:54:00Z</time>
        <extensions>
          <gpxtpx:TrackPointExtension>
            <gpxtpx:hr>170</gpxtpx:hr>
          </gpxtpx:TrackPointExtension>
        </extensions>
      </trkpt>
      <trkpt lat="41.81461583564386" lon="123.68385225906265">
        <ele>0.0</ele>
        <time>2026-09-15T21:54:03Z</time>
        <extensions>
          <gpxtpx:TrackPointExtension>
            <gpxtpx:hr>169</gpxtpx:hr>
          </gpxtpx:TrackPointExtension>
        </extensions>
      </trkpt>
      <trkpt lat="41.81458906806713" lon="123.68372356825124">
        <ele>0.0</ele>
        <time>2026-09-15T21:54:06Z</time>
        <extensions>
          <gpxtpx:TrackPointExtension>
            <gpxtpx:hr>163</gpxtpx:hr>
          </gpxtpx:TrackPointExtension>
        </extensions>
      </trkpt>
      <trkpt lat="41.81455929895989" lon="123.6835958758068">
        <ele>0.0</ele>
        <time>2026-09-15T21:54:09Z</time>
        <extensions>
          <gpxtpx:TrackPointExtension>
            <gpxtpx:hr>156</gpxtpx:hr>
          </gpxtpx:TrackPointExtension>
        </extensions>
      </trkpt>
      <trkpt lat="41.81453052645181" lon="123.68347017879319">
        <ele>0.0</ele>
        <time>2026-09-15T21:54:12Z</time>
        <extensions>
          <gpxtpx:TrackPointExtension>
            <gpxtpx:hr>165</gpxtpx:hr>
          </gpxtpx:TrackPointExtension>
        </extensions>
      </trkpt>
      <trkpt lat="41.81450376134296" lon="123.6833404913148">
        <ele>0.0</ele>
        <time>2026-09-15T21:54:15Z</time>
        <extensions>
          <gpxtpx:TrackPointExtension>
            <gpxtpx:hr>167</gpxtpx:hr>
          </gpxtpx:TrackPointExtension>
        </extensions>
      </trkpt>
      <trkpt lat="41.81447398205425" lon="123.68321878554205">
        <ele>0.0</ele>
        <time>2026-09-15T21:54:18Z</time>
        <extensions>
          <gpxtpx:TrackPointExtension>
            <gpxtpx:hr>165</gpxtpx:hr>
          </gpxtpx:TrackPointExtension>
        </extensions>
      </trkpt>
      <trkpt lat="41.814452224532474" lon="123.6830851075228">
        <ele>0.0</ele>
        <time>2026-09-15T21:54:21Z</time>
        <extensions>
          <gpxtpx:TrackPointExtension>
            <gpxtpx:hr>168</gpxtpx:hr>
          </gpxtpx:TrackPointExtension>
        </extensions>
      </trkpt>
      <trkpt lat="41.814470459392346" lon="123.68295541478194">
        <ele>0.0</ele>
        <time>2026-09-15T21:54:24Z</time>
        <extensions>
          <gpxtpx:TrackPointExtension>
            <gpxtpx:hr>168</gpxtpx:hr>
          </gpxtpx:TrackPointExtension>
        </extensions>
      </trkpt>
      <trkpt lat="41.81454862835675" lon="123.68286162817623">
        <ele>0.0</ele>
        <time>2026-09-15T21:54:27Z</time>
        <extensions>
          <gpxtpx:TrackPointExtension>
            <gpxtpx:hr>161</gpxtpx:hr>
          </gpxtpx:TrackPointExtension>
        </extensions>
      </trkpt>
      <trkpt lat="41.81464772646339" lon="123.68280674574132">
        <ele>0.0</ele>
        <time>2026-09-15T21:54:30Z</time>
        <extensions>
          <gpxtpx:TrackPointExtension>
            <gpxtpx:hr>157</gpxtpx:hr>
          </gpxtpx:TrackPointExtension>
        </extensions>
      </trkpt>
      <trkpt lat="41.81474280293263" lon="123.68276383526451">
        <ele>0.0</ele>
        <time>2026-09-15T21:54:33Z</time>
        <extensions>
          <gpxtpx:TrackPointExtension>
            <gpxtpx:hr>152</gpxtpx:hr>
          </gpxtpx:TrackPointExtension>
        </extensions>
      </trkpt>
      <trkpt lat="41.81484388659432" lon="123.68271693354687">
        <ele>0.0</ele>
        <time>2026-09-15T21:54:36Z</time>
        <extensions>
          <gpxtpx:TrackPointExtension>
            <gpxtpx:hr>155</gpxtpx:hr>
          </gpxtpx:TrackPointExtension>
        </extensions>
      </trkpt>
      <trkpt lat="41.814931984993635" lon="123.68266205278027">
        <ele>0.0</ele>
        <time>2026-09-15T21:54:39Z</time>
        <extensions>
          <gpxtpx:TrackPointExtension>
            <gpxtpx:hr>152</gpxtpx:hr>
          </gpxtpx:TrackPointExtension>
        </extensions>
      </trkpt>
      <trkpt lat="41.81502110700734" lon="123.68259420300836">
        <ele>0.0</ele>
        <time>2026-09-15T21:54:42Z</time>
        <extensions>
          <gpxtpx:TrackPointExtension>
            <gpxtpx:hr>157</gpxtpx:hr>
          </gpxtpx:TrackPointExtension>
        </extensions>
      </trkpt>
      <trkpt lat="41.81510124374055" lon="123.68251837370056">
        <ele>0.0</ele>
        <time>2026-09-15T21:54:45Z</time>
        <extensions>
          <gpxtpx:TrackPointExtension>
            <gpxtpx:hr>159</gpxtpx:hr>
          </gpxtpx:TrackPointExtension>
        </extensions>
      </trkpt>
      <trkpt lat="41.815179369685254" lon="123.68244853041512">
        <ele>0.0</ele>
        <time>2026-09-15T21:54:48Z</time>
        <extensions>
          <gpxtpx:TrackPointExtension>
            <gpxtpx:hr>159</gpxtpx:hr>
          </gpxtpx:TrackPointExtension>
        </extensions>
      </trkpt>
      <trkpt lat="41.81525950475261" lon="123.68237369891652">
        <ele>0.0</ele>
        <time>2026-09-15T21:54:51Z</time>
        <extensions>
          <gpxtpx:TrackPointExtension>
            <gpxtpx:hr>166</gpxtpx:hr>
          </gpxtpx:TrackPointExtension>
        </extensions>
      </trkpt>
      <trkpt lat="41.81533564359016" lon="123.68229687286521">
        <ele>0.0</ele>
        <time>2026-09-15T21:54:54Z</time>
        <extensions>
          <gpxtpx:TrackPointExtension>
            <gpxtpx:hr>176</gpxtpx:hr>
          </gpxtpx:TrackPointExtension>
        </extensions>
      </trkpt>
      <trkpt lat="41.8154077971163" lon="123.68221206665451">
        <ele>0.0</ele>
        <time>2026-09-15T21:54:57Z</time>
        <extensions>
          <gpxtpx:TrackPointExtension>
            <gpxtpx:hr>177</gpxtpx:hr>
          </gpxtpx:TrackPointExtension>
        </extensions>
      </trkpt>
      <trkpt lat="41.81547595079427" lon="123.68212726112694">
        <ele>0.0</ele>
        <time>2026-09-15T21:55:00Z</time>
        <extensions>
          <gpxtpx:TrackPointExtension>
            <gpxtpx:hr>175</gpxtpx:hr>
          </gpxtpx:TrackPointExtension>
        </extensions>
      </trkpt>
      <trkpt lat="41.815542104594165" lon="123.68204245600569">
        <ele>0.0</ele>
        <time>2026-09-15T21:55:03Z</time>
        <extensions>
          <gpxtpx:TrackPointExtension>
            <gpxtpx:hr>175</gpxtpx:hr>
          </gpxtpx:TrackPointExtension>
        </extensions>
      </trkpt>
      <trkpt lat="41.81561227118471" lon="123.68195066727742">
        <ele>0.0</ele>
        <time>2026-09-15T21:55:06Z</time>
        <extensions>
          <gpxtpx:TrackPointExtension>
            <gpxtpx:hr>180</gpxtpx:hr>
          </gpxtpx:TrackPointExtension>
        </extensions>
      </trkpt>
      <trkpt lat="41.81568244517637" lon="123.68185488831608">
        <ele>0.0</ele>
        <time>2026-09-15T21:55:09Z</time>
        <extensions>
          <gpxtpx:TrackPointExtension>
            <gpxtpx:hr>179</gpxtpx:hr>
          </gpxtpx:TrackPointExtension>
        </extensions>
      </trkpt>
      <trkpt lat="41.815753617445495" lon="123.68176010697445">
        <ele>0.0</ele>
        <time>2026-09-15T21:55:12Z</time>
        <extensions>
          <gpxtpx:TrackPointExtension>
            <gpxtpx:hr>177</gpxtpx:hr>
          </gpxtpx:TrackPointExtension>
        </extensions>
      </trkpt>
      <trkpt lat="41.81582778430872" lon="123.68166831815584">
        <ele>0.0</ele>
        <time>2026-09-15T21:55:15Z</time>
        <extensions>
          <gpxtpx:TrackPointExtension>
            <gpxtpx:hr>173</gpxtpx:hr>
          </gpxtpx:TrackPointExtension>
        </extensions>
      </trkpt>
      <trkpt lat="41.81589895132045" lon="123.68157652990013">
        <ele>0.0</ele>
        <time>2026-09-15T21:55:18Z</time>
        <extensions>
          <gpxtpx:TrackPointExtension>
            <gpxtpx:hr>170</gpxtpx:hr>
          </gpxtpx:TrackPointExtension>
        </extensions>
      </trkpt>
      <trkpt lat="41.815971120251504" lon="123.68148374406476">
        <ele>0.0</ele>
        <time>2026-09-15T21:55:21Z</time>
        <extensions>
          <gpxtpx:TrackPointExtension>
            <gpxtpx:hr>169</gpxtpx:hr>
          </gpxtpx:TrackPointExtension>
        </extensions>
      </trkpt>
      <trkpt lat="41.81604427830241" lon="123.68139694376903">
        <ele>0.0</ele>
        <time>2026-09-15T21:55:24Z</time>
        <extensions>
          <gpxtpx:TrackPointExtension>
            <gpxtpx:hr>171</gpxtpx:hr>
          </gpxtpx:TrackPointExtension>
        </extensions>
      </trkpt>
      <trkpt lat="41.81612541437887" lon="123.68132211353829">
        <ele>0.0</ele>
        <time>2026-09-15T21:55:27Z</time>
        <extensions>
          <gpxtpx:TrackPointExtension>
            <gpxtpx:hr>176</gpxtpx:hr>
          </gpxtpx:TrackPointExtension>
        </extensions>
      </trkpt>
      <trkpt lat="41.816212544953" lon="123.68125027533233">
        <ele>0.0</ele>
        <time>2026-09-15T21:55:30Z</time>
        <extensions>
          <gpxtpx:TrackPointExtension>
            <gpxtpx:hr>176</gpxtpx:hr>
          </gpxtpx:TrackPointExtension>
        </extensions>
      </trkpt>
      <trkpt lat="41.81629766280211" lon="123.68118542058124">
        <ele>0.0</ele>
        <time>2026-09-15T21:55:33Z</time>
        <extensions>
          <gpxtpx:TrackPointExtension>
            <gpxtpx:hr>176</gpxtpx:hr>
          </gpxtpx:TrackPointExtension>
        </extensions>
      </trkpt>
      <trkpt lat="41.816387771478624" lon="123.68112555312838">
        <ele>0.0</ele>
        <time>2026-09-15T21:55:36Z</time>
        <extensions>
          <gpxtpx:TrackPointExtension>
            <gpxtpx:hr>180</gpxtpx:hr>
          </gpxtpx:TrackPointExtension>
        </extensions>
      </trkpt>
      <trkpt lat="41.816476883883254" lon="123.68106369071059">
        <ele>0.0</ele>
        <time>2026-09-15T21:55:39Z</time>
        <extensions>
          <gpxtpx:TrackPointExtension>
            <gpxtpx:hr>181</gpxtpx:hr>
          </gpxtpx:TrackPointExtension>
        </extensions>
      </trkpt>
      <trkpt lat="41.816570987105116" lon="123.68100681557398">
        <ele>0.0</ele>
        <time>2026-09-15T21:55:42Z</time>
        <extensions>
          <gpxtpx:TrackPointExtension>
            <gpxtpx:hr>182</gpxtpx:hr>
          </gpxtpx:TrackPointExtension>
        </extensions>
      </trkpt>
      <trkpt lat="41.816657086810906" lon="123.68095193675757">
        <ele>0.0</ele>
        <time>2026-09-15T21:55:45Z</time>
        <extensions>
          <gpxtpx:TrackPointExtension>
            <gpxtpx:hr>183</gpxtpx:hr>
          </gpxtpx:TrackPointExtension>
        </extensions>
      </trkpt>
      <trkpt lat="41.81675217726555" lon="123.68090204464706">
        <ele>0.0</ele>
        <time>2026-09-15T21:55:48Z</time>
        <extensions>
          <gpxtpx:TrackPointExtension>
            <gpxtpx:hr>182</gpxtpx:hr>
          </gpxtpx:TrackPointExtension>
        </extensions>
      </trkpt>
      <trkpt lat="41.816847249405534" lon="123.68086212836603">
        <ele>0.0</ele>
        <time>2026-09-15T21:55:51Z</time>
        <extensions>
          <gpxtpx:TrackPointExtension>
            <gpxtpx:hr>182</gpxtpx:hr>
          </gpxtpx:TrackPointExtension>
        </extensions>
      </trkpt>
      <trkpt lat="41.816945319697226" lon="123.68082320927597">
        <ele>0.0</ele>
        <time>2026-09-15T21:55:54Z</time>
        <extensions>
          <gpxtpx:TrackPointExtension>
            <gpxtpx:hr>184</gpxtpx:hr>
          </gpxtpx:TrackPointExtension>
        </extensions>
      </trkpt>
      <trkpt lat="41.81704439183795" lon="123.68078329249597">
        <ele>0.0</ele>
        <time>2026-09-15T21:55:57Z</time>
        <extensions>
          <gpxtpx:TrackPointExtension>
            <gpxtpx:hr>183</gpxtpx:hr>
          </gpxtpx:TrackPointExtension>
        </extensions>
      </trkpt>
      <trkpt lat="41.8171444566472" lon="123.68074736591221">
        <ele>0.0</ele>
        <time>2026-09-15T21:56:00Z</time>
        <extensions>
          <gpxtpx:TrackPointExtension>
            <gpxtpx:hr>182</gpxtpx:hr>
          </gpxtpx:TrackPointExtension>
        </extensions>
      </trkpt>
      <trkpt lat="41.8172425141587" lon="123.68071542993155">
        <ele>0.0</ele>
        <time>2026-09-15T21:56:03Z</time>
        <extensions>
          <gpxtpx:TrackPointExtension>
            <gpxtpx:hr>181</gpxtpx:hr>
          </gpxtpx:TrackPointExtension>
        </extensions>
      </trkpt>
      <trkpt lat="41.817340553319944" lon="123.68069346972703">
        <ele>0.0</ele>
        <time>2026-09-15T21:56:06Z</time>
        <extensions>
          <gpxtpx:TrackPointExtension>
            <gpxtpx:hr>181</gpxtpx:hr>
          </gpxtpx:TrackPointExtension>
        </extensions>
      </trkpt>
      <trkpt lat="41.81743860351906" lon="123.68066552407726">
        <ele>0.0</ele>
        <time>2026-09-15T21:56:09Z</time>
        <extensions>
          <gpxtpx:TrackPointExtension>
            <gpxtpx:hr>182</gpxtpx:hr>
          </gpxtpx:TrackPointExtension>
        </extensions>
      </trkpt>
      <trkpt lat="41.81753263724766" lon="123.68064655716888">
        <ele>0.0</ele>
        <time>2026-09-15T21:56:12Z</time>
        <extensions>
          <gpxtpx:TrackPointExtension>
            <gpxtpx:hr>183</gpxtpx:hr>
          </gpxtpx:TrackPointExtension>
        </extensions>
      </trkpt>
      <trkpt lat="41.81762367837676" lon="123.68062360038131">
        <ele>0.0</ele>
        <time>2026-09-15T21:56:15Z</time>
        <extensions>
          <gpxtpx:TrackPointExtension>
            <gpxtpx:hr>180</gpxtpx:hr>
          </gpxtpx:TrackPointExtension>
        </extensions>
      </trkpt>
      <trkpt lat="41.817723719408036" lon="123.68060064236015">
        <ele>0.0</ele>
        <time>2026-09-15T21:56:18Z</time>
        <extensions>
          <gpxtpx:TrackPointExtension>
            <gpxtpx:hr>181</gpxtpx:hr>
          </gpxtpx:TrackPointExtension>
        </extensions>
      </trkpt>
      <trkpt lat="41.81782074394687" lon="123.68058666292904">
        <ele>0.0</ele>
        <time>2026-09-15T21:56:21Z</time>
        <extensions>
          <gpxtpx:TrackPointExtension>
            <gpxtpx:hr>184</gpxtpx:hr>
          </gpxtpx:TrackPointExtension>
        </extensions>
      </trkpt>
      <trkpt lat="41.81791375200043" lon="123.68058166221978">
        <ele>0.0</ele>
        <time>2026-09-15T21:56:24Z</time>
        <extensions>
          <gpxtpx:TrackPointExtension>
            <gpxtpx:hr>183</gpxtpx:hr>
          </gpxtpx:TrackPointExtension>
        </extensions>
      </trkpt>
      <trkpt lat="41.818008752684754" lon="123.68058065153102">
        <ele>0.0</ele>
        <time>2026-09-15T21:56:27Z</time>
        <extensions>
          <gpxtpx:TrackPointExtension>
            <gpxtpx:hr>184</gpxtpx:hr>
          </gpxtpx:TrackPointExtension>
        </extensions>
      </trkpt>
      <trkpt lat="41.818108745964174" lon="123.68058363044841">
        <ele>0.0</ele>
        <time>2026-09-15T21:56:30Z</time>
        <extensions>
          <gpxtpx:TrackPointExtension>
            <gpxtpx:hr>184</gpxtpx:hr>
          </gpxtpx:TrackPointExtension>
        </extensions>
      </trkpt>
      <trkpt lat="41.81820872087132" lon="123.6805965851085">
        <ele>0.0</ele>
        <time>2026-09-15T21:56:33Z</time>
        <extensions>
          <gpxtpx:TrackPointExtension>
            <gpxtpx:hr>186</gpxtpx:hr>
          </gpxtpx:TrackPointExtension>
        </extensions>
      </trkpt>
      <trkpt lat="41.818312675525405" lon="123.68062051254014">
        <ele>0.0</ele>
        <time>2026-09-15T21:56:36Z</time>
        <extensions>
          <gpxtpx:TrackPointExtension>
            <gpxtpx:hr>185</gpxtpx:hr>
          </gpxtpx:TrackPointExtension>
        </extensions>
      </trkpt>
      <trkpt lat="41.81840765051514" lon="123.68063346789806">
        <ele>0.0</ele>
        <time>2026-09-15T21:56:39Z</time>
        <extensions>
          <gpxtpx:TrackPointExtension>
            <gpxtpx:hr>184</gpxtpx:hr>
          </gpxtpx:TrackPointExtension>
        </extensions>
      </trkpt>
      <trkpt lat="41.81850562364247" lon="123.6806474204196">
        <ele>0.0</ele>
        <time>2026-09-15T21:56:42Z</time>
        <extensions>
          <gpxtpx:TrackPointExtension>
            <gpxtpx:hr>183</gpxtpx:hr>
          </gpxtpx:TrackPointExtension>
        </extensions>
      </trkpt>
      <trkpt lat="41.818605602269706" lon="123.68065837994199">
        <ele>0.0</ele>
        <time>2026-09-15T21:56:45Z</time>
        <extensions>
          <gpxtpx:TrackPointExtension>
            <gpxtpx:hr>182</gpxtpx:hr>
          </gpxtpx:TrackPointExtension>
        </extensions>
      </trkpt>
      <trkpt lat="41.818707569861004" lon="123.68067532464359">
        <ele>0.0</ele>
        <time>2026-09-15T21:56:48Z</time>
        <extensions>
          <gpxtpx:TrackPointExtension>
            <gpxtpx:hr>184</gpxtpx:hr>
          </gpxtpx:TrackPointExtension>
        </extensions>
      </trkpt>
      <trkpt lat="41.81880753197675" lon="123.6806952623537">
        <ele>0.0</ele>
        <time>2026-09-15T21:56:51Z</time>
        <extensions>
          <gpxtpx:TrackPointExtension>
            <gpxtpx:hr>184</gpxtpx:hr>
          </gpxtpx:TrackPointExtension>
        </extensions>
      </trkpt>
      <trkpt lat="41.818909479389816" lon="123.6807231804049">
        <ele>0.0</ele>
        <time>2026-09-15T21:56:54Z</time>
        <extensions>
          <gpxtpx:TrackPointExtension>
            <gpxtpx:hr>187</gpxtpx:hr>
          </gpxtpx:TrackPointExtension>
        </extensions>
      </trkpt>
      <trkpt lat="41.819007414011786" lon="123.68075808205961">
        <ele>0.0</ele>
        <time>2026-09-15T21:56:57Z</time>
        <extensions>
          <gpxtpx:TrackPointExtension>
            <gpxtpx:hr>190</gpxtpx:hr>
          </gpxtpx:TrackPointExtension>
        </extensions>
      </trkpt>
      <trkpt lat="41.81909934137958" lon="123.68079697487316">
        <ele>0.0</ele>
        <time>2026-09-15T21:57:00Z</time>
        <extensions>
          <gpxtpx:TrackPointExtension>
            <gpxtpx:hr>196</gpxtpx:hr>
          </gpxtpx:TrackPointExtension>
        </extensions>
      </trkpt>
      <trkpt lat="41.81919027612493" lon="123.68083187753676">
        <ele>0.0</ele>
        <time>2026-09-15T21:57:03Z</time>
        <extensions>
          <gpxtpx:TrackPointExtension>
            <gpxtpx:hr>194</gpxtpx:hr>
          </gpxtpx:TrackPointExtension>
        </extensions>
      </trkpt>
      <trkpt lat="41.81927719809056" lon="123.68087376382482">
        <ele>0.0</ele>
        <time>2026-09-15T21:57:06Z</time>
        <extensions>
          <gpxtpx:TrackPointExtension>
            <gpxtpx:hr>194</gpxtpx:hr>
          </gpxtpx:TrackPointExtension>
        </extensions>
      </trkpt>
      <trkpt lat="41.819372105320774" lon="123.68092362967495">
        <ele>0.0</ele>
        <time>2026-09-15T21:57:09Z</time>
        <extensions>
          <gpxtpx:TrackPointExtension>
            <gpxtpx:hr>195</gpxtpx:hr>
          </gpxtpx:TrackPointExtension>
        </extensions>
      </trkpt>
      <trkpt lat="41.819464016287704" lon="123.68097150081968">
        <ele>0.0</ele>
        <time>2026-09-15T21:57:12Z</time>
        <extensions>
          <gpxtpx:TrackPointExtension>
            <gpxtpx:hr>194</gpxtpx:hr>
          </gpxtpx:TrackPointExtension>
        </extensions>
      </trkpt>
      <trkpt lat="41.81955692177822" lon="123.68102236460886">
        <ele>0.0</ele>
        <time>2026-09-15T21:57:15Z</time>
        <extensions>
          <gpxtpx:TrackPointExtension>
            <gpxtpx:hr>196</gpxtpx:hr>
          </gpxtpx:TrackPointExtension>
        </extensions>
      </trkpt>
      <trkpt lat="41.819648827317096" lon="123.68107322857959">
        <ele>0.0</ele>
        <time>2026-09-15T21:57:18Z</time>
        <extensions>
          <gpxtpx:TrackPointExtension>
            <gpxtpx:hr>197</gpxtpx:hr>
          </gpxtpx:TrackPointExtension>
        </extensions>
      </trkpt>
      <trkpt lat="41.81973871642658" lon="123.68113307111896">
        <ele>0.0</ele>
        <time>2026-09-15T21:57:21Z</time>
        <extensions>
          <gpxtpx:TrackPointExtension>
            <gpxtpx:hr>197</gpxtpx:hr>
          </gpxtpx:TrackPointExtension>
        </extensions>
      </trkpt>
      <trkpt lat="41.81982559279788" lon="123.68119989722378">
        <ele>0.0</ele>
        <time>2026-09-15T21:57:24Z</time>
        <extensions>
          <gpxtpx:TrackPointExtension>
            <gpxtpx:hr>196</gpxtpx:hr>
          </gpxtpx:TrackPointExtension>
        </extensions>
      </trkpt>
      <trkpt lat="41.8199094710898" lon="123.68126572623332">
        <ele>0.0</ele>
        <time>2026-09-15T21:57:27Z</time>
        <extensions>
          <gpxtpx:TrackPointExtension>
            <gpxtpx:hr>192</gpxtpx:hr>
          </gpxtpx:TrackPointExtension>
        </extensions>
      </trkpt>
      <trkpt lat="41.81998934216175" lon="123.68133554621615">
        <ele>0.0</ele>
        <time>2026-09-15T21:57:30Z</time>
        <extensions>
          <gpxtpx:TrackPointExtension>
            <gpxtpx:hr>187</gpxtpx:hr>
          </gpxtpx:TrackPointExtension>
        </extensions>
      </trkpt>
      <trkpt lat="41.82006618589745" lon="123.68142033051805">
        <ele>0.0</ele>
        <time>2026-09-15T21:57:33Z</time>
        <extensions>
          <gpxtpx:TrackPointExtension>
            <gpxtpx:hr>189</gpxtpx:hr>
          </gpxtpx:TrackPointExtension>
        </extensions>
      </trkpt>
      <trkpt lat="41.82014204435501" lon="123.68149713436546">
        <ele>0.0</ele>
        <time>2026-09-15T21:57:36Z</time>
        <extensions>
          <gpxtpx:TrackPointExtension>
            <gpxtpx:hr>189</gpxtpx:hr>
          </gpxtpx:TrackPointExtension>
        </extensions>
      </trkpt>
      <trkpt lat="41.820223884560356" lon="123.68158391339611">
        <ele>0.0</ele>
        <time>2026-09-15T21:57:39Z</time>
        <extensions>
          <gpxtpx:TrackPointExtension>
            <gpxtpx:hr>190</gpxtpx:hr>
          </gpxtpx:TrackPointExtension>
        </extensions>
      </trkpt>
      <trkpt lat="41.820303728533275" lon="123.6816686976492">
        <ele>0.0</ele>
        <time>2026-09-15T21:57:42Z</time>
        <extensions>
          <gpxtpx:TrackPointExtension>
            <gpxtpx:hr>188</gpxtpx:hr>
          </gpxtpx:TrackPointExtension>
        </extensions>
      </trkpt>
      <trkpt lat="41.82036755633689" lon="123.68176246258479">
        <ele>0.0</ele>
        <time>2026-09-15T21:57:45Z</time>
        <extensions>
          <gpxtpx:TrackPointExtension>
            <gpxtpx:hr>186</gpxtpx:hr>
          </gpxtpx:TrackPointExtension>
        </extensions>
      </trkpt>
      <trkpt lat="41.82043538056431" lon="123.68185822231463">
        <ele>0.0</ele>
        <time>2026-09-15T21:57:48Z</time>
        <extensions>
          <gpxtpx:TrackPointExtension>
            <gpxtpx:hr>184</gpxtpx:hr>
          </gpxtpx:TrackPointExtension>
        </extensions>
      </trkpt>
      <trkpt lat="41.82050419578702" lon="123.68195897005693">
        <ele>0.0</ele>
        <time>2026-09-15T21:57:51Z</time>
        <extensions>
          <gpxtpx:TrackPointExtension>
            <gpxtpx:hr>187</gpxtpx:hr>
          </gpxtpx:TrackPointExtension>
        </extensions>
      </trkpt>
      <trkpt lat="41.82056598935722" lon="123.6820716901417">
        <ele>0.0</ele>
        <time>2026-09-15T21:57:54Z</time>
        <extensions>
          <gpxtpx:TrackPointExtension>
            <gpxtpx:hr>188</gpxtpx:hr>
          </gpxtpx:TrackPointExtension>
        </extensions>
      </trkpt>
      <trkpt lat="41.820630784877785" lon="123.68218341243842">
        <ele>0.0</ele>
        <time>2026-09-15T21:57:57Z</time>
        <extensions>
          <gpxtpx:TrackPointExtension>
            <gpxtpx:hr>191</gpxtpx:hr>
          </gpxtpx:TrackPointExtension>
        </extensions>
      </trkpt>
      <trkpt lat="41.82065255007031" lon="123.68231210016562">
        <ele>0.0</ele>
        <time>2026-09-15T21:58:00Z</time>
        <extensions>
          <gpxtpx:TrackPointExtension>
            <gpxtpx:hr>194</gpxtpx:hr>
          </gpxtpx:TrackPointExtension>
        </extensions>
      </trkpt>
      <trkpt lat="41.8206473157325" lon="123.68244079192411">
        <ele>0.0</ele>
        <time>2026-09-15T21:58:03Z</time>
        <extensions>
          <gpxtpx:TrackPointExtension>
            <gpxtpx:hr>196</gpxtpx:hr>
          </gpxtpx:TrackPointExtension>
        </extensions>
      </trkpt>
      <trkpt lat="41.82063706532196" lon="123.68257846315643">
        <ele>0.0</ele>
        <time>2026-09-15T21:58:06Z</time>
        <extensions>
          <gpxtpx:TrackPointExtension>
            <gpxtpx:hr>195</gpxtpx:hr>
          </gpxtpx:TrackPointExtension>
        </extensions>
      </trkpt>
      <trkpt lat="41.820657834790964" lon="123.68270515673198">
        <ele>0.0</ele>
        <time>2026-09-15T21:58:09Z</time>
        <extensions>
          <gpxtpx:TrackPointExtension>
            <gpxtpx:hr>192</gpxtpx:hr>
          </gpxtpx:TrackPointExtension>
        </extensions>
      </trkpt>
      <trkpt lat="41.82071564395679" lon="123.68280989800003">
        <ele>0.0</ele>
        <time>2026-09-15T21:58:12Z</time>
        <extensions>
          <gpxtpx:TrackPointExtension>
            <gpxtpx:hr>191</gpxtpx:hr>
          </gpxtpx:TrackPointExtension>
        </extensions>
      </trkpt>
      <trkpt lat="41.8208025181608" lon="123.68287872133381">
        <ele>0.0</ele>
        <time>2026-09-15T21:58:15Z</time>
        <extensions>
          <gpxtpx:TrackPointExtension>
            <gpxtpx:hr>193</gpxtpx:hr>
          </gpxtpx:TrackPointExtension>
        </extensions>
      </trkpt>
      <trkpt lat="41.82090243755536" lon="123.68292260257225">
        <ele>0.0</ele>
        <time>2026-09-15T21:58:18Z</time>
        <extensions>
          <gpxtpx:TrackPointExtension>
            <gpxtpx:hr>192</gpxtpx:hr>
          </gpxtpx:TrackPointExtension>
        </extensions>
      </trkpt>
      <trkpt lat="41.82098227756962" lon="123.68301038173618">
        <ele>0.0</ele>
        <time>2026-09-15T21:58:21Z</time>
        <extensions>
          <gpxtpx:TrackPointExtension>
            <gpxtpx:hr>192</gpxtpx:hr>
          </gpxtpx:TrackPointExtension>
        </extensions>
      </trkpt>
      <trkpt lat="41.821024052976306" lon="123.6831340805767">
        <ele>0.0</ele>
        <time>2026-09-15T21:58:24Z</time>
        <extensions>
          <gpxtpx:TrackPointExtension>
            <gpxtpx:hr>194</gpxtpx:hr>
          </gpxtpx:TrackPointExtension>
        </extensions>
      </trkpt>
      <trkpt lat="41.82105582145626" lon="123.68326177157626">
        <ele>0.0</ele>
        <time>2026-09-15T21:58:27Z</time>
        <extensions>
          <gpxtpx:TrackPointExtension>
            <gpxtpx:hr>194</gpxtpx:hr>
          </gpxtpx:TrackPointExtension>
        </extensions>
      </trkpt>
      <trkpt lat="41.82107558846049" lon="123.68339046216997">
        <ele>0.0</ele>
        <time>2026-09-15T21:58:30Z</time>
        <extensions>
          <gpxtpx:TrackPointExtension>
            <gpxtpx:hr>194</gpxtpx:hr>
          </gpxtpx:TrackPointExtension>
        </extensions>
      </trkpt>
      <trkpt lat="41.82108936475213" lon="123.68351416577879">
        <ele>0.0</ele>
        <time>2026-09-15T21:58:33Z</time>
        <extensions>
          <gpxtpx:TrackPointExtension>
            <gpxtpx:hr>197</gpxtpx:hr>
          </gpxtpx:TrackPointExtension>
        </extensions>
      </trkpt>
      <trkpt lat="41.82110614302151" lon="123.68363687164072">
        <ele>0.0</ele>
        <time>2026-09-15T21:58:36Z</time>
        <extensions>
          <gpxtpx:TrackPointExtension>
            <gpxtpx:hr>197</gpxtpx:hr>
          </gpxtpx:TrackPointExtension>
        </extensions>
      </trkpt>
      <trkpt lat="41.82112292329299" lon="123.68375858016493">
        <ele>0.0</ele>
        <time>2026-09-15T21:58:39Z</time>
        <extensions>
          <gpxtpx:TrackPointExtension>
            <gpxtpx:hr>196</gpxtpx:hr>
          </gpxtpx:TrackPointExtension>
        </extensions>
      </trkpt>
      <trkpt lat="41.82113070384916" lon="123.6838802902235">
        <ele>0.0</ele>
        <time>2026-09-15T21:58:42Z</time>
        <extensions>
          <gpxtpx:TrackPointExtension>
            <gpxtpx:hr>194</gpxtpx:hr>
          </gpxtpx:TrackPointExtension>
        </extensions>
      </trkpt>
      <trkpt lat="41.82113947741599" lon="123.68400599098082">
        <ele>0.0</ele>
        <time>2026-09-15T21:58:45Z</time>
        <extensions>
          <gpxtpx:TrackPointExtension>
            <gpxtpx:hr>190</gpxtpx:hr>
          </gpxtpx:TrackPointExtension>
        </extensions>
      </trkpt>
      <trkpt lat="41.82114724941549" lon="123.68413268982881">
        <ele>0.0</ele>
        <time>2026-09-15T21:58:48Z</time>
        <extensions>
          <gpxtpx:TrackPointExtension>
            <gpxtpx:hr>190</gpxtpx:hr>
          </gpxtpx:TrackPointExtension>
        </extensions>
      </trkpt>
      <trkpt lat="41.821141011014674" lon="123.68426537678025">
        <ele>0.0</ele>
        <time>2026-09-15T21:58:51Z</time>
        <extensions>
          <gpxtpx:TrackPointExtension>
            <gpxtpx:hr>186</gpxtpx:hr>
          </gpxtpx:TrackPointExtension>
        </extensions>
      </trkpt>
      <trkpt lat="41.82113378360949" lon="123.68439207836033">
        <ele>0.0</ele>
        <time>2026-09-15T21:58:54Z</time>
        <extensions>
          <gpxtpx:TrackPointExtension>
            <gpxtpx:hr>187</gpxtpx:hr>
          </gpxtpx:TrackPointExtension>
        </extensions>
      </trkpt>
      <trkpt lat="41.82112455108276" lon="123.68452177348126">
        <ele>0.0</ele>
        <time>2026-09-15T21:58:57Z</time>
        <extensions>
          <gpxtpx:TrackPointExtension>
            <gpxtpx:hr>185</gpxtpx:hr>
          </gpxtpx:TrackPointExtension>
        </extensions>
      </trkpt>
      <trkpt lat="41.82111733306792" lon="123.68464348747565">
        <ele>0.0</ele>
        <time>2026-09-15T21:59:00Z</time>
        <extensions>
          <gpxtpx:TrackPointExtension>
            <gpxtpx:hr>183</gpxtpx:hr>
          </gpxtpx:TrackPointExtension>
        </extensions>
      </trkpt>
      <trkpt lat="41.82111211167506" lon="123.68476719680002">
        <ele>0.0</ele>
        <time>2026-09-15T21:59:03Z</time>
        <extensions>
          <gpxtpx:TrackPointExtension>
            <gpxtpx:hr>181</gpxtpx:hr>
          </gpxtpx:TrackPointExtension>
        </extensions>
      </trkpt>
      <trkpt lat="41.821107890491646" lon="123.68489090630138">
        <ele>0.0</ele>
        <time>2026-09-15T21:59:06Z</time>
        <extensions>
          <gpxtpx:TrackPointExtension>
            <gpxtpx:hr>181</gpxtpx:hr>
          </gpxtpx:TrackPointExtension>
        </extensions>
      </trkpt>
      <trkpt lat="41.82110966769115" lon="123.68501561294701">
        <ele>0.0</ele>
        <time>2026-09-15T21:59:09Z</time>
        <extensions>
          <gpxtpx:TrackPointExtension>
            <gpxtpx:hr>182</gpxtpx:hr>
          </gpxtpx:TrackPointExtension>
        </extensions>
      </trkpt>
      <trkpt lat="41.821111441556596" lon="123.68514231523518">
        <ele>0.0</ele>
        <time>2026-09-15T21:59:12Z</time>
        <extensions>
          <gpxtpx:TrackPointExtension>
            <gpxtpx:hr>181</gpxtpx:hr>
          </gpxtpx:TrackPointExtension>
        </extensions>
      </trkpt>
      <trkpt lat="41.82112621020208" lon="123.68527200904848">
        <ele>0.0</ele>
        <time>2026-09-15T21:59:15Z</time>
        <extensions>
          <gpxtpx:TrackPointExtension>
            <gpxtpx:hr>184</gpxtpx:hr>
          </gpxtpx:TrackPointExtension>
        </extensions>
      </trkpt>
      <trkpt lat="41.82113797201924" lon="123.68540569429014">
        <ele>0.0</ele>
        <time>2026-09-15T21:59:18Z</time>
        <extensions>
          <gpxtpx:TrackPointExtension>
            <gpxtpx:hr>185</gpxtpx:hr>
          </gpxtpx:TrackPointExtension>
        </extensions>
      </trkpt>
      <trkpt lat="41.82115074650709" lon="123.6855323960991">
        <ele>0.0</ele>
        <time>2026-09-15T21:59:21Z</time>
        <extensions>
          <gpxtpx:TrackPointExtension>
            <gpxtpx:hr>185</gpxtpx:hr>
          </gpxtpx:TrackPointExtension>
        </extensions>
      </trkpt>
      <trkpt lat="41.82116752651213" lon="123.6856561046866">
        <ele>0.0</ele>
        <time>2026-09-15T21:59:24Z</time>
        <extensions>
          <gpxtpx:TrackPointExtension>
            <gpxtpx:hr>186</gpxtpx:hr>
          </gpxtpx:TrackPointExtension>
        </extensions>
      </trkpt>
      <trkpt lat="41.82118930846984" lon="123.68577881523792">
        <ele>0.0</ele>
        <time>2026-09-15T21:59:27Z</time>
        <extensions>
          <gpxtpx:TrackPointExtension>
            <gpxtpx:hr>182</gpxtpx:hr>
          </gpxtpx:TrackPointExtension>
        </extensions>
      </trkpt>
      <trkpt lat="41.821218095894594" lon="123.68589853211952">
        <ele>0.0</ele>
        <time>2026-09-15T21:59:30Z</time>
        <extensions>
          <gpxtpx:TrackPointExtension>
            <gpxtpx:hr>184</gpxtpx:hr>
          </gpxtpx:TrackPointExtension>
        </extensions>
      </trkpt>
      <trkpt lat="41.82124287120788" lon="123.68602523361095">
        <ele>0.0</ele>
        <time>2026-09-15T21:59:33Z</time>
        <extensions>
          <gpxtpx:TrackPointExtension>
            <gpxtpx:hr>188</gpxtpx:hr>
          </gpxtpx:TrackPointExtension>
        </extensions>
      </trkpt>
      <trkpt lat="41.82127064673809" lon="123.68615193503713">
        <ele>0.0</ele>
        <time>2026-09-15T21:59:36Z</time>
        <extensions>
          <gpxtpx:TrackPointExtension>
            <gpxtpx:hr>191</gpxtpx:hr>
          </gpxtpx:TrackPointExtension>
        </extensions>
      </trkpt>
      <trkpt lat="41.8213044242221" lon="123.6862776383014">
        <ele>0.0</ele>
        <time>2026-09-15T21:59:39Z</time>
        <extensions>
          <gpxtpx:TrackPointExtension>
            <gpxtpx:hr>193</gpxtpx:hr>
          </gpxtpx:TrackPointExtension>
        </extensions>
      </trkpt>
      <trkpt lat="41.82133921778725" lon="123.6863943625983">
        <ele>0.0</ele>
        <time>2026-09-15T21:59:42Z</time>
        <extensions>
          <gpxtpx:TrackPointExtension>
            <gpxtpx:hr>194</gpxtpx:hr>
          </gpxtpx:TrackPointExtension>
        </extensions>
      </trkpt>
      <trkpt lat="41.821374015081986" lon="123.68650909181899">
        <ele>0.0</ele>
        <time>2026-09-15T21:59:45Z</time>
        <extensions>
          <gpxtpx:TrackPointExtension>
            <gpxtpx:hr>191</gpxtpx:hr>
          </gpxtpx:TrackPointExtension>
        </extensions>
      </trkpt>
      <trkpt lat="41.82141280903172" lon="123.68662581616168">
        <ele>0.0</ele>
        <time>2026-09-15T21:59:48Z</time>
        <extensions>
          <gpxtpx:TrackPointExtension>
            <gpxtpx:hr>184</gpxtpx:hr>
          </gpxtpx:TrackPointExtension>
        </extensions>
      </trkpt>
      <trkpt lat="41.82145762771833" lon="123.68672857226554">
        <ele>0.0</ele>
        <time>2026-09-15T21:59:51Z</time>
        <extensions>
          <gpxtpx:TrackPointExtension>
            <gpxtpx:hr>181</gpxtpx:hr>
          </gpxtpx:TrackPointExtension>
        </extensions>
      </trkpt>
      <trkpt lat="41.82150143956555" lon="123.68683531952843">
        <ele>0.0</ele>
        <time>2026-09-15T21:59:54Z</time>
        <extensions>
          <gpxtpx:TrackPointExtension>
            <gpxtpx:hr>182</gpxtpx:hr>
          </gpxtpx:TrackPointExtension>
        </extensions>
      </trkpt>
      <trkpt lat="41.82153724465656" lon="123.68694605894848">
        <ele>0.0</ele>
        <time>2026-09-15T21:59:57Z</time>
        <extensions>
          <gpxtpx:TrackPointExtension>
            <gpxtpx:hr>182</gpxtpx:hr>
          </gpxtpx:TrackPointExtension>
        </extensions>
      </trkpt>
      <trkpt lat="41.8214546785193" lon="123.68726932580695">
        <ele>0.0</ele>
        <time>2026-09-15T22:00:06Z</time>
        <extensions>
          <gpxtpx:TrackPointExtension>
            <gpxtpx:hr>187</gpxtpx:hr>
          </gpxtpx:TrackPointExtension>
        </extensions>
      </trkpt>
      <trkpt lat="41.82136955179622" lon="123.6873421701563">
        <ele>0.0</ele>
        <time>2026-09-15T22:00:09Z</time>
        <extensions>
          <gpxtpx:TrackPointExtension>
            <gpxtpx:hr>187</gpxtpx:hr>
          </gpxtpx:TrackPointExtension>
        </extensions>
      </trkpt>
      <trkpt lat="41.821284437378274" lon="123.687408030664">
        <ele>0.0</ele>
        <time>2026-09-15T22:00:12Z</time>
        <extensions>
          <gpxtpx:TrackPointExtension>
            <gpxtpx:hr>187</gpxtpx:hr>
          </gpxtpx:TrackPointExtension>
        </extensions>
      </trkpt>
      <trkpt lat="41.82120132476222" lon="123.68747289328493">
        <ele>0.0</ele>
        <time>2026-09-15T22:00:15Z</time>
        <extensions>
          <gpxtpx:TrackPointExtension>
            <gpxtpx:hr>186</gpxtpx:hr>
          </gpxtpx:TrackPointExtension>
        </extensions>
      </trkpt>
      <trkpt lat="41.821114227942594" lon="123.68752877714901">
        <ele>0.0</ele>
        <time>2026-09-15T22:00:18Z</time>
        <extensions>
          <gpxtpx:TrackPointExtension>
            <gpxtpx:hr>182</gpxtpx:hr>
          </gpxtpx:TrackPointExtension>
        </extensions>
      </trkpt>
      <trkpt lat="41.82103313460819" lon="123.68758266482949">
        <ele>0.0</ele>
        <time>2026-09-15T22:00:21Z</time>
        <extensions>
          <gpxtpx:TrackPointExtension>
            <gpxtpx:hr>181</gpxtpx:hr>
          </gpxtpx:TrackPointExtension>
        </extensions>
      </trkpt>
      <trkpt lat="41.82094801350932" lon="123.68765251656428">
        <ele>0.0</ele>
        <time>2026-09-15T22:00:24Z</time>
        <extensions>
          <gpxtpx:TrackPointExtension>
            <gpxtpx:hr>180</gpxtpx:hr>
          </gpxtpx:TrackPointExtension>
        </extensions>
      </trkpt>
      <trkpt lat="41.82086488030012" lon="123.68772935215183">
        <ele>0.0</ele>
        <time>2026-09-15T22:00:27Z</time>
        <extensions>
          <gpxtpx:TrackPointExtension>
            <gpxtpx:hr>179</gpxtpx:hr>
          </gpxtpx:TrackPointExtension>
        </extensions>
      </trkpt>
      <trkpt lat="41.82078276282979" lon="123.68779720827526">
        <ele>0.0</ele>
        <time>2026-09-15T22:00:30Z</time>
        <extensions>
          <gpxtpx:TrackPointExtension>
            <gpxtpx:hr>179</gpxtpx:hr>
          </gpxtpx:TrackPointExtension>
        </extensions>
      </trkpt>
      <trkpt lat="41.820702643684484" lon="123.68786606195003">
        <ele>0.0</ele>
        <time>2026-09-15T22:00:33Z</time>
        <extensions>
          <gpxtpx:TrackPointExtension>
            <gpxtpx:hr>181</gpxtpx:hr>
          </gpxtpx:TrackPointExtension>
        </extensions>
      </trkpt>
      <trkpt lat="41.82062251073393" lon="123.68794289750838">
        <ele>0.0</ele>
        <time>2026-09-15T22:00:36Z</time>
        <extensions>
          <gpxtpx:TrackPointExtension>
            <gpxtpx:hr>182</gpxtpx:hr>
          </gpxtpx:TrackPointExtension>
        </extensions>
      </trkpt>
      <trkpt lat="41.82054236747821" lon="123.68802571954701">
        <ele>0.0</ele>
        <time>2026-09-15T22:00:39Z</time>
        <extensions>
          <gpxtpx:TrackPointExtension>
            <gpxtpx:hr>184</gpxtpx:hr>
          </gpxtpx:TrackPointExtension>
        </extensions>
      </trkpt>
      <trkpt lat="41.82046123995256" lon="123.68809956235835">
        <ele>0.0</ele>
        <time>2026-09-15T22:00:42Z</time>
        <extensions>
          <gpxtpx:TrackPointExtension>
            <gpxtpx:hr>188</gpxtpx:hr>
          </gpxtpx:TrackPointExtension>
        </extensions>
      </trkpt>
      <trkpt lat="41.82038411941288" lon="123.68816941383811">
        <ele>0.0</ele>
        <time>2026-09-15T22:00:45Z</time>
        <extensions>
          <gpxtpx:TrackPointExtension>
            <gpxtpx:hr>186</gpxtpx:hr>
          </gpxtpx:TrackPointExtension>
        </extensions>
      </trkpt>
      <trkpt lat="41.820300007686065" lon="123.68823427776012">
        <ele>0.0</ele>
        <time>2026-09-15T22:00:48Z</time>
        <extensions>
          <gpxtpx:TrackPointExtension>
            <gpxtpx:hr>193</gpxtpx:hr>
          </gpxtpx:TrackPointExtension>
        </extensions>
      </trkpt>
      <trkpt lat="41.8202148700957" lon="123.68831410787413">
        <ele>0.0</ele>
        <time>2026-09-15T22:00:51Z</time>
        <extensions>
          <gpxtpx:TrackPointExtension>
            <gpxtpx:hr>192</gpxtpx:hr>
          </gpxtpx:TrackPointExtension>
        </extensions>
      </trkpt>
      <trkpt lat="41.820129737804585" lon="123.68839094494426">
        <ele>0.0</ele>
        <time>2026-09-15T22:00:54Z</time>
        <extensions>
          <gpxtpx:TrackPointExtension>
            <gpxtpx:hr>194</gpxtpx:hr>
          </gpxtpx:TrackPointExtension>
        </extensions>
      </trkpt>
      <trkpt lat="41.820044614256204" lon="123.68846279348645">
        <ele>0.0</ele>
        <time>2026-09-15T22:00:57Z</time>
        <extensions>
          <gpxtpx:TrackPointExtension>
            <gpxtpx:hr>201</gpxtpx:hr>
          </gpxtpx:TrackPointExtension>
        </extensions>
      </trkpt>
      <trkpt lat="41.81996248559204" lon="123.68853763494525">
        <ele>0.0</ele>
        <time>2026-09-15T22:01:00Z</time>
        <extensions>
          <gpxtpx:TrackPointExtension>
            <gpxtpx:hr>205</gpxtpx:hr>
          </gpxtpx:TrackPointExtension>
        </extensions>
      </trkpt>
      <trkpt lat="41.819879362213946" lon="123.68860948346543">
        <ele>0.0</ele>
        <time>2026-09-15T22:01:03Z</time>
        <extensions>
          <gpxtpx:TrackPointExtension>
            <gpxtpx:hr>208</gpxtpx:hr>
          </gpxtpx:TrackPointExtension>
        </extensions>
      </trkpt>
      <trkpt lat="41.81980123887739" lon="123.68868133141902">
        <ele>0.0</ele>
        <time>2026-09-15T22:01:06Z</time>
        <extensions>
          <gpxtpx:TrackPointExtension>
            <gpxtpx:hr>208</gpxtpx:hr>
          </gpxtpx:TrackPointExtension>
        </extensions>
      </trkpt>
      <trkpt lat="41.81972311563428" lon="123.6887531794982">
        <ele>0.0</ele>
        <time>2026-09-15T22:01:09Z</time>
        <extensions>
          <gpxtpx:TrackPointExtension>
            <gpxtpx:hr>210</gpxtpx:hr>
          </gpxtpx:TrackPointExtension>
        </extensions>
      </trkpt>
      <trkpt lat="41.819643002833956" lon="123.68881904152424">
        <ele>0.0</ele>
        <time>2026-09-15T22:01:12Z</time>
        <extensions>
          <gpxtpx:TrackPointExtension>
            <gpxtpx:hr>206</gpxtpx:hr>
          </gpxtpx:TrackPointExtension>
        </extensions>
      </trkpt>
      <trkpt lat="41.819564888372135" lon="123.6888859011238">
        <ele>0.0</ele>
        <time>2026-09-15T22:01:15Z</time>
        <extensions>
          <gpxtpx:TrackPointExtension>
            <gpxtpx:hr>203</gpxtpx:hr>
          </gpxtpx:TrackPointExtension>
        </extensions>
      </trkpt>
      <trkpt lat="41.81948777913912" lon="123.68894976745722">
        <ele>0.0</ele>
        <time>2026-09-15T22:01:18Z</time>
        <extensions>
          <gpxtpx:TrackPointExtension>
            <gpxtpx:hr>203</gpxtpx:hr>
          </gpxtpx:TrackPointExtension>
        </extensions>
      </trkpt>
      <trkpt lat="41.81941266652407" lon="123.68901562910884">
        <ele>0.0</ele>
        <time>2026-09-15T22:01:21Z</time>
        <extensions>
          <gpxtpx:TrackPointExtension>
            <gpxtpx:hr>198</gpxtpx:hr>
          </gpxtpx:TrackPointExtension>
        </extensions>
      </trkpt>
      <trkpt lat="41.81933154547037" lon="123.68908648044288">
        <ele>0.0</ele>
        <time>2026-09-15T22:01:24Z</time>
        <extensions>
          <gpxtpx:TrackPointExtension>
            <gpxtpx:hr>195</gpxtpx:hr>
          </gpxtpx:TrackPointExtension>
        </extensions>
      </trkpt>
      <trkpt lat="41.81925443304354" lon="123.6891523425934">
        <ele>0.0</ele>
        <time>2026-09-15T22:01:27Z</time>
        <extensions>
          <gpxtpx:TrackPointExtension>
            <gpxtpx:hr>195</gpxtpx:hr>
          </gpxtpx:TrackPointExtension>
        </extensions>
      </trkpt>
      <trkpt lat="41.81917631556507" lon="123.68922119824693">
        <ele>0.0</ele>
        <time>2026-09-15T22:01:30Z</time>
        <extensions>
          <gpxtpx:TrackPointExtension>
            <gpxtpx:hr>194</gpxtpx:hr>
          </gpxtpx:TrackPointExtension>
        </extensions>
      </trkpt>
      <trkpt lat="41.819098217021214" lon="123.68927907872401">
        <ele>0.0</ele>
        <time>2026-09-15T22:01:33Z</time>
        <extensions>
          <gpxtpx:TrackPointExtension>
            <gpxtpx:hr>195</gpxtpx:hr>
          </gpxtpx:TrackPointExtension>
        </extensions>
      </trkpt>
      <trkpt lat="41.819063068408944" lon="123.68936588824835">
        <ele>0.0</ele>
        <time>2026-09-15T22:01:36Z</time>
        <extensions>
          <gpxtpx:TrackPointExtension>
            <gpxtpx:hr>195</gpxtpx:hr>
          </gpxtpx:TrackPointExtension>
        </extensions>
      </trkpt>
      <trkpt lat="41.819104893418505" lon="123.68946765367997">
        <ele>0.0</ele>
        <time>2026-09-15T22:01:39Z</time>
        <extensions>
          <gpxtpx:TrackPointExtension>
            <gpxtpx:hr>196</gpxtpx:hr>
          </gpxtpx:TrackPointExtension>
        </extensions>
      </trkpt>
      <trkpt lat="41.819152730504165" lon="123.68956243421258">
        <ele>0.0</ele>
        <time>2026-09-15T22:01:42Z</time>
        <extensions>
          <gpxtpx:TrackPointExtension>
            <gpxtpx:hr>193</gpxtpx:hr>
          </gpxtpx:TrackPointExtension>
        </extensions>
      </trkpt>
      <trkpt lat="41.819196578035545" lon="123.68965122894433">
        <ele>0.0</ele>
        <time>2026-09-15T22:01:45Z</time>
        <extensions>
          <gpxtpx:TrackPointExtension>
            <gpxtpx:hr>194</gpxtpx:hr>
          </gpxtpx:TrackPointExtension>
        </extensions>
      </trkpt>
      <trkpt lat="41.81923942060342" lon="123.68974301730876">
        <ele>0.0</ele>
        <time>2026-09-15T22:01:48Z</time>
        <extensions>
          <gpxtpx:TrackPointExtension>
            <gpxtpx:hr>194</gpxtpx:hr>
          </gpxtpx:TrackPointExtension>
        </extensions>
      </trkpt>
      <trkpt lat="41.81928627520482" lon="123.68982782095813">
        <ele>0.0</ele>
        <time>2026-09-15T22:01:51Z</time>
        <extensions>
          <gpxtpx:TrackPointExtension>
            <gpxtpx:hr>194</gpxtpx:hr>
          </gpxtpx:TrackPointExtension>
        </extensions>
      </trkpt>
      <trkpt lat="41.81932814360948" lon="123.68990464332423">
        <ele>0.0</ele>
        <time>2026-09-15T22:01:54Z</time>
        <extensions>
          <gpxtpx:TrackPointExtension>
            <gpxtpx:hr>194</gpxtpx:hr>
          </gpxtpx:TrackPointExtension>
        </extensions>
      </trkpt>
      <trkpt lat="41.81937000701831" lon="123.68998445915443">
        <ele>0.0</ele>
        <time>2026-09-15T22:01:57Z</time>
        <extensions>
          <gpxtpx:TrackPointExtension>
            <gpxtpx:hr>188</gpxtpx:hr>
          </gpxtpx:TrackPointExtension>
        </extensions>
      </trkpt>
      <trkpt lat="41.819451742696174" lon="123.69013910270012">
        <ele>0.0</ele>
        <time>2026-09-15T22:02:03Z</time>
        <extensions>
          <gpxtpx:TrackPointExtension>
            <gpxtpx:hr>185</gpxtpx:hr>
          </gpxtpx:TrackPointExtension>
        </extensions>
      </trkpt>
      <trkpt lat="41.819482654080694" lon="123.69019098276905">
        <ele>0.0</ele>
        <time>2026-09-15T22:02:06Z</time>
        <extensions>
          <gpxtpx:TrackPointExtension>
            <gpxtpx:hr>182</gpxtpx:hr>
          </gpxtpx:TrackPointExtension>
        </extensions>
      </trkpt>
      <trkpt lat="41.819432764979254" lon="123.69012613425082">
        <ele>0.0</ele>
        <time>2026-09-15T22:02:15Z</time>
        <extensions>
          <gpxtpx:TrackPointExtension>
            <gpxtpx:hr>183</gpxtpx:hr>
          </gpxtpx:TrackPointExtension>
        </extensions>
      </trkpt>
      <trkpt lat="41.81938988097884" lon="123.69005829155061">
        <ele>0.0</ele>
        <time>2026-09-15T22:02:21Z</time>
        <extensions>
          <gpxtpx:TrackPointExtension>
            <gpxtpx:hr>175</gpxtpx:hr>
          </gpxtpx:TrackPointExtension>
        </extensions>
      </trkpt>
      <trkpt lat="41.81935099021607" lon="123.68999443950106">
        <ele>0.0</ele>
        <time>2026-09-15T22:02:27Z</time>
        <extensions>
          <gpxtpx:TrackPointExtension>
            <gpxtpx:hr>176</gpxtpx:hr>
          </gpxtpx:TrackPointExtension>
        </extensions>
      </trkpt>
      <trkpt lat="41.819315113111095" lon="123.6899226049792">
        <ele>0.0</ele>
        <time>2026-09-15T22:02:33Z</time>
        <extensions>
          <gpxtpx:TrackPointExtension>
            <gpxtpx:hr>169</gpxtpx:hr>
          </gpxtpx:TrackPointExtension>
        </extensions>
      </trkpt>
    </trkseg>
  </trk>
</gpx>