<?xml version="1.0" encoding="UTF-8"?>
<gpx xmlns="http://www.topografix.com/GPX/1/1" xmlns:gpxtpx="http://www.garmin.com/xmlschemas/TrackPointExtension/v1" xmlns:xsi="http://www.w3.org/2001/XMLSchema-instance" xsi:schemaLocation="http://www.topografix.com/GPX/1/1 http://www.topografix.com/GPX/1/1/gpx.xsd" version="1.1" creator="gpx.py -- https://github.com/tkrajina/gpxpy">
  <trk>
    <name>gpx from keep</name>
    <type>Run</type>
    <trkseg>
      <trkpt lat="41.8269430462733" lon="123.38442336416954">
        <ele>0.0</ele>
        <time>2026-08-25T21:06:06Z</time>
        <extensions>
          <gpxtpx:TrackPointExtension>
            <gpxtpx:hr>73</gpxtpx:hr>
          </gpxtpx:TrackPointExtension>
        </extensions>
      </trkpt>
      <trkpt lat="41.827001031791966" lon="123.38445132411896">
        <ele>0.0</ele>
        <time>2026-08-25T21:06:12Z</time>
        <extensions>
          <gpxtpx:TrackPointExtension>
            <gpxtpx:hr>76</gpxtpx:hr>
          </gpxtpx:TrackPointExtension>
        </extensions>
      </trkpt>
      <trkpt lat="41.827059016837346" lon="123.38448028297788">
        <ele>0.0</ele>
        <time>2026-08-25T21:06:18Z</time>
        <extensions>
          <gpxtpx:TrackPointExtension>
            <gpxtpx:hr>78</gpxtpx:hr>
          </gpxtpx:TrackPointExtension>
        </extensions>
      </trkpt>
      <trkpt lat="41.82711902018718" lon="123.38447328241001">
        <ele>0.0</ele>
        <time>2026-08-25T21:06:24Z</time>
        <extensions>
          <gpxtpx:TrackPointExtension>
            <gpxtpx:hr>81</gpxtpx:hr>
          </gpxtpx:TrackPointExtension>
        </extensions>
      </trkpt>
      <trkpt lat="41.82718803624029" lon="123.38444130896126">
        <ele>0.0</ele>
        <time>2026-08-25T21:06:30Z</time>
        <extensions>
          <gpxtpx:TrackPointExtension>
            <gpxtpx:hr>81</gpxtpx:hr>
          </gpxtpx:TrackPointExtension>
        </extensions>
      </trkpt>
      <trkpt lat="41.82725602125026" lon="123.38447026638566">
        <ele>0.0</ele>
        <time>2026-08-25T21:06:36Z</time>
        <extensions>
          <gpxtpx:TrackPointExtension>
            <gpxtpx:hr>86</gpxtpx:hr>
          </gpxtpx:TrackPointExtension>
        </extensions>
      </trkpt>
      <trkpt lat="41.82732600274189" lon="123.38450621564252">
        <ele>0.0</ele>
        <time>2026-08-25T21:06:42Z</time>
        <extensions>
          <gpxtpx:TrackPointExtension>
            <gpxtpx:hr>87</gpxtpx:hr>
          </gpxtpx:TrackPointExtension>
        </extensions>
      </trkpt>
      <trkpt lat="41.82741298019332" lon="123.3845501535165">
        <ele>0.0</ele>
        <time>2026-08-25T21:06:48Z</time>
        <extensions>
          <gpxtpx:TrackPointExtension>
            <gpxtpx:hr>91</gpxtpx:hr>
          </gpxtpx:TrackPointExtension>
        </extensions>
      </trkpt>
      <trkpt lat="41.82756993791247" lon="123.38463303762732">
        <ele>0.0</ele>
        <time>2026-08-25T21:06:57Z</time>
        <extensions>
          <gpxtpx:TrackPointExtension>
            <gpxtpx:hr>89</gpxtpx:hr>
          </gpxtpx:TrackPointExtension>
        </extensions>
      </trkpt>
      <trkpt lat="41.82766491408612" lon="123.38467997130938">
        <ele>0.0</ele>
        <time>2026-08-25T21:07:03Z</time>
        <extensions>
          <gpxtpx:TrackPointExtension>
            <gpxtpx:hr>92</gpxtpx:hr>
          </gpxtpx:TrackPointExtension>
        </extensions>
      </trkpt>
      <trkpt lat="41.827760892845326" lon="123.38472191057586">
        <ele>0.0</ele>
        <time>2026-08-25T21:07:09Z</time>
        <extensions>
          <gpxtpx:TrackPointExtension>
            <gpxtpx:hr>92</gpxtpx:hr>
          </gpxtpx:TrackPointExtension>
        </extensions>
      </trkpt>
      <trkpt lat="41.82780988424185" lon="123.38473888458277">
        <ele>0.0</ele>
        <time>2026-08-25T21:07:12Z</time>
        <extensions>
          <gpxtpx:TrackPointExtension>
            <gpxtpx:hr>92</gpxtpx:hr>
          </gpxtpx:TrackPointExtension>
        </extensions>
      </trkpt>
      <trkpt lat="41.82788284683754" lon="123.38481379040611">
        <ele>0.0</ele>
        <time>2026-08-25T21:07:18Z</time>
        <extensions>
          <gpxtpx:TrackPointExtension>
            <gpxtpx:hr>93</gpxtpx:hr>
          </gpxtpx:TrackPointExtension>
        </extensions>
      </trkpt>
      <trkpt lat="41.82796481898715" lon="123.38486971639368">
        <ele>0.0</ele>
        <time>2026-08-25T21:07:24Z</time>
        <extensions>
          <gpxtpx:TrackPointExtension>
            <gpxtpx:hr>94</gpxtpx:hr>
          </gpxtpx:TrackPointExtension>
        </extensions>
      </trkpt>
      <trkpt lat="41.82798577382144" lon="123.38496161131101">
        <ele>0.0</ele>
        <time>2026-08-25T21:07:30Z</time>
        <extensions>
          <gpxtpx:TrackPointExtension>
            <gpxtpx:hr>99</gpxtpx:hr>
          </gpxtpx:TrackPointExtension>
        </extensions>
      </trkpt>
      <trkpt lat="41.82799767355607" lon="123.38516838161141">
        <ele>0.0</ele>
        <time>2026-08-25T21:07:48Z</time>
        <extensions>
          <gpxtpx:TrackPointExtension>
            <gpxtpx:hr>100</gpxtpx:hr>
          </gpxtpx:TrackPointExtension>
        </extensions>
      </trkpt>
      <trkpt lat="41.82800664480618" lon="123.38522831469871">
        <ele>0.0</ele>
        <time>2026-08-25T21:07:51Z</time>
        <extensions>
          <gpxtpx:TrackPointExtension>
            <gpxtpx:hr>99</gpxtpx:hr>
          </gpxtpx:TrackPointExtension>
        </extensions>
      </trkpt>
      <trkpt lat="41.828012610513404" lon="123.3853002353515">
        <ele>0.0</ele>
        <time>2026-08-25T21:07:54Z</time>
        <extensions>
          <gpxtpx:TrackPointExtension>
            <gpxtpx:hr>97</gpxtpx:hr>
          </gpxtpx:TrackPointExtension>
        </extensions>
      </trkpt>
      <trkpt lat="41.82801457502855" lon="123.38537515361112">
        <ele>0.0</ele>
        <time>2026-08-25T21:07:57Z</time>
        <extensions>
          <gpxtpx:TrackPointExtension>
            <gpxtpx:hr>97</gpxtpx:hr>
          </gpxtpx:TrackPointExtension>
        </extensions>
      </trkpt>
      <trkpt lat="41.82801954023451" lon="123.38544907284175">
        <ele>0.0</ele>
        <time>2026-08-25T21:08:00Z</time>
        <extensions>
          <gpxtpx:TrackPointExtension>
            <gpxtpx:hr>94</gpxtpx:hr>
          </gpxtpx:TrackPointExtension>
        </extensions>
      </trkpt>
      <trkpt lat="41.82803643535636" lon="123.38567482783303">
        <ele>0.0</ele>
        <time>2026-08-25T21:08:09Z</time>
        <extensions>
          <gpxtpx:TrackPointExtension>
            <gpxtpx:hr>92</gpxtpx:hr>
          </gpxtpx:TrackPointExtension>
        </extensions>
      </trkpt>
      <trkpt lat="41.8280443982724" lon="123.38575574045117">
        <ele>0.0</ele>
        <time>2026-08-25T21:08:12Z</time>
        <extensions>
          <gpxtpx:TrackPointExtension>
            <gpxtpx:hr>95</gpxtpx:hr>
          </gpxtpx:TrackPointExtension>
        </extensions>
      </trkpt>
      <trkpt lat="41.8280483605633" lon="123.38583865189149">
        <ele>0.0</ele>
        <time>2026-08-25T21:08:15Z</time>
        <extensions>
          <gpxtpx:TrackPointExtension>
            <gpxtpx:hr>98</gpxtpx:hr>
          </gpxtpx:TrackPointExtension>
        </extensions>
      </trkpt>
      <trkpt lat="41.8280533235838" lon="123.38592056463249">
        <ele>0.0</ele>
        <time>2026-08-25T21:08:18Z</time>
        <extensions>
          <gpxtpx:TrackPointExtension>
            <gpxtpx:hr>99</gpxtpx:hr>
          </gpxtpx:TrackPointExtension>
        </extensions>
      </trkpt>
      <trkpt lat="41.82805628554898" lon="123.3860054748921">
        <ele>0.0</ele>
        <time>2026-08-25T21:08:21Z</time>
        <extensions>
          <gpxtpx:TrackPointExtension>
            <gpxtpx:hr>99</gpxtpx:hr>
          </gpxtpx:TrackPointExtension>
        </extensions>
      </trkpt>
      <trkpt lat="41.82806024913544" lon="123.38608738854964">
        <ele>0.0</ele>
        <time>2026-08-25T21:08:24Z</time>
        <extensions>
          <gpxtpx:TrackPointExtension>
            <gpxtpx:hr>100</gpxtpx:hr>
          </gpxtpx:TrackPointExtension>
        </extensions>
      </trkpt>
      <trkpt lat="41.82805821082056" lon="123.38617429824441">
        <ele>0.0</ele>
        <time>2026-08-25T21:08:27Z</time>
        <extensions>
          <gpxtpx:TrackPointExtension>
            <gpxtpx:hr>102</gpxtpx:hr>
          </gpxtpx:TrackPointExtension>
        </extensions>
      </trkpt>
      <trkpt lat="41.82805514116905" lon="123.38633413318968">
        <ele>0.0</ele>
        <time>2026-08-25T21:08:33Z</time>
        <extensions>
          <gpxtpx:TrackPointExtension>
            <gpxtpx:hr>104</gpxtpx:hr>
          </gpxtpx:TrackPointExtension>
        </extensions>
      </trkpt>
      <trkpt lat="41.82805807340913" lon="123.3864919707778">
        <ele>0.0</ele>
        <time>2026-08-25T21:08:39Z</time>
        <extensions>
          <gpxtpx:TrackPointExtension>
            <gpxtpx:hr>105</gpxtpx:hr>
          </gpxtpx:TrackPointExtension>
        </extensions>
      </trkpt>
      <trkpt lat="41.82806303906222" lon="123.3865728875747">
        <ele>0.0</ele>
        <time>2026-08-25T21:08:42Z</time>
        <extensions>
          <gpxtpx:TrackPointExtension>
            <gpxtpx:hr>107</gpxtpx:hr>
          </gpxtpx:TrackPointExtension>
        </extensions>
      </trkpt>
      <trkpt lat="41.82806997493125" lon="123.3867257317778">
        <ele>0.0</ele>
        <time>2026-08-25T21:08:48Z</time>
        <extensions>
          <gpxtpx:TrackPointExtension>
            <gpxtpx:hr>110</gpxtpx:hr>
          </gpxtpx:TrackPointExtension>
        </extensions>
      </trkpt>
      <trkpt lat="41.828081942175366" lon="123.38680465066552">
        <ele>0.0</ele>
        <time>2026-08-25T21:08:51Z</time>
        <extensions>
          <gpxtpx:TrackPointExtension>
            <gpxtpx:hr>112</gpxtpx:hr>
          </gpxtpx:TrackPointExtension>
        </extensions>
      </trkpt>
      <trkpt lat="41.8280799113519" lon="123.38687957588891">
        <ele>0.0</ele>
        <time>2026-08-25T21:08:54Z</time>
        <extensions>
          <gpxtpx:TrackPointExtension>
            <gpxtpx:hr>112</gpxtpx:hr>
          </gpxtpx:TrackPointExtension>
        </extensions>
      </trkpt>
      <trkpt lat="41.82808488155625" lon="123.38695250242868">
        <ele>0.0</ele>
        <time>2026-08-25T21:08:57Z</time>
        <extensions>
          <gpxtpx:TrackPointExtension>
            <gpxtpx:hr>112</gpxtpx:hr>
          </gpxtpx:TrackPointExtension>
        </extensions>
      </trkpt>
      <trkpt lat="41.82809384713293" lon="123.38703741682478">
        <ele>0.0</ele>
        <time>2026-08-25T21:09:00Z</time>
        <extensions>
          <gpxtpx:TrackPointExtension>
            <gpxtpx:hr>111</gpxtpx:hr>
          </gpxtpx:TrackPointExtension>
        </extensions>
      </trkpt>
      <trkpt lat="41.828094813429466" lon="123.3871213337528">
        <ele>0.0</ele>
        <time>2026-08-25T21:09:03Z</time>
        <extensions>
          <gpxtpx:TrackPointExtension>
            <gpxtpx:hr>111</gpxtpx:hr>
          </gpxtpx:TrackPointExtension>
        </extensions>
      </trkpt>
      <trkpt lat="41.82810378237492" lon="123.38719925583014">
        <ele>0.0</ele>
        <time>2026-08-25T21:09:06Z</time>
        <extensions>
          <gpxtpx:TrackPointExtension>
            <gpxtpx:hr>112</gpxtpx:hr>
          </gpxtpx:TrackPointExtension>
        </extensions>
      </trkpt>
      <trkpt lat="41.82810875001186" lon="123.38728117491907">
        <ele>0.0</ele>
        <time>2026-08-25T21:09:09Z</time>
        <extensions>
          <gpxtpx:TrackPointExtension>
            <gpxtpx:hr>114</gpxtpx:hr>
          </gpxtpx:TrackPointExtension>
        </extensions>
      </trkpt>
      <trkpt lat="41.82810871872" lon="123.38736109704384">
        <ele>0.0</ele>
        <time>2026-08-25T21:09:12Z</time>
        <extensions>
          <gpxtpx:TrackPointExtension>
            <gpxtpx:hr>115</gpxtpx:hr>
          </gpxtpx:TrackPointExtension>
        </extensions>
      </trkpt>
      <trkpt lat="41.82811168768665" lon="123.38744101910899">
        <ele>0.0</ele>
        <time>2026-08-25T21:09:15Z</time>
        <extensions>
          <gpxtpx:TrackPointExtension>
            <gpxtpx:hr>117</gpxtpx:hr>
          </gpxtpx:TrackPointExtension>
        </extensions>
      </trkpt>
      <trkpt lat="41.8281206549907" lon="123.38752593587986">
        <ele>0.0</ele>
        <time>2026-08-25T21:09:18Z</time>
        <extensions>
          <gpxtpx:TrackPointExtension>
            <gpxtpx:hr>117</gpxtpx:hr>
          </gpxtpx:TrackPointExtension>
        </extensions>
      </trkpt>
      <trkpt lat="41.82812662374076" lon="123.38760785636082">
        <ele>0.0</ele>
        <time>2026-08-25T21:09:21Z</time>
        <extensions>
          <gpxtpx:TrackPointExtension>
            <gpxtpx:hr>115</gpxtpx:hr>
          </gpxtpx:TrackPointExtension>
        </extensions>
      </trkpt>
      <trkpt lat="41.82813059352778" lon="123.38768777941547">
        <ele>0.0</ele>
        <time>2026-08-25T21:09:24Z</time>
        <extensions>
          <gpxtpx:TrackPointExtension>
            <gpxtpx:hr>117</gpxtpx:hr>
          </gpxtpx:TrackPointExtension>
        </extensions>
      </trkpt>
      <trkpt lat="41.82813356283923" lon="123.38776970108333">
        <ele>0.0</ele>
        <time>2026-08-25T21:09:27Z</time>
        <extensions>
          <gpxtpx:TrackPointExtension>
            <gpxtpx:hr>116</gpxtpx:hr>
          </gpxtpx:TrackPointExtension>
        </extensions>
      </trkpt>
      <trkpt lat="41.82813553095799" lon="123.3878556195071">
        <ele>0.0</ele>
        <time>2026-08-25T21:09:30Z</time>
        <extensions>
          <gpxtpx:TrackPointExtension>
            <gpxtpx:hr>117</gpxtpx:hr>
          </gpxtpx:TrackPointExtension>
        </extensions>
      </trkpt>
      <trkpt lat="41.82813250195611" lon="123.3879345456312">
        <ele>0.0</ele>
        <time>2026-08-25T21:09:33Z</time>
        <extensions>
          <gpxtpx:TrackPointExtension>
            <gpxtpx:hr>117</gpxtpx:hr>
          </gpxtpx:TrackPointExtension>
        </extensions>
      </trkpt>
      <trkpt lat="41.828137470297854" lon="123.38802146351074">
        <ele>0.0</ele>
        <time>2026-08-25T21:09:36Z</time>
        <extensions>
          <gpxtpx:TrackPointExtension>
            <gpxtpx:hr>117</gpxtpx:hr>
          </gpxtpx:TrackPointExtension>
        </extensions>
      </trkpt>
      <trkpt lat="41.82814543894839" lon="123.38810838139959">
        <ele>0.0</ele>
        <time>2026-08-25T21:09:39Z</time>
        <extensions>
          <gpxtpx:TrackPointExtension>
            <gpxtpx:hr>120</gpxtpx:hr>
          </gpxtpx:TrackPointExtension>
        </extensions>
      </trkpt>
      <trkpt lat="41.82814040865785" lon="123.38819330341475">
        <ele>0.0</ele>
        <time>2026-08-25T21:09:42Z</time>
        <extensions>
          <gpxtpx:TrackPointExtension>
            <gpxtpx:hr>119</gpxtpx:hr>
          </gpxtpx:TrackPointExtension>
        </extensions>
      </trkpt>
      <trkpt lat="41.82814738109849" lon="123.38827123057376">
        <ele>0.0</ele>
        <time>2026-08-25T21:09:45Z</time>
        <extensions>
          <gpxtpx:TrackPointExtension>
            <gpxtpx:hr>119</gpxtpx:hr>
          </gpxtpx:TrackPointExtension>
        </extensions>
      </trkpt>
      <trkpt lat="41.82816335133488" lon="123.38835615040671">
        <ele>0.0</ele>
        <time>2026-08-25T21:09:48Z</time>
        <extensions>
          <gpxtpx:TrackPointExtension>
            <gpxtpx:hr>118</gpxtpx:hr>
          </gpxtpx:TrackPointExtension>
        </extensions>
      </trkpt>
      <trkpt lat="41.828180316711304" lon="123.38845605688407">
        <ele>0.0</ele>
        <time>2026-08-25T21:09:51Z</time>
        <extensions>
          <gpxtpx:TrackPointExtension>
            <gpxtpx:hr>118</gpxtpx:hr>
          </gpxtpx:TrackPointExtension>
        </extensions>
      </trkpt>
      <trkpt lat="41.8281622859922" lon="123.3885459779314">
        <ele>0.0</ele>
        <time>2026-08-25T21:09:54Z</time>
        <extensions>
          <gpxtpx:TrackPointExtension>
            <gpxtpx:hr>119</gpxtpx:hr>
          </gpxtpx:TrackPointExtension>
        </extensions>
      </trkpt>
      <trkpt lat="41.82816425657139" lon="123.38863289930195">
        <ele>0.0</ele>
        <time>2026-08-25T21:09:57Z</time>
        <extensions>
          <gpxtpx:TrackPointExtension>
            <gpxtpx:hr>120</gpxtpx:hr>
          </gpxtpx:TrackPointExtension>
        </extensions>
      </trkpt>
      <trkpt lat="41.8281792003011" lon="123.38880174623358">
        <ele>0.0</ele>
        <time>2026-08-25T21:10:03Z</time>
        <extensions>
          <gpxtpx:TrackPointExtension>
            <gpxtpx:hr>119</gpxtpx:hr>
          </gpxtpx:TrackPointExtension>
        </extensions>
      </trkpt>
      <trkpt lat="41.82817017412325" lon="123.38888167663514">
        <ele>0.0</ele>
        <time>2026-08-25T21:10:06Z</time>
        <extensions>
          <gpxtpx:TrackPointExtension>
            <gpxtpx:hr>116</gpxtpx:hr>
          </gpxtpx:TrackPointExtension>
        </extensions>
      </trkpt>
      <trkpt lat="41.82817914655766" lon="123.3889666004583">
        <ele>0.0</ele>
        <time>2026-08-25T21:10:09Z</time>
        <extensions>
          <gpxtpx:TrackPointExtension>
            <gpxtpx:hr>116</gpxtpx:hr>
          </gpxtpx:TrackPointExtension>
        </extensions>
      </trkpt>
      <trkpt lat="41.82817711773089" lon="123.389056521892">
        <ele>0.0</ele>
        <time>2026-08-25T21:10:12Z</time>
        <extensions>
          <gpxtpx:TrackPointExtension>
            <gpxtpx:hr>116</gpxtpx:hr>
          </gpxtpx:TrackPointExtension>
        </extensions>
      </trkpt>
      <trkpt lat="41.828184090796526" lon="123.38914144685968">
        <ele>0.0</ele>
        <time>2026-08-25T21:10:15Z</time>
        <extensions>
          <gpxtpx:TrackPointExtension>
            <gpxtpx:hr>115</gpxtpx:hr>
          </gpxtpx:TrackPointExtension>
        </extensions>
      </trkpt>
      <trkpt lat="41.82819106572364" lon="123.38922137656483">
        <ele>0.0</ele>
        <time>2026-08-25T21:10:18Z</time>
        <extensions>
          <gpxtpx:TrackPointExtension>
            <gpxtpx:hr>117</gpxtpx:hr>
          </gpxtpx:TrackPointExtension>
        </extensions>
      </trkpt>
      <trkpt lat="41.82820904027709" lon="123.3893033033614">
        <ele>0.0</ele>
        <time>2026-08-25T21:10:21Z</time>
        <extensions>
          <gpxtpx:TrackPointExtension>
            <gpxtpx:hr>112</gpxtpx:hr>
          </gpxtpx:TrackPointExtension>
        </extensions>
      </trkpt>
      <trkpt lat="41.828212011803565" lon="123.38939622328097">
        <ele>0.0</ele>
        <time>2026-08-25T21:10:24Z</time>
        <extensions>
          <gpxtpx:TrackPointExtension>
            <gpxtpx:hr>111</gpxtpx:hr>
          </gpxtpx:TrackPointExtension>
        </extensions>
      </trkpt>
      <trkpt lat="41.8282139879045" lon="123.38947515572761">
        <ele>0.0</ele>
        <time>2026-08-25T21:10:27Z</time>
        <extensions>
          <gpxtpx:TrackPointExtension>
            <gpxtpx:hr>111</gpxtpx:hr>
          </gpxtpx:TrackPointExtension>
        </extensions>
      </trkpt>
      <trkpt lat="41.82822596335214" lon="123.38955708458383">
        <ele>0.0</ele>
        <time>2026-08-25T21:10:30Z</time>
        <extensions>
          <gpxtpx:TrackPointExtension>
            <gpxtpx:hr>114</gpxtpx:hr>
          </gpxtpx:TrackPointExtension>
        </extensions>
      </trkpt>
      <trkpt lat="41.82832192745266" lon="123.38967796920639">
        <ele>0.0</ele>
        <time>2026-08-25T21:10:36Z</time>
        <extensions>
          <gpxtpx:TrackPointExtension>
            <gpxtpx:hr>119</gpxtpx:hr>
          </gpxtpx:TrackPointExtension>
        </extensions>
      </trkpt>
      <trkpt lat="41.828396926692314" lon="123.38967995688859">
        <ele>0.0</ele>
        <time>2026-08-25T21:10:39Z</time>
        <extensions>
          <gpxtpx:TrackPointExtension>
            <gpxtpx:hr>121</gpxtpx:hr>
          </gpxtpx:TrackPointExtension>
        </extensions>
      </trkpt>
      <trkpt lat="41.82853593281613" lon="123.38965795559841">
        <ele>0.0</ele>
        <time>2026-08-25T21:10:45Z</time>
        <extensions>
          <gpxtpx:TrackPointExtension>
            <gpxtpx:hr>120</gpxtpx:hr>
          </gpxtpx:TrackPointExtension>
        </extensions>
      </trkpt>
      <trkpt lat="41.82859893297284" lon="123.38965694749682">
        <ele>0.0</ele>
        <time>2026-08-25T21:10:48Z</time>
        <extensions>
          <gpxtpx:TrackPointExtension>
            <gpxtpx:hr>116</gpxtpx:hr>
          </gpxtpx:TrackPointExtension>
        </extensions>
      </trkpt>
      <trkpt lat="41.8286509168064" lon="123.38971189407938">
        <ele>0.0</ele>
        <time>2026-08-25T21:10:51Z</time>
        <extensions>
          <gpxtpx:TrackPointExtension>
            <gpxtpx:hr>117</gpxtpx:hr>
          </gpxtpx:TrackPointExtension>
        </extensions>
      </trkpt>
      <trkpt lat="41.82866389135507" lon="123.3897998189393">
        <ele>0.0</ele>
        <time>2026-08-25T21:10:54Z</time>
        <extensions>
          <gpxtpx:TrackPointExtension>
            <gpxtpx:hr>118</gpxtpx:hr>
          </gpxtpx:TrackPointExtension>
        </extensions>
      </trkpt>
      <trkpt lat="41.82867386567127" lon="123.38988974302505">
        <ele>0.0</ele>
        <time>2026-08-25T21:10:57Z</time>
        <extensions>
          <gpxtpx:TrackPointExtension>
            <gpxtpx:hr>120</gpxtpx:hr>
          </gpxtpx:TrackPointExtension>
        </extensions>
      </trkpt>
      <trkpt lat="41.82869084115464" lon="123.3899766690487">
        <ele>0.0</ele>
        <time>2026-08-25T21:11:00Z</time>
        <extensions>
          <gpxtpx:TrackPointExtension>
            <gpxtpx:hr>121</gpxtpx:hr>
          </gpxtpx:TrackPointExtension>
        </extensions>
      </trkpt>
      <trkpt lat="41.82870581889518" lon="123.39005660150319">
        <ele>0.0</ele>
        <time>2026-08-25T21:11:03Z</time>
        <extensions>
          <gpxtpx:TrackPointExtension>
            <gpxtpx:hr>120</gpxtpx:hr>
          </gpxtpx:TrackPointExtension>
        </extensions>
      </trkpt>
      <trkpt lat="41.828720797180026" lon="123.39013553514131">
        <ele>0.0</ele>
        <time>2026-08-25T21:11:06Z</time>
        <extensions>
          <gpxtpx:TrackPointExtension>
            <gpxtpx:hr>119</gpxtpx:hr>
          </gpxtpx:TrackPointExtension>
        </extensions>
      </trkpt>
      <trkpt lat="41.82872577467251" lon="123.3902184673382">
        <ele>0.0</ele>
        <time>2026-08-25T21:11:09Z</time>
        <extensions>
          <gpxtpx:TrackPointExtension>
            <gpxtpx:hr>118</gpxtpx:hr>
          </gpxtpx:TrackPointExtension>
        </extensions>
      </trkpt>
      <trkpt lat="41.82872775140072" lon="123.39030539715876">
        <ele>0.0</ele>
        <time>2026-08-25T21:11:12Z</time>
        <extensions>
          <gpxtpx:TrackPointExtension>
            <gpxtpx:hr>120</gpxtpx:hr>
          </gpxtpx:TrackPointExtension>
        </extensions>
      </trkpt>
      <trkpt lat="41.828727728978286" lon="123.39039032929657">
        <ele>0.0</ele>
        <time>2026-08-25T21:11:15Z</time>
        <extensions>
          <gpxtpx:TrackPointExtension>
            <gpxtpx:hr>121</gpxtpx:hr>
          </gpxtpx:TrackPointExtension>
        </extensions>
      </trkpt>
      <trkpt lat="41.82873770632596" lon="123.39047725885528">
        <ele>0.0</ele>
        <time>2026-08-25T21:11:18Z</time>
        <extensions>
          <gpxtpx:TrackPointExtension>
            <gpxtpx:hr>119</gpxtpx:hr>
          </gpxtpx:TrackPointExtension>
        </extensions>
      </trkpt>
      <trkpt lat="41.82873968401158" lon="123.3905641899916">
        <ele>0.0</ele>
        <time>2026-08-25T21:11:21Z</time>
        <extensions>
          <gpxtpx:TrackPointExtension>
            <gpxtpx:hr>119</gpxtpx:hr>
          </gpxtpx:TrackPointExtension>
        </extensions>
      </trkpt>
      <trkpt lat="41.82874266427686" lon="123.39064212845659">
        <ele>0.0</ele>
        <time>2026-08-25T21:11:24Z</time>
        <extensions>
          <gpxtpx:TrackPointExtension>
            <gpxtpx:hr>118</gpxtpx:hr>
          </gpxtpx:TrackPointExtension>
        </extensions>
      </trkpt>
      <trkpt lat="41.82874464232567" lon="123.39073005965618">
        <ele>0.0</ele>
        <time>2026-08-25T21:11:27Z</time>
        <extensions>
          <gpxtpx:TrackPointExtension>
            <gpxtpx:hr>118</gpxtpx:hr>
          </gpxtpx:TrackPointExtension>
        </extensions>
      </trkpt>
      <trkpt lat="41.8287456199751" lon="123.39082098913849">
        <ele>0.0</ele>
        <time>2026-08-25T21:11:30Z</time>
        <extensions>
          <gpxtpx:TrackPointExtension>
            <gpxtpx:hr>118</gpxtpx:hr>
          </gpxtpx:TrackPointExtension>
        </extensions>
      </trkpt>
      <trkpt lat="41.82875460036115" lon="123.39090192562685">
        <ele>0.0</ele>
        <time>2026-08-25T21:11:33Z</time>
        <extensions>
          <gpxtpx:TrackPointExtension>
            <gpxtpx:hr>120</gpxtpx:hr>
          </gpxtpx:TrackPointExtension>
        </extensions>
      </trkpt>
      <trkpt lat="41.82877257769877" lon="123.390996850571">
        <ele>0.0</ele>
        <time>2026-08-25T21:11:36Z</time>
        <extensions>
          <gpxtpx:TrackPointExtension>
            <gpxtpx:hr>120</gpxtpx:hr>
          </gpxtpx:TrackPointExtension>
        </extensions>
      </trkpt>
      <trkpt lat="41.828777556840635" lon="123.39108578241911">
        <ele>0.0</ele>
        <time>2026-08-25T21:11:39Z</time>
        <extensions>
          <gpxtpx:TrackPointExtension>
            <gpxtpx:hr>118</gpxtpx:hr>
          </gpxtpx:TrackPointExtension>
        </extensions>
      </trkpt>
      <trkpt lat="41.828786537227195" lon="123.39117071716429">
        <ele>0.0</ele>
        <time>2026-08-25T21:11:42Z</time>
        <extensions>
          <gpxtpx:TrackPointExtension>
            <gpxtpx:hr>120</gpxtpx:hr>
          </gpxtpx:TrackPointExtension>
        </extensions>
      </trkpt>
      <trkpt lat="41.82879651747025" lon="123.39125765070118">
        <ele>0.0</ele>
        <time>2026-08-25T21:11:45Z</time>
        <extensions>
          <gpxtpx:TrackPointExtension>
            <gpxtpx:hr>120</gpxtpx:hr>
          </gpxtpx:TrackPointExtension>
        </extensions>
      </trkpt>
      <trkpt lat="41.82879949960053" lon="123.39133759085712">
        <ele>0.0</ele>
        <time>2026-08-25T21:11:48Z</time>
        <extensions>
          <gpxtpx:TrackPointExtension>
            <gpxtpx:hr>120</gpxtpx:hr>
          </gpxtpx:TrackPointExtension>
        </extensions>
      </trkpt>
      <trkpt lat="41.82879748201416" lon="123.39141753209861">
        <ele>0.0</ele>
        <time>2026-08-25T21:11:51Z</time>
        <extensions>
          <gpxtpx:TrackPointExtension>
            <gpxtpx:hr>120</gpxtpx:hr>
          </gpxtpx:TrackPointExtension>
        </extensions>
      </trkpt>
      <trkpt lat="41.828789463211116" lon="123.39150446945241">
        <ele>0.0</ele>
        <time>2026-08-25T21:11:54Z</time>
        <extensions>
          <gpxtpx:TrackPointExtension>
            <gpxtpx:hr>122</gpxtpx:hr>
          </gpxtpx:TrackPointExtension>
        </extensions>
      </trkpt>
      <trkpt lat="41.82878144494271" lon="123.39159040797668">
        <ele>0.0</ele>
        <time>2026-08-25T21:11:57Z</time>
        <extensions>
          <gpxtpx:TrackPointExtension>
            <gpxtpx:hr>121</gpxtpx:hr>
          </gpxtpx:TrackPointExtension>
        </extensions>
      </trkpt>
      <trkpt lat="41.8287784257393" lon="123.39168234190468">
        <ele>0.0</ele>
        <time>2026-08-25T21:12:00Z</time>
        <extensions>
          <gpxtpx:TrackPointExtension>
            <gpxtpx:hr>125</gpxtpx:hr>
          </gpxtpx:TrackPointExtension>
        </extensions>
      </trkpt>
      <trkpt lat="41.828769406301866" lon="123.3917772750387">
        <ele>0.0</ele>
        <time>2026-08-25T21:12:03Z</time>
        <extensions>
          <gpxtpx:TrackPointExtension>
            <gpxtpx:hr>125</gpxtpx:hr>
          </gpxtpx:TrackPointExtension>
        </extensions>
      </trkpt>
      <trkpt lat="41.82877638881028" lon="123.3918642121063">
        <ele>0.0</ele>
        <time>2026-08-25T21:12:06Z</time>
        <extensions>
          <gpxtpx:TrackPointExtension>
            <gpxtpx:hr>121</gpxtpx:hr>
          </gpxtpx:TrackPointExtension>
        </extensions>
      </trkpt>
      <trkpt lat="41.82878337047226" lon="123.39195714539535">
        <ele>0.0</ele>
        <time>2026-08-25T21:12:09Z</time>
        <extensions>
          <gpxtpx:TrackPointExtension>
            <gpxtpx:hr>122</gpxtpx:hr>
          </gpxtpx:TrackPointExtension>
        </extensions>
      </trkpt>
      <trkpt lat="41.82878435213515" lon="123.39205207864917">
        <ele>0.0</ele>
        <time>2026-08-25T21:12:12Z</time>
        <extensions>
          <gpxtpx:TrackPointExtension>
            <gpxtpx:hr>121</gpxtpx:hr>
          </gpxtpx:TrackPointExtension>
        </extensions>
      </trkpt>
      <trkpt lat="41.82878333475022" lon="123.39214401479751">
        <ele>0.0</ele>
        <time>2026-08-25T21:12:15Z</time>
        <extensions>
          <gpxtpx:TrackPointExtension>
            <gpxtpx:hr>123</gpxtpx:hr>
          </gpxtpx:TrackPointExtension>
        </extensions>
      </trkpt>
      <trkpt lat="41.828786317354854" lon="123.39223794950274">
        <ele>0.0</ele>
        <time>2026-08-25T21:12:18Z</time>
        <extensions>
          <gpxtpx:TrackPointExtension>
            <gpxtpx:hr>126</gpxtpx:hr>
          </gpxtpx:TrackPointExtension>
        </extensions>
      </trkpt>
      <trkpt lat="41.82878830105724" lon="123.39232788759918">
        <ele>0.0</ele>
        <time>2026-08-25T21:12:21Z</time>
        <extensions>
          <gpxtpx:TrackPointExtension>
            <gpxtpx:hr>123</gpxtpx:hr>
          </gpxtpx:TrackPointExtension>
        </extensions>
      </trkpt>
      <trkpt lat="41.82880828559842" lon="123.3924148256494">
        <ele>0.0</ele>
        <time>2026-08-25T21:12:24Z</time>
        <extensions>
          <gpxtpx:TrackPointExtension>
            <gpxtpx:hr>125</gpxtpx:hr>
          </gpxtpx:TrackPointExtension>
        </extensions>
      </trkpt>
      <trkpt lat="41.828825268928476" lon="123.39251075852961">
        <ele>0.0</ele>
        <time>2026-08-25T21:12:27Z</time>
        <extensions>
          <gpxtpx:TrackPointExtension>
            <gpxtpx:hr>122</gpxtpx:hr>
          </gpxtpx:TrackPointExtension>
        </extensions>
      </trkpt>
      <trkpt lat="41.82883525333767" lon="123.3926026956109">
        <ele>0.0</ele>
        <time>2026-08-25T21:12:30Z</time>
        <extensions>
          <gpxtpx:TrackPointExtension>
            <gpxtpx:hr>125</gpxtpx:hr>
          </gpxtpx:TrackPointExtension>
        </extensions>
      </trkpt>
      <trkpt lat="41.8288462227893" lon="123.39278957058917">
        <ele>0.0</ele>
        <time>2026-08-25T21:12:36Z</time>
        <extensions>
          <gpxtpx:TrackPointExtension>
            <gpxtpx:hr>121</gpxtpx:hr>
          </gpxtpx:TrackPointExtension>
        </extensions>
      </trkpt>
      <trkpt lat="41.828855209083216" lon="123.39287651257861">
        <ele>0.0</ele>
        <time>2026-08-25T21:12:39Z</time>
        <extensions>
          <gpxtpx:TrackPointExtension>
            <gpxtpx:hr>121</gpxtpx:hr>
          </gpxtpx:TrackPointExtension>
        </extensions>
      </trkpt>
      <trkpt lat="41.8288631820782" lon="123.39305439676616">
        <ele>0.0</ele>
        <time>2026-08-25T21:12:45Z</time>
        <extensions>
          <gpxtpx:TrackPointExtension>
            <gpxtpx:hr>122</gpxtpx:hr>
          </gpxtpx:TrackPointExtension>
        </extensions>
      </trkpt>
      <trkpt lat="41.82886316938413" lon="123.39314134139981">
        <ele>0.0</ele>
        <time>2026-08-25T21:12:48Z</time>
        <extensions>
          <gpxtpx:TrackPointExtension>
            <gpxtpx:hr>156</gpxtpx:hr>
          </gpxtpx:TrackPointExtension>
        </extensions>
      </trkpt>
      <trkpt lat="41.82886615701123" lon="123.39322828605668">
        <ele>0.0</ele>
        <time>2026-08-25T21:12:51Z</time>
        <extensions>
          <gpxtpx:TrackPointExtension>
            <gpxtpx:hr>154</gpxtpx:hr>
          </gpxtpx:TrackPointExtension>
        </extensions>
      </trkpt>
      <trkpt lat="41.828866145927734" lon="123.39330823595459">
        <ele>0.0</ele>
        <time>2026-08-25T21:12:54Z</time>
        <extensions>
          <gpxtpx:TrackPointExtension>
            <gpxtpx:hr>156</gpxtpx:hr>
          </gpxtpx:TrackPointExtension>
        </extensions>
      </trkpt>
      <trkpt lat="41.82888213575782" lon="123.39338318705775">
        <ele>0.0</ele>
        <time>2026-08-25T21:12:57Z</time>
        <extensions>
          <gpxtpx:TrackPointExtension>
            <gpxtpx:hr>157</gpxtpx:hr>
          </gpxtpx:TrackPointExtension>
        </extensions>
      </trkpt>
      <trkpt lat="41.82888711708982" lon="123.39352609837472">
        <ele>0.0</ele>
        <time>2026-08-25T21:13:09Z</time>
        <extensions>
          <gpxtpx:TrackPointExtension>
            <gpxtpx:hr>156</gpxtpx:hr>
          </gpxtpx:TrackPointExtension>
        </extensions>
      </trkpt>
      <trkpt lat="41.82888310445218" lon="123.39362703754016">
        <ele>0.0</ele>
        <time>2026-08-25T21:13:12Z</time>
        <extensions>
          <gpxtpx:TrackPointExtension>
            <gpxtpx:hr>157</gpxtpx:hr>
          </gpxtpx:TrackPointExtension>
        </extensions>
      </trkpt>
      <trkpt lat="41.82889009437799" lon="123.39370998654127">
        <ele>0.0</ele>
        <time>2026-08-25T21:13:15Z</time>
        <extensions>
          <gpxtpx:TrackPointExtension>
            <gpxtpx:hr>153</gpxtpx:hr>
          </gpxtpx:TrackPointExtension>
        </extensions>
      </trkpt>
      <trkpt lat="41.828880085214" lon="123.39378794134173">
        <ele>0.0</ele>
        <time>2026-08-25T21:13:18Z</time>
        <extensions>
          <gpxtpx:TrackPointExtension>
            <gpxtpx:hr>151</gpxtpx:hr>
          </gpxtpx:TrackPointExtension>
        </extensions>
      </trkpt>
      <trkpt lat="41.828868076092334" lon="123.39386789560703">
        <ele>0.0</ele>
        <time>2026-08-25T21:13:21Z</time>
        <extensions>
          <gpxtpx:TrackPointExtension>
            <gpxtpx:hr>151</gpxtpx:hr>
          </gpxtpx:TrackPointExtension>
        </extensions>
      </trkpt>
      <trkpt lat="41.82886806700723" lon="123.39394984737842">
        <ele>0.0</ele>
        <time>2026-08-25T21:13:24Z</time>
        <extensions>
          <gpxtpx:TrackPointExtension>
            <gpxtpx:hr>149</gpxtpx:hr>
          </gpxtpx:TrackPointExtension>
        </extensions>
      </trkpt>
      <trkpt lat="41.82886505811405" lon="123.39403279939555">
        <ele>0.0</ele>
        <time>2026-08-25T21:13:27Z</time>
        <extensions>
          <gpxtpx:TrackPointExtension>
            <gpxtpx:hr>148</gpxtpx:hr>
          </gpxtpx:TrackPointExtension>
        </extensions>
      </trkpt>
      <trkpt lat="41.82887204889065" lon="123.39412174694986">
        <ele>0.0</ele>
        <time>2026-08-25T21:13:30Z</time>
        <extensions>
          <gpxtpx:TrackPointExtension>
            <gpxtpx:hr>147</gpxtpx:hr>
          </gpxtpx:TrackPointExtension>
        </extensions>
      </trkpt>
      <trkpt lat="41.828884040099396" lon="123.39420969483689">
        <ele>0.0</ele>
        <time>2026-08-25T21:13:33Z</time>
        <extensions>
          <gpxtpx:TrackPointExtension>
            <gpxtpx:hr>148</gpxtpx:hr>
          </gpxtpx:TrackPointExtension>
        </extensions>
      </trkpt>
      <trkpt lat="41.82889203146439" lon="123.39429964262396">
        <ele>0.0</ele>
        <time>2026-08-25T21:13:36Z</time>
        <extensions>
          <gpxtpx:TrackPointExtension>
            <gpxtpx:hr>151</gpxtpx:hr>
          </gpxtpx:TrackPointExtension>
        </extensions>
      </trkpt>
      <trkpt lat="41.82890002399234" lon="123.39438059593209">
        <ele>0.0</ele>
        <time>2026-08-25T21:13:39Z</time>
        <extensions>
          <gpxtpx:TrackPointExtension>
            <gpxtpx:hr>148</gpxtpx:hr>
          </gpxtpx:TrackPointExtension>
        </extensions>
      </trkpt>
      <trkpt lat="41.828910009998566" lon="123.39454150512596">
        <ele>0.0</ele>
        <time>2026-08-25T21:13:45Z</time>
        <extensions>
          <gpxtpx:TrackPointExtension>
            <gpxtpx:hr>151</gpxtpx:hr>
          </gpxtpx:TrackPointExtension>
        </extensions>
      </trkpt>
      <trkpt lat="41.82891400290862" lon="123.39462845690065">
        <ele>0.0</ele>
        <time>2026-08-25T21:13:48Z</time>
        <extensions>
          <gpxtpx:TrackPointExtension>
            <gpxtpx:hr>151</gpxtpx:hr>
          </gpxtpx:TrackPointExtension>
        </extensions>
      </trkpt>
      <trkpt lat="41.82892199007737" lon="123.39479736448236">
        <ele>0.0</ele>
        <time>2026-08-25T21:13:54Z</time>
        <extensions>
          <gpxtpx:TrackPointExtension>
            <gpxtpx:hr>156</gpxtpx:hr>
          </gpxtpx:TrackPointExtension>
        </extensions>
      </trkpt>
      <trkpt lat="41.828919984447936" lon="123.39487732215147">
        <ele>0.0</ele>
        <time>2026-08-25T21:13:57Z</time>
        <extensions>
          <gpxtpx:TrackPointExtension>
            <gpxtpx:hr>156</gpxtpx:hr>
          </gpxtpx:TrackPointExtension>
        </extensions>
      </trkpt>
      <trkpt lat="41.828921978764555" lon="123.394962277009">
        <ele>0.0</ele>
        <time>2026-08-25T21:14:00Z</time>
        <extensions>
          <gpxtpx:TrackPointExtension>
            <gpxtpx:hr>155</gpxtpx:hr>
          </gpxtpx:TrackPointExtension>
        </extensions>
      </trkpt>
      <trkpt lat="41.82892597351503" lon="123.39504523305553">
        <ele>0.0</ele>
        <time>2026-08-25T21:14:03Z</time>
        <extensions>
          <gpxtpx:TrackPointExtension>
            <gpxtpx:hr>154</gpxtpx:hr>
          </gpxtpx:TrackPointExtension>
        </extensions>
      </trkpt>
      <trkpt lat="41.82893196873561" lon="123.3951251907768">
        <ele>0.0</ele>
        <time>2026-08-25T21:14:06Z</time>
        <extensions>
          <gpxtpx:TrackPointExtension>
            <gpxtpx:hr>150</gpxtpx:hr>
          </gpxtpx:TrackPointExtension>
        </extensions>
      </trkpt>
      <trkpt lat="41.828941963740505" lon="123.39521414372028">
        <ele>0.0</ele>
        <time>2026-08-25T21:14:09Z</time>
        <extensions>
          <gpxtpx:TrackPointExtension>
            <gpxtpx:hr>150</gpxtpx:hr>
          </gpxtpx:TrackPointExtension>
        </extensions>
      </trkpt>
      <trkpt lat="41.82894895904661" lon="123.39530409705979">
        <ele>0.0</ele>
        <time>2026-08-25T21:14:12Z</time>
        <extensions>
          <gpxtpx:TrackPointExtension>
            <gpxtpx:hr>150</gpxtpx:hr>
          </gpxtpx:TrackPointExtension>
        </extensions>
      </trkpt>
      <trkpt lat="41.82896595478051" lon="123.39539205046404">
        <ele>0.0</ele>
        <time>2026-08-25T21:14:15Z</time>
        <extensions>
          <gpxtpx:TrackPointExtension>
            <gpxtpx:hr>150</gpxtpx:hr>
          </gpxtpx:TrackPointExtension>
        </extensions>
      </trkpt>
      <trkpt lat="41.82897394715709" lon="123.39557196040292">
        <ele>0.0</ele>
        <time>2026-08-25T21:14:21Z</time>
        <extensions>
          <gpxtpx:TrackPointExtension>
            <gpxtpx:hr>149</gpxtpx:hr>
          </gpxtpx:TrackPointExtension>
        </extensions>
      </trkpt>
      <trkpt lat="41.82898094397445" lon="123.39565891712577">
        <ele>0.0</ele>
        <time>2026-08-25T21:14:24Z</time>
        <extensions>
          <gpxtpx:TrackPointExtension>
            <gpxtpx:hr>145</gpxtpx:hr>
          </gpxtpx:TrackPointExtension>
        </extensions>
      </trkpt>
      <trkpt lat="41.82898894081596" lon="123.39575586938257">
        <ele>0.0</ele>
        <time>2026-08-25T21:14:27Z</time>
        <extensions>
          <gpxtpx:TrackPointExtension>
            <gpxtpx:hr>144</gpxtpx:hr>
          </gpxtpx:TrackPointExtension>
        </extensions>
      </trkpt>
      <trkpt lat="41.82899393825798" lon="123.39584582593439">
        <ele>0.0</ele>
        <time>2026-08-25T21:14:30Z</time>
        <extensions>
          <gpxtpx:TrackPointExtension>
            <gpxtpx:hr>143</gpxtpx:hr>
          </gpxtpx:TrackPointExtension>
        </extensions>
      </trkpt>
      <trkpt lat="41.829000936118405" lon="123.3959327840897">
        <ele>0.0</ele>
        <time>2026-08-25T21:14:33Z</time>
        <extensions>
          <gpxtpx:TrackPointExtension>
            <gpxtpx:hr>140</gpxtpx:hr>
          </gpxtpx:TrackPointExtension>
        </extensions>
      </trkpt>
      <trkpt lat="41.829006934330835" lon="123.39601874330393">
        <ele>0.0</ele>
        <time>2026-08-25T21:14:36Z</time>
        <extensions>
          <gpxtpx:TrackPointExtension>
            <gpxtpx:hr>128</gpxtpx:hr>
          </gpxtpx:TrackPointExtension>
        </extensions>
      </trkpt>
      <trkpt lat="41.829005932790466" lon="123.39611070121857">
        <ele>0.0</ele>
        <time>2026-08-25T21:14:39Z</time>
        <extensions>
          <gpxtpx:TrackPointExtension>
            <gpxtpx:hr>127</gpxtpx:hr>
          </gpxtpx:TrackPointExtension>
        </extensions>
      </trkpt>
      <trkpt lat="41.82900893161386" lon="123.39620265907469">
        <ele>0.0</ele>
        <time>2026-08-25T21:14:42Z</time>
        <extensions>
          <gpxtpx:TrackPointExtension>
            <gpxtpx:hr>124</gpxtpx:hr>
          </gpxtpx:TrackPointExtension>
        </extensions>
      </trkpt>
      <trkpt lat="41.82900293081771" lon="123.39629561827317">
        <ele>0.0</ele>
        <time>2026-08-25T21:14:45Z</time>
        <extensions>
          <gpxtpx:TrackPointExtension>
            <gpxtpx:hr>123</gpxtpx:hr>
          </gpxtpx:TrackPointExtension>
        </extensions>
      </trkpt>
      <trkpt lat="41.8290039303785" lon="123.39639257524128">
        <ele>0.0</ele>
        <time>2026-08-25T21:14:48Z</time>
        <extensions>
          <gpxtpx:TrackPointExtension>
            <gpxtpx:hr>125</gpxtpx:hr>
          </gpxtpx:TrackPointExtension>
        </extensions>
      </trkpt>
      <trkpt lat="41.82900793033958" lon="123.39648553408445">
        <ele>0.0</ele>
        <time>2026-08-25T21:14:51Z</time>
        <extensions>
          <gpxtpx:TrackPointExtension>
            <gpxtpx:hr>126</gpxtpx:hr>
          </gpxtpx:TrackPointExtension>
        </extensions>
      </trkpt>
      <trkpt lat="41.82900893073947" lon="123.39658749002513">
        <ele>0.0</ele>
        <time>2026-08-25T21:14:54Z</time>
        <extensions>
          <gpxtpx:TrackPointExtension>
            <gpxtpx:hr>126</gpxtpx:hr>
          </gpxtpx:TrackPointExtension>
        </extensions>
      </trkpt>
      <trkpt lat="41.82901293155908" lon="123.39668644743155">
        <ele>0.0</ele>
        <time>2026-08-25T21:14:57Z</time>
        <extensions>
          <gpxtpx:TrackPointExtension>
            <gpxtpx:hr>125</gpxtpx:hr>
          </gpxtpx:TrackPointExtension>
        </extensions>
      </trkpt>
      <trkpt lat="41.82901293275721" lon="123.39678140765989">
        <ele>0.0</ele>
        <time>2026-08-25T21:15:00Z</time>
        <extensions>
          <gpxtpx:TrackPointExtension>
            <gpxtpx:hr>124</gpxtpx:hr>
          </gpxtpx:TrackPointExtension>
        </extensions>
      </trkpt>
      <trkpt lat="41.82901293444688" lon="123.39688136638344">
        <ele>0.0</ele>
        <time>2026-08-25T21:15:03Z</time>
        <extensions>
          <gpxtpx:TrackPointExtension>
            <gpxtpx:hr>125</gpxtpx:hr>
          </gpxtpx:TrackPointExtension>
        </extensions>
      </trkpt>
      <trkpt lat="41.82901793633458" lon="123.39697132904091">
        <ele>0.0</ele>
        <time>2026-08-25T21:15:06Z</time>
        <extensions>
          <gpxtpx:TrackPointExtension>
            <gpxtpx:hr>126</gpxtpx:hr>
          </gpxtpx:TrackPointExtension>
        </extensions>
      </trkpt>
      <trkpt lat="41.82901793888718" lon="123.39707228851363">
        <ele>0.0</ele>
        <time>2026-08-25T21:15:09Z</time>
        <extensions>
          <gpxtpx:TrackPointExtension>
            <gpxtpx:hr>125</gpxtpx:hr>
          </gpxtpx:TrackPointExtension>
        </extensions>
      </trkpt>
      <trkpt lat="41.82901894182305" lon="123.39717124924506">
        <ele>0.0</ele>
        <time>2026-08-25T21:15:12Z</time>
        <extensions>
          <gpxtpx:TrackPointExtension>
            <gpxtpx:hr>125</gpxtpx:hr>
          </gpxtpx:TrackPointExtension>
        </extensions>
      </trkpt>
      <trkpt lat="41.829023945219454" lon="123.39727120961479">
        <ele>0.0</ele>
        <time>2026-08-25T21:15:15Z</time>
        <extensions>
          <gpxtpx:TrackPointExtension>
            <gpxtpx:hr>126</gpxtpx:hr>
          </gpxtpx:TrackPointExtension>
        </extensions>
      </trkpt>
      <trkpt lat="41.82902894877268" lon="123.39736417325162">
        <ele>0.0</ele>
        <time>2026-08-25T21:15:18Z</time>
        <extensions>
          <gpxtpx:TrackPointExtension>
            <gpxtpx:hr>126</gpxtpx:hr>
          </gpxtpx:TrackPointExtension>
        </extensions>
      </trkpt>
      <trkpt lat="41.82903595297086" lon="123.3974631348792">
        <ele>0.0</ele>
        <time>2026-08-25T21:15:21Z</time>
        <extensions>
          <gpxtpx:TrackPointExtension>
            <gpxtpx:hr>125</gpxtpx:hr>
          </gpxtpx:TrackPointExtension>
        </extensions>
      </trkpt>
      <trkpt lat="41.829040957555435" lon="123.39756109775249">
        <ele>0.0</ele>
        <time>2026-08-25T21:15:24Z</time>
        <extensions>
          <gpxtpx:TrackPointExtension>
            <gpxtpx:hr>127</gpxtpx:hr>
          </gpxtpx:TrackPointExtension>
        </extensions>
      </trkpt>
      <trkpt lat="41.82904996277016" lon="123.3976630591889">
        <ele>0.0</ele>
        <time>2026-08-25T21:15:27Z</time>
        <extensions>
          <gpxtpx:TrackPointExtension>
            <gpxtpx:hr>128</gpxtpx:hr>
          </gpxtpx:TrackPointExtension>
        </extensions>
      </trkpt>
      <trkpt lat="41.82904596823472" lon="123.39776102452693">
        <ele>0.0</ele>
        <time>2026-08-25T21:15:30Z</time>
        <extensions>
          <gpxtpx:TrackPointExtension>
            <gpxtpx:hr>130</gpxtpx:hr>
          </gpxtpx:TrackPointExtension>
        </extensions>
      </trkpt>
      <trkpt lat="41.829050973611245" lon="123.39785099197545">
        <ele>0.0</ele>
        <time>2026-08-25T21:15:33Z</time>
        <extensions>
          <gpxtpx:TrackPointExtension>
            <gpxtpx:hr>132</gpxtpx:hr>
          </gpxtpx:TrackPointExtension>
        </extensions>
      </trkpt>
      <trkpt lat="41.82906097979818" lon="123.39794795678708">
        <ele>0.0</ele>
        <time>2026-08-25T21:15:36Z</time>
        <extensions>
          <gpxtpx:TrackPointExtension>
            <gpxtpx:hr>133</gpxtpx:hr>
          </gpxtpx:TrackPointExtension>
        </extensions>
      </trkpt>
      <trkpt lat="41.82906498591936" lon="123.39803792539774">
        <ele>0.0</ele>
        <time>2026-08-25T21:15:39Z</time>
        <extensions>
          <gpxtpx:TrackPointExtension>
            <gpxtpx:hr>132</gpxtpx:hr>
          </gpxtpx:TrackPointExtension>
        </extensions>
      </trkpt>
      <trkpt lat="41.82906299292814" lon="123.39813489301322">
        <ele>0.0</ele>
        <time>2026-08-25T21:15:42Z</time>
        <extensions>
          <gpxtpx:TrackPointExtension>
            <gpxtpx:hr>134</gpxtpx:hr>
          </gpxtpx:TrackPointExtension>
        </extensions>
      </trkpt>
      <trkpt lat="41.82906299979965" lon="123.39822486321275">
        <ele>0.0</ele>
        <time>2026-08-25T21:15:45Z</time>
        <extensions>
          <gpxtpx:TrackPointExtension>
            <gpxtpx:hr>134</gpxtpx:hr>
          </gpxtpx:TrackPointExtension>
        </extensions>
      </trkpt>
      <trkpt lat="41.82906800743258" lon="123.39831983157997">
        <ele>0.0</ele>
        <time>2026-08-25T21:15:48Z</time>
        <extensions>
          <gpxtpx:TrackPointExtension>
            <gpxtpx:hr>130</gpxtpx:hr>
          </gpxtpx:TrackPointExtension>
        </extensions>
      </trkpt>
      <trkpt lat="41.82906001531367" lon="123.39841280297492">
        <ele>0.0</ele>
        <time>2026-08-25T21:15:51Z</time>
        <extensions>
          <gpxtpx:TrackPointExtension>
            <gpxtpx:hr>130</gpxtpx:hr>
          </gpxtpx:TrackPointExtension>
        </extensions>
      </trkpt>
      <trkpt lat="41.82907002363677" lon="123.39850677202779">
        <ele>0.0</ele>
        <time>2026-08-25T21:15:54Z</time>
        <extensions>
          <gpxtpx:TrackPointExtension>
            <gpxtpx:hr>128</gpxtpx:hr>
          </gpxtpx:TrackPointExtension>
        </extensions>
      </trkpt>
      <trkpt lat="41.82908603196099" lon="123.39859674198807">
        <ele>0.0</ele>
        <time>2026-08-25T21:15:57Z</time>
        <extensions>
          <gpxtpx:TrackPointExtension>
            <gpxtpx:hr>129</gpxtpx:hr>
          </gpxtpx:TrackPointExtension>
        </extensions>
      </trkpt>
      <trkpt lat="41.82909804045323" lon="123.39868471360933">
        <ele>0.0</ele>
        <time>2026-08-25T21:16:00Z</time>
        <extensions>
          <gpxtpx:TrackPointExtension>
            <gpxtpx:hr>128</gpxtpx:hr>
          </gpxtpx:TrackPointExtension>
        </extensions>
      </trkpt>
      <trkpt lat="41.829108049394385" lon="123.39877368569023">
        <ele>0.0</ele>
        <time>2026-08-25T21:16:03Z</time>
        <extensions>
          <gpxtpx:TrackPointExtension>
            <gpxtpx:hr>126</gpxtpx:hr>
          </gpxtpx:TrackPointExtension>
        </extensions>
      </trkpt>
      <trkpt lat="41.82912605995482" lon="123.39887465364558">
        <ele>0.0</ele>
        <time>2026-08-25T21:16:06Z</time>
        <extensions>
          <gpxtpx:TrackPointExtension>
            <gpxtpx:hr>128</gpxtpx:hr>
          </gpxtpx:TrackPointExtension>
        </extensions>
      </trkpt>
      <trkpt lat="41.8291200707846" lon="123.3989736261951">
        <ele>0.0</ele>
        <time>2026-08-25T21:16:09Z</time>
        <extensions>
          <gpxtpx:TrackPointExtension>
            <gpxtpx:hr>128</gpxtpx:hr>
          </gpxtpx:TrackPointExtension>
        </extensions>
      </trkpt>
      <trkpt lat="41.82911308020213" lon="123.39905660392033">
        <ele>0.0</ele>
        <time>2026-08-25T21:16:12Z</time>
        <extensions>
          <gpxtpx:TrackPointExtension>
            <gpxtpx:hr>128</gpxtpx:hr>
          </gpxtpx:TrackPointExtension>
        </extensions>
      </trkpt>
      <trkpt lat="41.82910809099297" lon="123.39914857932835">
        <ele>0.0</ele>
        <time>2026-08-25T21:16:15Z</time>
        <extensions>
          <gpxtpx:TrackPointExtension>
            <gpxtpx:hr>127</gpxtpx:hr>
          </gpxtpx:TrackPointExtension>
        </extensions>
      </trkpt>
      <trkpt lat="41.82911210251393" lon="123.39924355317399">
        <ele>0.0</ele>
        <time>2026-08-25T21:16:18Z</time>
        <extensions>
          <gpxtpx:TrackPointExtension>
            <gpxtpx:hr>128</gpxtpx:hr>
          </gpxtpx:TrackPointExtension>
        </extensions>
      </trkpt>
      <trkpt lat="41.82912311404053" lon="123.39933552735742">
        <ele>0.0</ele>
        <time>2026-08-25T21:16:21Z</time>
        <extensions>
          <gpxtpx:TrackPointExtension>
            <gpxtpx:hr>127</gpxtpx:hr>
          </gpxtpx:TrackPointExtension>
        </extensions>
      </trkpt>
      <trkpt lat="41.82913212647286" lon="123.39943150132">
        <ele>0.0</ele>
        <time>2026-08-25T21:16:24Z</time>
        <extensions>
          <gpxtpx:TrackPointExtension>
            <gpxtpx:hr>127</gpxtpx:hr>
          </gpxtpx:TrackPointExtension>
        </extensions>
      </trkpt>
      <trkpt lat="41.829132137970994" lon="123.39951747961658">
        <ele>0.0</ele>
        <time>2026-08-25T21:16:27Z</time>
        <extensions>
          <gpxtpx:TrackPointExtension>
            <gpxtpx:hr>125</gpxtpx:hr>
          </gpxtpx:TrackPointExtension>
        </extensions>
      </trkpt>
      <trkpt lat="41.82913715118551" lon="123.39961345521193">
        <ele>0.0</ele>
        <time>2026-08-25T21:16:30Z</time>
        <extensions>
          <gpxtpx:TrackPointExtension>
            <gpxtpx:hr>126</gpxtpx:hr>
          </gpxtpx:TrackPointExtension>
        </extensions>
      </trkpt>
      <trkpt lat="41.82914016423641" lon="123.39970543260584">
        <ele>0.0</ele>
        <time>2026-08-25T21:16:33Z</time>
        <extensions>
          <gpxtpx:TrackPointExtension>
            <gpxtpx:hr>125</gpxtpx:hr>
          </gpxtpx:TrackPointExtension>
        </extensions>
      </trkpt>
      <trkpt lat="41.82913817619338" lon="123.3997874135557">
        <ele>0.0</ele>
        <time>2026-08-25T21:16:36Z</time>
        <extensions>
          <gpxtpx:TrackPointExtension>
            <gpxtpx:hr>125</gpxtpx:hr>
          </gpxtpx:TrackPointExtension>
        </extensions>
      </trkpt>
      <trkpt lat="41.82914218965039" lon="123.3998773922394">
        <ele>0.0</ele>
        <time>2026-08-25T21:16:39Z</time>
        <extensions>
          <gpxtpx:TrackPointExtension>
            <gpxtpx:hr>123</gpxtpx:hr>
          </gpxtpx:TrackPointExtension>
        </extensions>
      </trkpt>
      <trkpt lat="41.82915020283865" lon="123.39996337173898">
        <ele>0.0</ele>
        <time>2026-08-25T21:16:42Z</time>
        <extensions>
          <gpxtpx:TrackPointExtension>
            <gpxtpx:hr>123</gpxtpx:hr>
          </gpxtpx:TrackPointExtension>
        </extensions>
      </trkpt>
      <trkpt lat="41.8291522173219" lon="123.40005535123936">
        <ele>0.0</ele>
        <time>2026-08-25T21:16:45Z</time>
        <extensions>
          <gpxtpx:TrackPointExtension>
            <gpxtpx:hr>124</gpxtpx:hr>
          </gpxtpx:TrackPointExtension>
        </extensions>
      </trkpt>
      <trkpt lat="41.82915223218479" lon="123.40014733154045">
        <ele>0.0</ele>
        <time>2026-08-25T21:16:48Z</time>
        <extensions>
          <gpxtpx:TrackPointExtension>
            <gpxtpx:hr>125</gpxtpx:hr>
          </gpxtpx:TrackPointExtension>
        </extensions>
      </trkpt>
      <trkpt lat="41.82915724758352" lon="123.40024031144272">
        <ele>0.0</ele>
        <time>2026-08-25T21:16:51Z</time>
        <extensions>
          <gpxtpx:TrackPointExtension>
            <gpxtpx:hr>122</gpxtpx:hr>
          </gpxtpx:TrackPointExtension>
        </extensions>
      </trkpt>
      <trkpt lat="41.8291582623432" lon="123.40032729364208">
        <ele>0.0</ele>
        <time>2026-08-25T21:16:54Z</time>
        <extensions>
          <gpxtpx:TrackPointExtension>
            <gpxtpx:hr>122</gpxtpx:hr>
          </gpxtpx:TrackPointExtension>
        </extensions>
      </trkpt>
      <trkpt lat="41.8291622791917" lon="123.40042427393091">
        <ele>0.0</ele>
        <time>2026-08-25T21:16:57Z</time>
        <extensions>
          <gpxtpx:TrackPointExtension>
            <gpxtpx:hr>121</gpxtpx:hr>
          </gpxtpx:TrackPointExtension>
        </extensions>
      </trkpt>
      <trkpt lat="41.82916829699661" lon="123.40052425394565">
        <ele>0.0</ele>
        <time>2026-08-25T21:17:00Z</time>
        <extensions>
          <gpxtpx:TrackPointExtension>
            <gpxtpx:hr>120</gpxtpx:hr>
          </gpxtpx:TrackPointExtension>
        </extensions>
      </trkpt>
      <trkpt lat="41.82917231451112" lon="123.40062023558484">
        <ele>0.0</ele>
        <time>2026-08-25T21:17:03Z</time>
        <extensions>
          <gpxtpx:TrackPointExtension>
            <gpxtpx:hr>117</gpxtpx:hr>
          </gpxtpx:TrackPointExtension>
        </extensions>
      </trkpt>
      <trkpt lat="41.829175332059926" lon="123.40071421828276">
        <ele>0.0</ele>
        <time>2026-08-25T21:17:06Z</time>
        <extensions>
          <gpxtpx:TrackPointExtension>
            <gpxtpx:hr>120</gpxtpx:hr>
          </gpxtpx:TrackPointExtension>
        </extensions>
      </trkpt>
      <trkpt lat="41.82918834979297" lon="123.40080720027191">
        <ele>0.0</ele>
        <time>2026-08-25T21:17:09Z</time>
        <extensions>
          <gpxtpx:TrackPointExtension>
            <gpxtpx:hr>121</gpxtpx:hr>
          </gpxtpx:TrackPointExtension>
        </extensions>
      </trkpt>
      <trkpt lat="41.82919236772906" lon="123.40089918423362">
        <ele>0.0</ele>
        <time>2026-08-25T21:17:12Z</time>
        <extensions>
          <gpxtpx:TrackPointExtension>
            <gpxtpx:hr>123</gpxtpx:hr>
          </gpxtpx:TrackPointExtension>
        </extensions>
      </trkpt>
      <trkpt lat="41.8291923856466" lon="123.40098916960088">
        <ele>0.0</ele>
        <time>2026-08-25T21:17:15Z</time>
        <extensions>
          <gpxtpx:TrackPointExtension>
            <gpxtpx:hr>122</gpxtpx:hr>
          </gpxtpx:TrackPointExtension>
        </extensions>
      </trkpt>
      <trkpt lat="41.82920740451641" lon="123.40108215287097">
        <ele>0.0</ele>
        <time>2026-08-25T21:17:18Z</time>
        <extensions>
          <gpxtpx:TrackPointExtension>
            <gpxtpx:hr>122</gpxtpx:hr>
          </gpxtpx:TrackPointExtension>
        </extensions>
      </trkpt>
      <trkpt lat="41.829210421073135" lon="123.40116214030971">
        <ele>0.0</ele>
        <time>2026-08-25T21:17:21Z</time>
        <extensions>
          <gpxtpx:TrackPointExtension>
            <gpxtpx:hr>120</gpxtpx:hr>
          </gpxtpx:TrackPointExtension>
        </extensions>
      </trkpt>
      <trkpt lat="41.82921544131574" lon="123.4012581255547">
        <ele>0.0</ele>
        <time>2026-08-25T21:17:24Z</time>
        <extensions>
          <gpxtpx:TrackPointExtension>
            <gpxtpx:hr>120</gpxtpx:hr>
          </gpxtpx:TrackPointExtension>
        </extensions>
      </trkpt>
      <trkpt lat="41.82922346066126" lon="123.40134811176412">
        <ele>0.0</ele>
        <time>2026-08-25T21:17:27Z</time>
        <extensions>
          <gpxtpx:TrackPointExtension>
            <gpxtpx:hr>120</gpxtpx:hr>
          </gpxtpx:TrackPointExtension>
        </extensions>
      </trkpt>
      <trkpt lat="41.82922547949372" lon="123.4014340998517">
        <ele>0.0</ele>
        <time>2026-08-25T21:17:30Z</time>
        <extensions>
          <gpxtpx:TrackPointExtension>
            <gpxtpx:hr>121</gpxtpx:hr>
          </gpxtpx:TrackPointExtension>
        </extensions>
      </trkpt>
      <trkpt lat="41.82922250068907" lon="123.40152908795925">
        <ele>0.0</ele>
        <time>2026-08-25T21:17:33Z</time>
        <extensions>
          <gpxtpx:TrackPointExtension>
            <gpxtpx:hr>120</gpxtpx:hr>
          </gpxtpx:TrackPointExtension>
        </extensions>
      </trkpt>
      <trkpt lat="41.82922352273982" lon="123.40162607581014">
        <ele>0.0</ele>
        <time>2026-08-25T21:17:36Z</time>
        <extensions>
          <gpxtpx:TrackPointExtension>
            <gpxtpx:hr>121</gpxtpx:hr>
          </gpxtpx:TrackPointExtension>
        </extensions>
      </trkpt>
      <trkpt lat="41.82924054776013" lon="123.40173406070579">
        <ele>0.0</ele>
        <time>2026-08-25T21:17:39Z</time>
        <extensions>
          <gpxtpx:TrackPointExtension>
            <gpxtpx:hr>122</gpxtpx:hr>
          </gpxtpx:TrackPointExtension>
        </extensions>
      </trkpt>
      <trkpt lat="41.8292535728297" lon="123.40184004710001">
        <ele>0.0</ele>
        <time>2026-08-25T21:17:42Z</time>
        <extensions>
          <gpxtpx:TrackPointExtension>
            <gpxtpx:hr>123</gpxtpx:hr>
          </gpxtpx:TrackPointExtension>
        </extensions>
      </trkpt>
      <trkpt lat="41.82926859717979" lon="123.40194103440606">
        <ele>0.0</ele>
        <time>2026-08-25T21:17:45Z</time>
        <extensions>
          <gpxtpx:TrackPointExtension>
            <gpxtpx:hr>125</gpxtpx:hr>
          </gpxtpx:TrackPointExtension>
        </extensions>
      </trkpt>
      <trkpt lat="41.8292706190322" lon="123.40203002533215">
        <ele>0.0</ele>
        <time>2026-08-25T21:17:48Z</time>
        <extensions>
          <gpxtpx:TrackPointExtension>
            <gpxtpx:hr>124</gpxtpx:hr>
          </gpxtpx:TrackPointExtension>
        </extensions>
      </trkpt>
      <trkpt lat="41.829267640994935" lon="123.40211801754499">
        <ele>0.0</ele>
        <time>2026-08-25T21:17:51Z</time>
        <extensions>
          <gpxtpx:TrackPointExtension>
            <gpxtpx:hr>126</gpxtpx:hr>
          </gpxtpx:TrackPointExtension>
        </extensions>
      </trkpt>
      <trkpt lat="41.82927366380073" lon="123.40220800878463">
        <ele>0.0</ele>
        <time>2026-08-25T21:17:54Z</time>
        <extensions>
          <gpxtpx:TrackPointExtension>
            <gpxtpx:hr>126</gpxtpx:hr>
          </gpxtpx:TrackPointExtension>
        </extensions>
      </trkpt>
      <trkpt lat="41.82927568879279" lon="123.40230500053401">
        <ele>0.0</ele>
        <time>2026-08-25T21:17:57Z</time>
        <extensions>
          <gpxtpx:TrackPointExtension>
            <gpxtpx:hr>127</gpxtpx:hr>
          </gpxtpx:TrackPointExtension>
        </extensions>
      </trkpt>
      <trkpt lat="41.829280711825085" lon="123.40239299309631">
        <ele>0.0</ele>
        <time>2026-08-25T21:18:00Z</time>
        <extensions>
          <gpxtpx:TrackPointExtension>
            <gpxtpx:hr>128</gpxtpx:hr>
          </gpxtpx:TrackPointExtension>
        </extensions>
      </trkpt>
      <trkpt lat="41.829278737894114" lon="123.40249098644797">
        <ele>0.0</ele>
        <time>2026-08-25T21:18:03Z</time>
        <extensions>
          <gpxtpx:TrackPointExtension>
            <gpxtpx:hr>127</gpxtpx:hr>
          </gpxtpx:TrackPointExtension>
        </extensions>
      </trkpt>
      <trkpt lat="41.829287789363626" lon="123.40267997346625">
        <ele>0.0</ele>
        <time>2026-08-25T21:18:09Z</time>
        <extensions>
          <gpxtpx:TrackPointExtension>
            <gpxtpx:hr>127</gpxtpx:hr>
          </gpxtpx:TrackPointExtension>
        </extensions>
      </trkpt>
      <trkpt lat="41.82929581723791" lon="123.40277996702564">
        <ele>0.0</ele>
        <time>2026-08-25T21:18:12Z</time>
        <extensions>
          <gpxtpx:TrackPointExtension>
            <gpxtpx:hr>128</gpxtpx:hr>
          </gpxtpx:TrackPointExtension>
        </extensions>
      </trkpt>
      <trkpt lat="41.829302844704905" lon="123.40287696147342">
        <ele>0.0</ele>
        <time>2026-08-25T21:18:15Z</time>
        <extensions>
          <gpxtpx:TrackPointExtension>
            <gpxtpx:hr>127</gpxtpx:hr>
          </gpxtpx:TrackPointExtension>
        </extensions>
      </trkpt>
      <trkpt lat="41.82930887085681" lon="123.40296795687102">
        <ele>0.0</ele>
        <time>2026-08-25T21:18:18Z</time>
        <extensions>
          <gpxtpx:TrackPointExtension>
            <gpxtpx:hr>127</gpxtpx:hr>
          </gpxtpx:TrackPointExtension>
        </extensions>
      </trkpt>
      <trkpt lat="41.82931289679554" lon="123.40305695312759">
        <ele>0.0</ele>
        <time>2026-08-25T21:18:21Z</time>
        <extensions>
          <gpxtpx:TrackPointExtension>
            <gpxtpx:hr>128</gpxtpx:hr>
          </gpxtpx:TrackPointExtension>
        </extensions>
      </trkpt>
      <trkpt lat="41.829328921286724" lon="123.40313994833292">
        <ele>0.0</ele>
        <time>2026-08-25T21:18:24Z</time>
        <extensions>
          <gpxtpx:TrackPointExtension>
            <gpxtpx:hr>127</gpxtpx:hr>
          </gpxtpx:TrackPointExtension>
        </extensions>
      </trkpt>
      <trkpt lat="41.829338950313364" lon="123.40323694450187">
        <ele>0.0</ele>
        <time>2026-08-25T21:18:27Z</time>
        <extensions>
          <gpxtpx:TrackPointExtension>
            <gpxtpx:hr>127</gpxtpx:hr>
          </gpxtpx:TrackPointExtension>
        </extensions>
      </trkpt>
      <trkpt lat="41.829345982521225" lon="123.40334294153509">
        <ele>0.0</ele>
        <time>2026-08-25T21:18:30Z</time>
        <extensions>
          <gpxtpx:TrackPointExtension>
            <gpxtpx:hr>126</gpxtpx:hr>
          </gpxtpx:TrackPointExtension>
        </extensions>
      </trkpt>
      <trkpt lat="41.829348013063736" lon="123.40344194003302">
        <ele>0.0</ele>
        <time>2026-08-25T21:18:33Z</time>
        <extensions>
          <gpxtpx:TrackPointExtension>
            <gpxtpx:hr>124</gpxtpx:hr>
          </gpxtpx:TrackPointExtension>
        </extensions>
      </trkpt>
      <trkpt lat="41.82934604216116" lon="123.40353493972232">
        <ele>0.0</ele>
        <time>2026-08-25T21:18:36Z</time>
        <extensions>
          <gpxtpx:TrackPointExtension>
            <gpxtpx:hr>125</gpxtpx:hr>
          </gpxtpx:TrackPointExtension>
        </extensions>
      </trkpt>
      <trkpt lat="41.8293430690965" lon="123.40361994007041">
        <ele>0.0</ele>
        <time>2026-08-25T21:18:39Z</time>
        <extensions>
          <gpxtpx:TrackPointExtension>
            <gpxtpx:hr>125</gpxtpx:hr>
          </gpxtpx:TrackPointExtension>
        </extensions>
      </trkpt>
      <trkpt lat="41.82934109925906" lon="123.40371394078616">
        <ele>0.0</ele>
        <time>2026-08-25T21:18:42Z</time>
        <extensions>
          <gpxtpx:TrackPointExtension>
            <gpxtpx:hr>125</gpxtpx:hr>
          </gpxtpx:TrackPointExtension>
        </extensions>
      </trkpt>
      <trkpt lat="41.829348127188474" lon="123.4037999406635">
        <ele>0.0</ele>
        <time>2026-08-25T21:18:45Z</time>
        <extensions>
          <gpxtpx:TrackPointExtension>
            <gpxtpx:hr>126</gpxtpx:hr>
          </gpxtpx:TrackPointExtension>
        </extensions>
      </trkpt>
      <trkpt lat="41.829348156452305" lon="123.40388894204494">
        <ele>0.0</ele>
        <time>2026-08-25T21:18:48Z</time>
        <extensions>
          <gpxtpx:TrackPointExtension>
            <gpxtpx:hr>126</gpxtpx:hr>
          </gpxtpx:TrackPointExtension>
        </extensions>
      </trkpt>
      <trkpt lat="41.82935418572773" lon="123.4039769430384">
        <ele>0.0</ele>
        <time>2026-08-25T21:18:51Z</time>
        <extensions>
          <gpxtpx:TrackPointExtension>
            <gpxtpx:hr>126</gpxtpx:hr>
          </gpxtpx:TrackPointExtension>
        </extensions>
      </trkpt>
      <trkpt lat="41.829359215352106" lon="123.40406494465086">
        <ele>0.0</ele>
        <time>2026-08-25T21:18:54Z</time>
        <extensions>
          <gpxtpx:TrackPointExtension>
            <gpxtpx:hr>126</gpxtpx:hr>
          </gpxtpx:TrackPointExtension>
        </extensions>
      </trkpt>
      <trkpt lat="41.82936924428885" lon="123.40414994592699">
        <ele>0.0</ele>
        <time>2026-08-25T21:18:57Z</time>
        <extensions>
          <gpxtpx:TrackPointExtension>
            <gpxtpx:hr>127</gpxtpx:hr>
          </gpxtpx:TrackPointExtension>
        </extensions>
      </trkpt>
      <trkpt lat="41.82937127321539" lon="123.40423394874493">
        <ele>0.0</ele>
        <time>2026-08-25T21:19:00Z</time>
        <extensions>
          <gpxtpx:TrackPointExtension>
            <gpxtpx:hr>128</gpxtpx:hr>
          </gpxtpx:TrackPointExtension>
        </extensions>
      </trkpt>
      <trkpt lat="41.8293713063149" lon="123.40432895277706">
        <ele>0.0</ele>
        <time>2026-08-25T21:19:03Z</time>
        <extensions>
          <gpxtpx:TrackPointExtension>
            <gpxtpx:hr>129</gpxtpx:hr>
          </gpxtpx:TrackPointExtension>
        </extensions>
      </trkpt>
      <trkpt lat="41.82938333731931" lon="123.40441695530407">
        <ele>0.0</ele>
        <time>2026-08-25T21:19:06Z</time>
        <extensions>
          <gpxtpx:TrackPointExtension>
            <gpxtpx:hr>128</gpxtpx:hr>
          </gpxtpx:TrackPointExtension>
        </extensions>
      </trkpt>
      <trkpt lat="41.82938436832914" lon="123.40450395981448">
        <ele>0.0</ele>
        <time>2026-08-25T21:19:09Z</time>
        <extensions>
          <gpxtpx:TrackPointExtension>
            <gpxtpx:hr>128</gpxtpx:hr>
          </gpxtpx:TrackPointExtension>
        </extensions>
      </trkpt>
      <trkpt lat="41.82938140077183" lon="123.40459396554442">
        <ele>0.0</ele>
        <time>2026-08-25T21:19:12Z</time>
        <extensions>
          <gpxtpx:TrackPointExtension>
            <gpxtpx:hr>127</gpxtpx:hr>
          </gpxtpx:TrackPointExtension>
        </extensions>
      </trkpt>
      <trkpt lat="41.82938843099932" lon="123.40467696988428">
        <ele>0.0</ele>
        <time>2026-08-25T21:19:15Z</time>
        <extensions>
          <gpxtpx:TrackPointExtension>
            <gpxtpx:hr>123</gpxtpx:hr>
          </gpxtpx:TrackPointExtension>
        </extensions>
      </trkpt>
      <trkpt lat="41.82939346412958" lon="123.40476697543806">
        <ele>0.0</ele>
        <time>2026-08-25T21:19:18Z</time>
        <extensions>
          <gpxtpx:TrackPointExtension>
            <gpxtpx:hr>122</gpxtpx:hr>
          </gpxtpx:TrackPointExtension>
        </extensions>
      </trkpt>
      <trkpt lat="41.82939949575152" lon="123.4048519809605">
        <ele>0.0</ele>
        <time>2026-08-25T21:19:21Z</time>
        <extensions>
          <gpxtpx:TrackPointExtension>
            <gpxtpx:hr>123</gpxtpx:hr>
          </gpxtpx:TrackPointExtension>
        </extensions>
      </trkpt>
      <trkpt lat="41.82940352921272" lon="123.40494098754453">
        <ele>0.0</ele>
        <time>2026-08-25T21:19:24Z</time>
        <extensions>
          <gpxtpx:TrackPointExtension>
            <gpxtpx:hr>126</gpxtpx:hr>
          </gpxtpx:TrackPointExtension>
        </extensions>
      </trkpt>
      <trkpt lat="41.82940356188972" lon="123.40502699491975">
        <ele>0.0</ele>
        <time>2026-08-25T21:19:27Z</time>
        <extensions>
          <gpxtpx:TrackPointExtension>
            <gpxtpx:hr>129</gpxtpx:hr>
          </gpxtpx:TrackPointExtension>
        </extensions>
      </trkpt>
      <trkpt lat="41.82941159527328" lon="123.40511400170881">
        <ele>0.0</ele>
        <time>2026-08-25T21:19:30Z</time>
        <extensions>
          <gpxtpx:TrackPointExtension>
            <gpxtpx:hr>129</gpxtpx:hr>
          </gpxtpx:TrackPointExtension>
        </extensions>
      </trkpt>
      <trkpt lat="41.829419630166385" lon="123.40520400926258">
        <ele>0.0</ele>
        <time>2026-08-25T21:19:33Z</time>
        <extensions>
          <gpxtpx:TrackPointExtension>
            <gpxtpx:hr>127</gpxtpx:hr>
          </gpxtpx:TrackPointExtension>
        </extensions>
      </trkpt>
      <trkpt lat="41.82941866464878" lon="123.40529201838469">
        <ele>0.0</ele>
        <time>2026-08-25T21:19:36Z</time>
        <extensions>
          <gpxtpx:TrackPointExtension>
            <gpxtpx:hr>124</gpxtpx:hr>
          </gpxtpx:TrackPointExtension>
        </extensions>
      </trkpt>
      <trkpt lat="41.82942370185803" lon="123.40538602779485">
        <ele>0.0</ele>
        <time>2026-08-25T21:19:39Z</time>
        <extensions>
          <gpxtpx:TrackPointExtension>
            <gpxtpx:hr>125</gpxtpx:hr>
          </gpxtpx:TrackPointExtension>
        </extensions>
      </trkpt>
      <trkpt lat="41.82942373705893" lon="123.40547403776337">
        <ele>0.0</ele>
        <time>2026-08-25T21:19:42Z</time>
        <extensions>
          <gpxtpx:TrackPointExtension>
            <gpxtpx:hr>126</gpxtpx:hr>
          </gpxtpx:TrackPointExtension>
        </extensions>
      </trkpt>
      <trkpt lat="41.82942177342284" lon="123.40556404873692">
        <ele>0.0</ele>
        <time>2026-08-25T21:19:45Z</time>
        <extensions>
          <gpxtpx:TrackPointExtension>
            <gpxtpx:hr>126</gpxtpx:hr>
          </gpxtpx:TrackPointExtension>
        </extensions>
      </trkpt>
      <trkpt lat="41.8294298130083" lon="123.40566105968152">
        <ele>0.0</ele>
        <time>2026-08-25T21:19:48Z</time>
        <extensions>
          <gpxtpx:TrackPointExtension>
            <gpxtpx:hr>124</gpxtpx:hr>
          </gpxtpx:TrackPointExtension>
        </extensions>
      </trkpt>
      <trkpt lat="41.82944385010623" lon="123.4057510694217">
        <ele>0.0</ele>
        <time>2026-08-25T21:19:51Z</time>
        <extensions>
          <gpxtpx:TrackPointExtension>
            <gpxtpx:hr>125</gpxtpx:hr>
          </gpxtpx:TrackPointExtension>
        </extensions>
      </trkpt>
      <trkpt lat="41.829446892609205" lon="123.40585308289249">
        <ele>0.0</ele>
        <time>2026-08-25T21:19:54Z</time>
        <extensions>
          <gpxtpx:TrackPointExtension>
            <gpxtpx:hr>123</gpxtpx:hr>
          </gpxtpx:TrackPointExtension>
        </extensions>
      </trkpt>
      <trkpt lat="41.82945492964683" lon="123.40594109426199">
        <ele>0.0</ele>
        <time>2026-08-25T21:19:57Z</time>
        <extensions>
          <gpxtpx:TrackPointExtension>
            <gpxtpx:hr>124</gpxtpx:hr>
          </gpxtpx:TrackPointExtension>
        </extensions>
      </trkpt>
      <trkpt lat="41.82945896703845" lon="123.40602910667782">
        <ele>0.0</ele>
        <time>2026-08-25T21:20:00Z</time>
        <extensions>
          <gpxtpx:TrackPointExtension>
            <gpxtpx:hr>126</gpxtpx:hr>
          </gpxtpx:TrackPointExtension>
        </extensions>
      </trkpt>
      <trkpt lat="41.82945501212154" lon="123.40613412336388">
        <ele>0.0</ele>
        <time>2026-08-25T21:20:03Z</time>
        <extensions>
          <gpxtpx:TrackPointExtension>
            <gpxtpx:hr>126</gpxtpx:hr>
          </gpxtpx:TrackPointExtension>
        </extensions>
      </trkpt>
      <trkpt lat="41.829457052022896" lon="123.40622613776196">
        <ele>0.0</ele>
        <time>2026-08-25T21:20:06Z</time>
        <extensions>
          <gpxtpx:TrackPointExtension>
            <gpxtpx:hr>127</gpxtpx:hr>
          </gpxtpx:TrackPointExtension>
        </extensions>
      </trkpt>
      <trkpt lat="41.829465091416864" lon="123.40631615149464">
        <ele>0.0</ele>
        <time>2026-08-25T21:20:09Z</time>
        <extensions>
          <gpxtpx:TrackPointExtension>
            <gpxtpx:hr>129</gpxtpx:hr>
          </gpxtpx:TrackPointExtension>
        </extensions>
      </trkpt>
      <trkpt lat="41.829477125846125" lon="123.40639416308147">
        <ele>0.0</ele>
        <time>2026-08-25T21:20:12Z</time>
        <extensions>
          <gpxtpx:TrackPointExtension>
            <gpxtpx:hr>129</gpxtpx:hr>
          </gpxtpx:TrackPointExtension>
        </extensions>
      </trkpt>
      <trkpt lat="41.82948716547044" lon="123.40648317728585">
        <ele>0.0</ele>
        <time>2026-08-25T21:20:15Z</time>
        <extensions>
          <gpxtpx:TrackPointExtension>
            <gpxtpx:hr>131</gpxtpx:hr>
          </gpxtpx:TrackPointExtension>
        </extensions>
      </trkpt>
      <trkpt lat="41.82949220590955" lon="123.4065731928736">
        <ele>0.0</ele>
        <time>2026-08-25T21:20:18Z</time>
        <extensions>
          <gpxtpx:TrackPointExtension>
            <gpxtpx:hr>129</gpxtpx:hr>
          </gpxtpx:TrackPointExtension>
        </extensions>
      </trkpt>
      <trkpt lat="41.829492251277095" lon="123.40667321156928">
        <ele>0.0</ele>
        <time>2026-08-25T21:20:21Z</time>
        <extensions>
          <gpxtpx:TrackPointExtension>
            <gpxtpx:hr>131</gpxtpx:hr>
          </gpxtpx:TrackPointExtension>
        </extensions>
      </trkpt>
      <trkpt lat="41.82949729708786" lon="123.40677323017283">
        <ele>0.0</ele>
        <time>2026-08-25T21:20:24Z</time>
        <extensions>
          <gpxtpx:TrackPointExtension>
            <gpxtpx:hr>131</gpxtpx:hr>
          </gpxtpx:TrackPointExtension>
        </extensions>
      </trkpt>
      <trkpt lat="41.829500341027426" lon="123.40686824866714">
        <ele>0.0</ele>
        <time>2026-08-25T21:20:27Z</time>
        <extensions>
          <gpxtpx:TrackPointExtension>
            <gpxtpx:hr>129</gpxtpx:hr>
          </gpxtpx:TrackPointExtension>
        </extensions>
      </trkpt>
      <trkpt lat="41.82950238443676" lon="123.40696126744542">
        <ele>0.0</ele>
        <time>2026-08-25T21:20:30Z</time>
        <extensions>
          <gpxtpx:TrackPointExtension>
            <gpxtpx:hr>131</gpxtpx:hr>
          </gpxtpx:TrackPointExtension>
        </extensions>
      </trkpt>
      <trkpt lat="41.82949242872496" lon="123.40705528867613">
        <ele>0.0</ele>
        <time>2026-08-25T21:20:33Z</time>
        <extensions>
          <gpxtpx:TrackPointExtension>
            <gpxtpx:hr>129</gpxtpx:hr>
          </gpxtpx:TrackPointExtension>
        </extensions>
      </trkpt>
      <trkpt lat="41.82947747437276" lon="123.40715131160215">
        <ele>0.0</ele>
        <time>2026-08-25T21:20:36Z</time>
        <extensions>
          <gpxtpx:TrackPointExtension>
            <gpxtpx:hr>130</gpxtpx:hr>
          </gpxtpx:TrackPointExtension>
        </extensions>
      </trkpt>
      <trkpt lat="41.829478517523626" lon="123.40724133147347">
        <ele>0.0</ele>
        <time>2026-08-25T21:20:39Z</time>
        <extensions>
          <gpxtpx:TrackPointExtension>
            <gpxtpx:hr>129</gpxtpx:hr>
          </gpxtpx:TrackPointExtension>
        </extensions>
      </trkpt>
      <trkpt lat="41.82950360439829" lon="123.40742036921557">
        <ele>0.0</ele>
        <time>2026-08-25T21:20:45Z</time>
        <extensions>
          <gpxtpx:TrackPointExtension>
            <gpxtpx:hr>126</gpxtpx:hr>
          </gpxtpx:TrackPointExtension>
        </extensions>
      </trkpt>
      <trkpt lat="41.82950864912747" lon="123.40751139025727">
        <ele>0.0</ele>
        <time>2026-08-25T21:20:48Z</time>
        <extensions>
          <gpxtpx:TrackPointExtension>
            <gpxtpx:hr>126</gpxtpx:hr>
          </gpxtpx:TrackPointExtension>
        </extensions>
      </trkpt>
      <trkpt lat="41.829523738694235" lon="123.40769143266044">
        <ele>0.0</ele>
        <time>2026-08-25T21:20:54Z</time>
        <extensions>
          <gpxtpx:TrackPointExtension>
            <gpxtpx:hr>126</gpxtpx:hr>
          </gpxtpx:TrackPointExtension>
        </extensions>
      </trkpt>
      <trkpt lat="41.829533786045104" lon="123.40778545529285">
        <ele>0.0</ele>
        <time>2026-08-25T21:20:57Z</time>
        <extensions>
          <gpxtpx:TrackPointExtension>
            <gpxtpx:hr>128</gpxtpx:hr>
          </gpxtpx:TrackPointExtension>
        </extensions>
      </trkpt>
      <trkpt lat="41.82954382920379" lon="123.40787047609273">
        <ele>0.0</ele>
        <time>2026-08-25T21:21:00Z</time>
        <extensions>
          <gpxtpx:TrackPointExtension>
            <gpxtpx:hr>128</gpxtpx:hr>
          </gpxtpx:TrackPointExtension>
        </extensions>
      </trkpt>
      <trkpt lat="41.82954687680785" lon="123.40796350048986">
        <ele>0.0</ele>
        <time>2026-08-25T21:21:03Z</time>
        <extensions>
          <gpxtpx:TrackPointExtension>
            <gpxtpx:hr>129</gpxtpx:hr>
          </gpxtpx:TrackPointExtension>
        </extensions>
      </trkpt>
      <trkpt lat="41.829550921691755" lon="123.40805052362764">
        <ele>0.0</ele>
        <time>2026-08-25T21:21:06Z</time>
        <extensions>
          <gpxtpx:TrackPointExtension>
            <gpxtpx:hr>129</gpxtpx:hr>
          </gpxtpx:TrackPointExtension>
        </extensions>
      </trkpt>
      <trkpt lat="41.82955196848628" lon="123.40814054850145">
        <ele>0.0</ele>
        <time>2026-08-25T21:21:09Z</time>
        <extensions>
          <gpxtpx:TrackPointExtension>
            <gpxtpx:hr>130</gpxtpx:hr>
          </gpxtpx:TrackPointExtension>
        </extensions>
      </trkpt>
      <trkpt lat="41.82955601721998" lon="123.40823357430928">
        <ele>0.0</ele>
        <time>2026-08-25T21:21:12Z</time>
        <extensions>
          <gpxtpx:TrackPointExtension>
            <gpxtpx:hr>130</gpxtpx:hr>
          </gpxtpx:TrackPointExtension>
        </extensions>
      </trkpt>
      <trkpt lat="41.829564062096566" lon="123.40831859774796">
        <ele>0.0</ele>
        <time>2026-08-25T21:21:15Z</time>
        <extensions>
          <gpxtpx:TrackPointExtension>
            <gpxtpx:hr>129</gpxtpx:hr>
          </gpxtpx:TrackPointExtension>
        </extensions>
      </trkpt>
      <trkpt lat="41.82956910890424" lon="123.40840662295078">
        <ele>0.0</ele>
        <time>2026-08-25T21:21:18Z</time>
        <extensions>
          <gpxtpx:TrackPointExtension>
            <gpxtpx:hr>130</gpxtpx:hr>
          </gpxtpx:TrackPointExtension>
        </extensions>
      </trkpt>
      <trkpt lat="41.82958115712758" lon="123.40849664824377">
        <ele>0.0</ele>
        <time>2026-08-25T21:21:21Z</time>
        <extensions>
          <gpxtpx:TrackPointExtension>
            <gpxtpx:hr>132</gpxtpx:hr>
          </gpxtpx:TrackPointExtension>
        </extensions>
      </trkpt>
      <trkpt lat="41.829594206798824" lon="123.40858867451243">
        <ele>0.0</ele>
        <time>2026-08-25T21:21:24Z</time>
        <extensions>
          <gpxtpx:TrackPointExtension>
            <gpxtpx:hr>128</gpxtpx:hr>
          </gpxtpx:TrackPointExtension>
        </extensions>
      </trkpt>
      <trkpt lat="41.829596258504665" lon="123.4086837038094">
        <ele>0.0</ele>
        <time>2026-08-25T21:21:27Z</time>
        <extensions>
          <gpxtpx:TrackPointExtension>
            <gpxtpx:hr>129</gpxtpx:hr>
          </gpxtpx:TrackPointExtension>
        </extensions>
      </trkpt>
      <trkpt lat="41.82959930676182" lon="123.40877173128266">
        <ele>0.0</ele>
        <time>2026-08-25T21:21:30Z</time>
        <extensions>
          <gpxtpx:TrackPointExtension>
            <gpxtpx:hr>128</gpxtpx:hr>
          </gpxtpx:TrackPointExtension>
        </extensions>
      </trkpt>
      <trkpt lat="41.82960936034999" lon="123.40886876117005">
        <ele>0.0</ele>
        <time>2026-08-25T21:21:33Z</time>
        <extensions>
          <gpxtpx:TrackPointExtension>
            <gpxtpx:hr>128</gpxtpx:hr>
          </gpxtpx:TrackPointExtension>
        </extensions>
      </trkpt>
      <trkpt lat="41.82962241156313" lon="123.4089607895553">
        <ele>0.0</ele>
        <time>2026-08-25T21:21:36Z</time>
        <extensions>
          <gpxtpx:TrackPointExtension>
            <gpxtpx:hr>128</gpxtpx:hr>
          </gpxtpx:TrackPointExtension>
        </extensions>
      </trkpt>
      <trkpt lat="41.829635465410256" lon="123.40905681981303">
        <ele>0.0</ele>
        <time>2026-08-25T21:21:39Z</time>
        <extensions>
          <gpxtpx:TrackPointExtension>
            <gpxtpx:hr>127</gpxtpx:hr>
          </gpxtpx:TrackPointExtension>
        </extensions>
      </trkpt>
      <trkpt lat="41.82963451855507" lon="123.40915085194243">
        <ele>0.0</ele>
        <time>2026-08-25T21:21:42Z</time>
        <extensions>
          <gpxtpx:TrackPointExtension>
            <gpxtpx:hr>128</gpxtpx:hr>
          </gpxtpx:TrackPointExtension>
        </extensions>
      </trkpt>
      <trkpt lat="41.8296425703717" lon="123.40924188229339">
        <ele>0.0</ele>
        <time>2026-08-25T21:21:45Z</time>
        <extensions>
          <gpxtpx:TrackPointExtension>
            <gpxtpx:hr>126</gpxtpx:hr>
          </gpxtpx:TrackPointExtension>
        </extensions>
      </trkpt>
      <trkpt lat="41.82965062313709" lon="123.40933391351095">
        <ele>0.0</ele>
        <time>2026-08-25T21:21:48Z</time>
        <extensions>
          <gpxtpx:TrackPointExtension>
            <gpxtpx:hr>125</gpxtpx:hr>
          </gpxtpx:TrackPointExtension>
        </extensions>
      </trkpt>
      <trkpt lat="41.82966467627639" lon="123.40942594439987">
        <ele>0.0</ele>
        <time>2026-08-25T21:21:51Z</time>
        <extensions>
          <gpxtpx:TrackPointExtension>
            <gpxtpx:hr>125</gpxtpx:hr>
          </gpxtpx:TrackPointExtension>
        </extensions>
      </trkpt>
      <trkpt lat="41.82967773447178" lon="123.4095259788834">
        <ele>0.0</ele>
        <time>2026-08-25T21:21:54Z</time>
        <extensions>
          <gpxtpx:TrackPointExtension>
            <gpxtpx:hr>123</gpxtpx:hr>
          </gpxtpx:TrackPointExtension>
        </extensions>
      </trkpt>
      <trkpt lat="41.82969779193166" lon="123.40962401224621">
        <ele>0.0</ele>
        <time>2026-08-25T21:21:57Z</time>
        <extensions>
          <gpxtpx:TrackPointExtension>
            <gpxtpx:hr>125</gpxtpx:hr>
          </gpxtpx:TrackPointExtension>
        </extensions>
      </trkpt>
      <trkpt lat="41.82972084804152" lon="123.40971904464163">
        <ele>0.0</ele>
        <time>2026-08-25T21:22:00Z</time>
        <extensions>
          <gpxtpx:TrackPointExtension>
            <gpxtpx:hr>126</gpxtpx:hr>
          </gpxtpx:TrackPointExtension>
        </extensions>
      </trkpt>
      <trkpt lat="41.82972290279101" lon="123.40981107942514">
        <ele>0.0</ele>
        <time>2026-08-25T21:22:03Z</time>
        <extensions>
          <gpxtpx:TrackPointExtension>
            <gpxtpx:hr>123</gpxtpx:hr>
          </gpxtpx:TrackPointExtension>
        </extensions>
      </trkpt>
      <trkpt lat="41.82970595854554" lon="123.40990411781999">
        <ele>0.0</ele>
        <time>2026-08-25T21:22:06Z</time>
        <extensions>
          <gpxtpx:TrackPointExtension>
            <gpxtpx:hr>120</gpxtpx:hr>
          </gpxtpx:TrackPointExtension>
        </extensions>
      </trkpt>
      <trkpt lat="41.82970101104276" lon="123.40999115267353">
        <ele>0.0</ele>
        <time>2026-08-25T21:22:09Z</time>
        <extensions>
          <gpxtpx:TrackPointExtension>
            <gpxtpx:hr>119</gpxtpx:hr>
          </gpxtpx:TrackPointExtension>
        </extensions>
      </trkpt>
      <trkpt lat="41.82969806326927" lon="123.41007718731053">
        <ele>0.0</ele>
        <time>2026-08-25T21:22:12Z</time>
        <extensions>
          <gpxtpx:TrackPointExtension>
            <gpxtpx:hr>122</gpxtpx:hr>
          </gpxtpx:TrackPointExtension>
        </extensions>
      </trkpt>
      <trkpt lat="41.829696118280204" lon="123.41016722388645">
        <ele>0.0</ele>
        <time>2026-08-25T21:22:15Z</time>
        <extensions>
          <gpxtpx:TrackPointExtension>
            <gpxtpx:hr>126</gpxtpx:hr>
          </gpxtpx:TrackPointExtension>
        </extensions>
      </trkpt>
      <trkpt lat="41.82968417058209" lon="123.41025226032609">
        <ele>0.0</ele>
        <time>2026-08-25T21:22:18Z</time>
        <extensions>
          <gpxtpx:TrackPointExtension>
            <gpxtpx:hr>122</gpxtpx:hr>
          </gpxtpx:TrackPointExtension>
        </extensions>
      </trkpt>
      <trkpt lat="41.82969823063186" lon="123.41034929852303">
        <ele>0.0</ele>
        <time>2026-08-25T21:22:21Z</time>
        <extensions>
          <gpxtpx:TrackPointExtension>
            <gpxtpx:hr>124</gpxtpx:hr>
          </gpxtpx:TrackPointExtension>
        </extensions>
      </trkpt>
      <trkpt lat="41.829709285478685" lon="123.41043733392074">
        <ele>0.0</ele>
        <time>2026-08-25T21:22:24Z</time>
        <extensions>
          <gpxtpx:TrackPointExtension>
            <gpxtpx:hr>127</gpxtpx:hr>
          </gpxtpx:TrackPointExtension>
        </extensions>
      </trkpt>
      <trkpt lat="41.82972434759516" lon="123.41053637394265">
        <ele>0.0</ele>
        <time>2026-08-25T21:22:27Z</time>
        <extensions>
          <gpxtpx:TrackPointExtension>
            <gpxtpx:hr>126</gpxtpx:hr>
          </gpxtpx:TrackPointExtension>
        </extensions>
      </trkpt>
      <trkpt lat="41.8297364107909" lon="123.41063641543144">
        <ele>0.0</ele>
        <time>2026-08-25T21:22:30Z</time>
        <extensions>
          <gpxtpx:TrackPointExtension>
            <gpxtpx:hr>125</gpxtpx:hr>
          </gpxtpx:TrackPointExtension>
        </extensions>
      </trkpt>
      <trkpt lat="41.8297434718877" lon="123.41073245648413">
        <ele>0.0</ele>
        <time>2026-08-25T21:22:33Z</time>
        <extensions>
          <gpxtpx:TrackPointExtension>
            <gpxtpx:hr>130</gpxtpx:hr>
          </gpxtpx:TrackPointExtension>
        </extensions>
      </trkpt>
      <trkpt lat="41.82975353275299" lon="123.41082749723358">
        <ele>0.0</ele>
        <time>2026-08-25T21:22:36Z</time>
        <extensions>
          <gpxtpx:TrackPointExtension>
            <gpxtpx:hr>128</gpxtpx:hr>
          </gpxtpx:TrackPointExtension>
        </extensions>
      </trkpt>
      <trkpt lat="41.829768594018894" lon="123.41092253783083">
        <ele>0.0</ele>
        <time>2026-08-25T21:22:39Z</time>
        <extensions>
          <gpxtpx:TrackPointExtension>
            <gpxtpx:hr>126</gpxtpx:hr>
          </gpxtpx:TrackPointExtension>
        </extensions>
      </trkpt>
      <trkpt lat="41.82977665830547" lon="123.41102158181468">
        <ele>0.0</ele>
        <time>2026-08-25T21:22:42Z</time>
        <extensions>
          <gpxtpx:TrackPointExtension>
            <gpxtpx:hr>127</gpxtpx:hr>
          </gpxtpx:TrackPointExtension>
        </extensions>
      </trkpt>
      <trkpt lat="41.82977972894587" lon="123.41112963130115">
        <ele>0.0</ele>
        <time>2026-08-25T21:22:45Z</time>
        <extensions>
          <gpxtpx:TrackPointExtension>
            <gpxtpx:hr>125</gpxtpx:hr>
          </gpxtpx:TrackPointExtension>
        </extensions>
      </trkpt>
      <trkpt lat="41.82978179151793" lon="123.4112246755175">
        <ele>0.0</ele>
        <time>2026-08-25T21:22:48Z</time>
        <extensions>
          <gpxtpx:TrackPointExtension>
            <gpxtpx:hr>126</gpxtpx:hr>
          </gpxtpx:TrackPointExtension>
        </extensions>
      </trkpt>
      <trkpt lat="41.82976784919497" lon="123.41131171874773">
        <ele>0.0</ele>
        <time>2026-08-25T21:22:51Z</time>
        <extensions>
          <gpxtpx:TrackPointExtension>
            <gpxtpx:hr>126</gpxtpx:hr>
          </gpxtpx:TrackPointExtension>
        </extensions>
      </trkpt>
      <trkpt lat="41.82977490652014" lon="123.41139775898144">
        <ele>0.0</ele>
        <time>2026-08-25T21:22:54Z</time>
        <extensions>
          <gpxtpx:TrackPointExtension>
            <gpxtpx:hr>127</gpxtpx:hr>
          </gpxtpx:TrackPointExtension>
        </extensions>
      </trkpt>
      <trkpt lat="41.82978296821262" lon="123.41148980245534">
        <ele>0.0</ele>
        <time>2026-08-25T21:22:57Z</time>
        <extensions>
          <gpxtpx:TrackPointExtension>
            <gpxtpx:hr>130</gpxtpx:hr>
          </gpxtpx:TrackPointExtension>
        </extensions>
      </trkpt>
      <trkpt lat="41.829785032323514" lon="123.41158484878468">
        <ele>0.0</ele>
        <time>2026-08-25T21:23:00Z</time>
        <extensions>
          <gpxtpx:TrackPointExtension>
            <gpxtpx:hr>131</gpxtpx:hr>
          </gpxtpx:TrackPointExtension>
        </extensions>
      </trkpt>
      <trkpt lat="41.82979709682921" lon="123.41167989425148">
        <ele>0.0</ele>
        <time>2026-08-25T21:23:03Z</time>
        <extensions>
          <gpxtpx:TrackPointExtension>
            <gpxtpx:hr>134</gpxtpx:hr>
          </gpxtpx:TrackPointExtension>
        </extensions>
      </trkpt>
      <trkpt lat="41.82980516174542" lon="123.41177494084374">
        <ele>0.0</ele>
        <time>2026-08-25T21:23:06Z</time>
        <extensions>
          <gpxtpx:TrackPointExtension>
            <gpxtpx:hr>134</gpxtpx:hr>
          </gpxtpx:TrackPointExtension>
        </extensions>
      </trkpt>
      <trkpt lat="41.82981122844956" lon="123.41187198929994">
        <ele>0.0</ele>
        <time>2026-08-25T21:23:09Z</time>
        <extensions>
          <gpxtpx:TrackPointExtension>
            <gpxtpx:hr>134</gpxtpx:hr>
          </gpxtpx:TrackPointExtension>
        </extensions>
      </trkpt>
      <trkpt lat="41.82980629420052" lon="123.41196703886469">
        <ele>0.0</ele>
        <time>2026-08-25T21:23:12Z</time>
        <extensions>
          <gpxtpx:TrackPointExtension>
            <gpxtpx:hr>133</gpxtpx:hr>
          </gpxtpx:TrackPointExtension>
        </extensions>
      </trkpt>
      <trkpt lat="41.82981035755388" lon="123.41205808561698">
        <ele>0.0</ele>
        <time>2026-08-25T21:23:15Z</time>
        <extensions>
          <gpxtpx:TrackPointExtension>
            <gpxtpx:hr>133</gpxtpx:hr>
          </gpxtpx:TrackPointExtension>
        </extensions>
      </trkpt>
      <trkpt lat="41.82981342338804" lon="123.41215213460814">
        <ele>0.0</ele>
        <time>2026-08-25T21:23:18Z</time>
        <extensions>
          <gpxtpx:TrackPointExtension>
            <gpxtpx:hr>131</gpxtpx:hr>
          </gpxtpx:TrackPointExtension>
        </extensions>
      </trkpt>
      <trkpt lat="41.829808491041845" lon="123.41224818634976">
        <ele>0.0</ele>
        <time>2026-08-25T21:23:21Z</time>
        <extensions>
          <gpxtpx:TrackPointExtension>
            <gpxtpx:hr>131</gpxtpx:hr>
          </gpxtpx:TrackPointExtension>
        </extensions>
      </trkpt>
      <trkpt lat="41.82980055129345" lon="123.41233323314485">
        <ele>0.0</ele>
        <time>2026-08-25T21:23:24Z</time>
        <extensions>
          <gpxtpx:TrackPointExtension>
            <gpxtpx:hr>131</gpxtpx:hr>
          </gpxtpx:TrackPointExtension>
        </extensions>
      </trkpt>
      <trkpt lat="41.82980161686222" lon="123.41242528292469">
        <ele>0.0</ele>
        <time>2026-08-25T21:23:27Z</time>
        <extensions>
          <gpxtpx:TrackPointExtension>
            <gpxtpx:hr>132</gpxtpx:hr>
          </gpxtpx:TrackPointExtension>
        </extensions>
      </trkpt>
      <trkpt lat="41.82980868136701" lon="123.41251533127274">
        <ele>0.0</ele>
        <time>2026-08-25T21:23:30Z</time>
        <extensions>
          <gpxtpx:TrackPointExtension>
            <gpxtpx:hr>132</gpxtpx:hr>
          </gpxtpx:TrackPointExtension>
        </extensions>
      </trkpt>
      <trkpt lat="41.82981375346903" lon="123.41261538597352">
        <ele>0.0</ele>
        <time>2026-08-25T21:23:33Z</time>
        <extensions>
          <gpxtpx:TrackPointExtension>
            <gpxtpx:hr>133</gpxtpx:hr>
          </gpxtpx:TrackPointExtension>
        </extensions>
      </trkpt>
      <trkpt lat="41.82981482456927" lon="123.41271344073273">
        <ele>0.0</ele>
        <time>2026-08-25T21:23:36Z</time>
        <extensions>
          <gpxtpx:TrackPointExtension>
            <gpxtpx:hr>135</gpxtpx:hr>
          </gpxtpx:TrackPointExtension>
        </extensions>
      </trkpt>
      <trkpt lat="41.82981489244202" lon="123.41280649338081">
        <ele>0.0</ele>
        <time>2026-08-25T21:23:39Z</time>
        <extensions>
          <gpxtpx:TrackPointExtension>
            <gpxtpx:hr>134</gpxtpx:hr>
          </gpxtpx:TrackPointExtension>
        </extensions>
      </trkpt>
      <trkpt lat="41.82981496217557" lon="123.412901547712">
        <ele>0.0</ele>
        <time>2026-08-25T21:23:42Z</time>
        <extensions>
          <gpxtpx:TrackPointExtension>
            <gpxtpx:hr>133</gpxtpx:hr>
          </gpxtpx:TrackPointExtension>
        </extensions>
      </trkpt>
      <trkpt lat="41.82982503230352" lon="123.41299660117993">
        <ele>0.0</ele>
        <time>2026-08-25T21:23:45Z</time>
        <extensions>
          <gpxtpx:TrackPointExtension>
            <gpxtpx:hr>134</gpxtpx:hr>
          </gpxtpx:TrackPointExtension>
        </extensions>
      </trkpt>
      <trkpt lat="41.82982710433508" lon="123.41309365751364">
        <ele>0.0</ele>
        <time>2026-08-25T21:23:48Z</time>
        <extensions>
          <gpxtpx:TrackPointExtension>
            <gpxtpx:hr>132</gpxtpx:hr>
          </gpxtpx:TrackPointExtension>
        </extensions>
      </trkpt>
      <trkpt lat="41.82983017304287" lon="123.41318571132305">
        <ele>0.0</ele>
        <time>2026-08-25T21:23:51Z</time>
        <extensions>
          <gpxtpx:TrackPointExtension>
            <gpxtpx:hr>131</gpxtpx:hr>
          </gpxtpx:TrackPointExtension>
        </extensions>
      </trkpt>
      <trkpt lat="41.82984424437818" lon="123.4132807658868">
        <ele>0.0</ele>
        <time>2026-08-25T21:23:54Z</time>
        <extensions>
          <gpxtpx:TrackPointExtension>
            <gpxtpx:hr>131</gpxtpx:hr>
          </gpxtpx:TrackPointExtension>
        </extensions>
      </trkpt>
      <trkpt lat="41.82985231461039" lon="123.41337382065086">
        <ele>0.0</ele>
        <time>2026-08-25T21:23:57Z</time>
        <extensions>
          <gpxtpx:TrackPointExtension>
            <gpxtpx:hr>129</gpxtpx:hr>
          </gpxtpx:TrackPointExtension>
        </extensions>
      </trkpt>
      <trkpt lat="41.82987037760715" lon="123.41345686843452">
        <ele>0.0</ele>
        <time>2026-08-25T21:24:00Z</time>
        <extensions>
          <gpxtpx:TrackPointExtension>
            <gpxtpx:hr>129</gpxtpx:hr>
          </gpxtpx:TrackPointExtension>
        </extensions>
      </trkpt>
      <trkpt lat="41.829888445503066" lon="123.41354592032894">
        <ele>0.0</ele>
        <time>2026-08-25T21:24:03Z</time>
        <extensions>
          <gpxtpx:TrackPointExtension>
            <gpxtpx:hr>127</gpxtpx:hr>
          </gpxtpx:TrackPointExtension>
        </extensions>
      </trkpt>
      <trkpt lat="41.82990750683381" lon="123.41362596699179">
        <ele>0.0</ele>
        <time>2026-08-25T21:24:06Z</time>
        <extensions>
          <gpxtpx:TrackPointExtension>
            <gpxtpx:hr>128</gpxtpx:hr>
          </gpxtpx:TrackPointExtension>
        </extensions>
      </trkpt>
      <trkpt lat="41.82991857309446" lon="123.41371201893243">
        <ele>0.0</ele>
        <time>2026-08-25T21:24:09Z</time>
        <extensions>
          <gpxtpx:TrackPointExtension>
            <gpxtpx:hr>127</gpxtpx:hr>
          </gpxtpx:TrackPointExtension>
        </extensions>
      </trkpt>
      <trkpt lat="41.82993263657882" lon="123.413794068383">
        <ele>0.0</ele>
        <time>2026-08-25T21:24:12Z</time>
        <extensions>
          <gpxtpx:TrackPointExtension>
            <gpxtpx:hr>127</gpxtpx:hr>
          </gpxtpx:TrackPointExtension>
        </extensions>
      </trkpt>
      <trkpt lat="41.82993370427787" lon="123.41388112326877">
        <ele>0.0</ele>
        <time>2026-08-25T21:24:15Z</time>
        <extensions>
          <gpxtpx:TrackPointExtension>
            <gpxtpx:hr>124</gpxtpx:hr>
          </gpxtpx:TrackPointExtension>
        </extensions>
      </trkpt>
      <trkpt lat="41.829936775450804" lon="123.4139721808994">
        <ele>0.0</ele>
        <time>2026-08-25T21:24:18Z</time>
        <extensions>
          <gpxtpx:TrackPointExtension>
            <gpxtpx:hr>123</gpxtpx:hr>
          </gpxtpx:TrackPointExtension>
        </extensions>
      </trkpt>
      <trkpt lat="41.829948846197915" lon="123.4140622371158">
        <ele>0.0</ele>
        <time>2026-08-25T21:24:21Z</time>
        <extensions>
          <gpxtpx:TrackPointExtension>
            <gpxtpx:hr>124</gpxtpx:hr>
          </gpxtpx:TrackPointExtension>
        </extensions>
      </trkpt>
      <trkpt lat="41.829965922850384" lon="123.41415929768561">
        <ele>0.0</ele>
        <time>2026-08-25T21:24:24Z</time>
        <extensions>
          <gpxtpx:TrackPointExtension>
            <gpxtpx:hr>127</gpxtpx:hr>
          </gpxtpx:TrackPointExtension>
        </extensions>
      </trkpt>
      <trkpt lat="41.83000697840153" lon="123.41422933767616">
        <ele>0.0</ele>
        <time>2026-08-25T21:24:27Z</time>
        <extensions>
          <gpxtpx:TrackPointExtension>
            <gpxtpx:hr>129</gpxtpx:hr>
          </gpxtpx:TrackPointExtension>
        </extensions>
      </trkpt>
      <trkpt lat="41.8300709982503" lon="123.41425434502366">
        <ele>0.0</ele>
        <time>2026-08-25T21:24:30Z</time>
        <extensions>
          <gpxtpx:TrackPointExtension>
            <gpxtpx:hr>128</gpxtpx:hr>
          </gpxtpx:TrackPointExtension>
        </extensions>
      </trkpt>
      <trkpt lat="41.83014399022227" lon="123.41424432808033">
        <ele>0.0</ele>
        <time>2026-08-25T21:24:33Z</time>
        <extensions>
          <gpxtpx:TrackPointExtension>
            <gpxtpx:hr>128</gpxtpx:hr>
          </gpxtpx:TrackPointExtension>
        </extensions>
      </trkpt>
      <trkpt lat="41.83021698220335" lon="123.4142343111431">
        <ele>0.0</ele>
        <time>2026-08-25T21:24:36Z</time>
        <extensions>
          <gpxtpx:TrackPointExtension>
            <gpxtpx:hr>127</gpxtpx:hr>
          </gpxtpx:TrackPointExtension>
        </extensions>
      </trkpt>
      <trkpt lat="41.83029697021187" lon="123.41421928993734">
        <ele>0.0</ele>
        <time>2026-08-25T21:24:39Z</time>
        <extensions>
          <gpxtpx:TrackPointExtension>
            <gpxtpx:hr>126</gpxtpx:hr>
          </gpxtpx:TrackPointExtension>
        </extensions>
      </trkpt>
      <trkpt lat="41.830363964602284" lon="123.41421227583373">
        <ele>0.0</ele>
        <time>2026-08-25T21:24:42Z</time>
        <extensions>
          <gpxtpx:TrackPointExtension>
            <gpxtpx:hr>126</gpxtpx:hr>
          </gpxtpx:TrackPointExtension>
        </extensions>
      </trkpt>
      <trkpt lat="41.83044595025208" lon="123.41419425240053">
        <ele>0.0</ele>
        <time>2026-08-25T21:24:45Z</time>
        <extensions>
          <gpxtpx:TrackPointExtension>
            <gpxtpx:hr>127</gpxtpx:hr>
          </gpxtpx:TrackPointExtension>
        </extensions>
      </trkpt>
      <trkpt lat="41.83051092245029" lon="123.4141592203029">
        <ele>0.0</ele>
        <time>2026-08-25T21:24:48Z</time>
        <extensions>
          <gpxtpx:TrackPointExtension>
            <gpxtpx:hr>131</gpxtpx:hr>
          </gpxtpx:TrackPointExtension>
        </extensions>
      </trkpt>
      <trkpt lat="41.830583926379774" lon="123.41416421320004">
        <ele>0.0</ele>
        <time>2026-08-25T21:24:51Z</time>
        <extensions>
          <gpxtpx:TrackPointExtension>
            <gpxtpx:hr>127</gpxtpx:hr>
          </gpxtpx:TrackPointExtension>
        </extensions>
      </trkpt>
      <trkpt lat="41.830655922387365" lon="123.41415919971453">
        <ele>0.0</ele>
        <time>2026-08-25T21:24:54Z</time>
        <extensions>
          <gpxtpx:TrackPointExtension>
            <gpxtpx:hr>125</gpxtpx:hr>
          </gpxtpx:TrackPointExtension>
        </extensions>
      </trkpt>
      <trkpt lat="41.83071592791581" lon="123.41416619576282">
        <ele>0.0</ele>
        <time>2026-08-25T21:24:57Z</time>
        <extensions>
          <gpxtpx:TrackPointExtension>
            <gpxtpx:hr>125</gpxtpx:hr>
          </gpxtpx:TrackPointExtension>
        </extensions>
      </trkpt>
      <trkpt lat="41.83078192076247" lon="123.41415718051934">
        <ele>0.0</ele>
        <time>2026-08-25T21:25:00Z</time>
        <extensions>
          <gpxtpx:TrackPointExtension>
            <gpxtpx:hr>125</gpxtpx:hr>
          </gpxtpx:TrackPointExtension>
        </extensions>
      </trkpt>
      <trkpt lat="41.83085090886424" lon="123.41414216094614">
        <ele>0.0</ele>
        <time>2026-08-25T21:25:03Z</time>
        <extensions>
          <gpxtpx:TrackPointExtension>
            <gpxtpx:hr>131</gpxtpx:hr>
          </gpxtpx:TrackPointExtension>
        </extensions>
      </trkpt>
      <trkpt lat="41.83092090093636" lon="123.41413214449723">
        <ele>0.0</ele>
        <time>2026-08-25T21:25:06Z</time>
        <extensions>
          <gpxtpx:TrackPointExtension>
            <gpxtpx:hr>131</gpxtpx:hr>
          </gpxtpx:TrackPointExtension>
        </extensions>
      </trkpt>
      <trkpt lat="41.83099389459892" lon="123.41412412892865">
        <ele>0.0</ele>
        <time>2026-08-25T21:25:09Z</time>
        <extensions>
          <gpxtpx:TrackPointExtension>
            <gpxtpx:hr>131</gpxtpx:hr>
          </gpxtpx:TrackPointExtension>
        </extensions>
      </trkpt>
      <trkpt lat="41.83106588905966" lon="123.41411711415563">
        <ele>0.0</ele>
        <time>2026-08-25T21:25:12Z</time>
        <extensions>
          <gpxtpx:TrackPointExtension>
            <gpxtpx:hr>131</gpxtpx:hr>
          </gpxtpx:TrackPointExtension>
        </extensions>
      </trkpt>
      <trkpt lat="41.83113887720554" lon="123.41410209405123">
        <ele>0.0</ele>
        <time>2026-08-25T21:25:15Z</time>
        <extensions>
          <gpxtpx:TrackPointExtension>
            <gpxtpx:hr>130</gpxtpx:hr>
          </gpxtpx:TrackPointExtension>
        </extensions>
      </trkpt>
      <trkpt lat="41.83121387247232" lon="123.41409607951005">
        <ele>0.0</ele>
        <time>2026-08-25T21:25:18Z</time>
        <extensions>
          <gpxtpx:TrackPointExtension>
            <gpxtpx:hr>129</gpxtpx:hr>
          </gpxtpx:TrackPointExtension>
        </extensions>
      </trkpt>
      <trkpt lat="41.83127886695438" lon="123.41408906574293">
        <ele>0.0</ele>
        <time>2026-08-25T21:25:21Z</time>
        <extensions>
          <gpxtpx:TrackPointExtension>
            <gpxtpx:hr>127</gpxtpx:hr>
          </gpxtpx:TrackPointExtension>
        </extensions>
      </trkpt>
      <trkpt lat="41.831346859075815" lon="123.41407904961038">
        <ele>0.0</ele>
        <time>2026-08-25T21:25:24Z</time>
        <extensions>
          <gpxtpx:TrackPointExtension>
            <gpxtpx:hr>129</gpxtpx:hr>
          </gpxtpx:TrackPointExtension>
        </extensions>
      </trkpt>
      <trkpt lat="41.831418859094555" lon="123.41407903938676">
        <ele>0.0</ele>
        <time>2026-08-25T21:25:27Z</time>
        <extensions>
          <gpxtpx:TrackPointExtension>
            <gpxtpx:hr>130</gpxtpx:hr>
          </gpxtpx:TrackPointExtension>
        </extensions>
      </trkpt>
      <trkpt lat="41.831493859118865" lon="123.41407902873715">
        <ele>0.0</ele>
        <time>2026-08-25T21:25:30Z</time>
        <extensions>
          <gpxtpx:TrackPointExtension>
            <gpxtpx:hr>130</gpxtpx:hr>
          </gpxtpx:TrackPointExtension>
        </extensions>
      </trkpt>
      <trkpt lat="41.83155885756599" lon="123.41407701821278">
        <ele>0.0</ele>
        <time>2026-08-25T21:25:33Z</time>
        <extensions>
          <gpxtpx:TrackPointExtension>
            <gpxtpx:hr>128</gpxtpx:hr>
          </gpxtpx:TrackPointExtension>
        </extensions>
      </trkpt>
      <trkpt lat="41.83163585286776" lon="123.41407100339659">
        <ele>0.0</ele>
        <time>2026-08-25T21:25:36Z</time>
        <extensions>
          <gpxtpx:TrackPointExtension>
            <gpxtpx:hr>130</gpxtpx:hr>
          </gpxtpx:TrackPointExtension>
        </extensions>
      </trkpt>
      <trkpt lat="41.83169684501456" lon="123.41406098826891">
        <ele>0.0</ele>
        <time>2026-08-25T21:25:39Z</time>
        <extensions>
          <gpxtpx:TrackPointExtension>
            <gpxtpx:hr>132</gpxtpx:hr>
          </gpxtpx:TrackPointExtension>
        </extensions>
      </trkpt>
      <trkpt lat="41.83176184662746" lon="123.4140629803318">
        <ele>0.0</ele>
        <time>2026-08-25T21:25:42Z</time>
        <extensions>
          <gpxtpx:TrackPointExtension>
            <gpxtpx:hr>132</gpxtpx:hr>
          </gpxtpx:TrackPointExtension>
        </extensions>
      </trkpt>
      <trkpt lat="41.83182184745264" lon="123.4140639724584">
        <ele>0.0</ele>
        <time>2026-08-25T21:25:45Z</time>
        <extensions>
          <gpxtpx:TrackPointExtension>
            <gpxtpx:hr>130</gpxtpx:hr>
          </gpxtpx:TrackPointExtension>
        </extensions>
      </trkpt>
      <trkpt lat="41.831891839618685" lon="123.41405395605695">
        <ele>0.0</ele>
        <time>2026-08-25T21:25:48Z</time>
        <extensions>
          <gpxtpx:TrackPointExtension>
            <gpxtpx:hr>131</gpxtpx:hr>
          </gpxtpx:TrackPointExtension>
        </extensions>
      </trkpt>
      <trkpt lat="41.83196182156079" lon="123.41403093127872">
        <ele>0.0</ele>
        <time>2026-08-25T21:25:51Z</time>
        <extensions>
          <gpxtpx:TrackPointExtension>
            <gpxtpx:hr>133</gpxtpx:hr>
          </gpxtpx:TrackPointExtension>
        </extensions>
      </trkpt>
      <trkpt lat="41.83203880982452" lon="123.41401591068515">
        <ele>0.0</ele>
        <time>2026-08-25T21:25:54Z</time>
        <extensions>
          <gpxtpx:TrackPointExtension>
            <gpxtpx:hr>134</gpxtpx:hr>
          </gpxtpx:TrackPointExtension>
        </extensions>
      </trkpt>
      <trkpt lat="41.83218580052492" lon="123.41400388209343">
        <ele>0.0</ele>
        <time>2026-08-25T21:26:00Z</time>
        <extensions>
          <gpxtpx:TrackPointExtension>
            <gpxtpx:hr>132</gpxtpx:hr>
          </gpxtpx:TrackPointExtension>
        </extensions>
      </trkpt>
      <trkpt lat="41.8322538084504" lon="123.41401387886826">
        <ele>0.0</ele>
        <time>2026-08-25T21:26:03Z</time>
        <extensions>
          <gpxtpx:TrackPointExtension>
            <gpxtpx:hr>131</gpxtpx:hr>
          </gpxtpx:TrackPointExtension>
        </extensions>
      </trkpt>
      <trkpt lat="41.8323208163833" lon="123.41402387579123">
        <ele>0.0</ele>
        <time>2026-08-25T21:26:06Z</time>
        <extensions>
          <gpxtpx:TrackPointExtension>
            <gpxtpx:hr>131</gpxtpx:hr>
          </gpxtpx:TrackPointExtension>
        </extensions>
      </trkpt>
      <trkpt lat="41.83239181410225" lon="123.41402086377738">
        <ele>0.0</ele>
        <time>2026-08-25T21:26:09Z</time>
        <extensions>
          <gpxtpx:TrackPointExtension>
            <gpxtpx:hr>132</gpxtpx:hr>
          </gpxtpx:TrackPointExtension>
        </extensions>
      </trkpt>
      <trkpt lat="41.832468807902444" lon="123.41401284769461">
        <ele>0.0</ele>
        <time>2026-08-25T21:26:12Z</time>
        <extensions>
          <gpxtpx:TrackPointExtension>
            <gpxtpx:hr>131</gpxtpx:hr>
          </gpxtpx:TrackPointExtension>
        </extensions>
      </trkpt>
      <trkpt lat="41.83254080877715" lon="123.41401383811382">
        <ele>0.0</ele>
        <time>2026-08-25T21:26:15Z</time>
        <extensions>
          <gpxtpx:TrackPointExtension>
            <gpxtpx:hr>128</gpxtpx:hr>
          </gpxtpx:TrackPointExtension>
        </extensions>
      </trkpt>
      <trkpt lat="41.83261180808291" lon="123.41401282738826">
        <ele>0.0</ele>
        <time>2026-08-25T21:26:18Z</time>
        <extensions>
          <gpxtpx:TrackPointExtension>
            <gpxtpx:hr>127</gpxtpx:hr>
          </gpxtpx:TrackPointExtension>
        </extensions>
      </trkpt>
      <trkpt lat="41.83268080424672" lon="123.41400781437414">
        <ele>0.0</ele>
        <time>2026-08-25T21:26:21Z</time>
        <extensions>
          <gpxtpx:TrackPointExtension>
            <gpxtpx:hr>127</gpxtpx:hr>
          </gpxtpx:TrackPointExtension>
        </extensions>
      </trkpt>
      <trkpt lat="41.83275079648986" lon="123.41399779800668">
        <ele>0.0</ele>
        <time>2026-08-25T21:26:24Z</time>
        <extensions>
          <gpxtpx:TrackPointExtension>
            <gpxtpx:hr>126</gpxtpx:hr>
          </gpxtpx:TrackPointExtension>
        </extensions>
      </trkpt>
      <trkpt lat="41.83281878716898" lon="123.41398578064587">
        <ele>0.0</ele>
        <time>2026-08-25T21:26:27Z</time>
        <extensions>
          <gpxtpx:TrackPointExtension>
            <gpxtpx:hr>127</gpxtpx:hr>
          </gpxtpx:TrackPointExtension>
        </extensions>
      </trkpt>
      <trkpt lat="41.83289278492827" lon="123.41398276821279">
        <ele>0.0</ele>
        <time>2026-08-25T21:26:30Z</time>
        <extensions>
          <gpxtpx:TrackPointExtension>
            <gpxtpx:hr>127</gpxtpx:hr>
          </gpxtpx:TrackPointExtension>
        </extensions>
      </trkpt>
      <trkpt lat="41.832963781118785" lon="123.41397775492374">
        <ele>0.0</ele>
        <time>2026-08-25T21:26:33Z</time>
        <extensions>
          <gpxtpx:TrackPointExtension>
            <gpxtpx:hr>127</gpxtpx:hr>
          </gpxtpx:TrackPointExtension>
        </extensions>
      </trkpt>
      <trkpt lat="41.8330337757447" lon="123.41397074049658">
        <ele>0.0</ele>
        <time>2026-08-25T21:26:36Z</time>
        <extensions>
          <gpxtpx:TrackPointExtension>
            <gpxtpx:hr>126</gpxtpx:hr>
          </gpxtpx:TrackPointExtension>
        </extensions>
      </trkpt>
      <trkpt lat="41.83310377586496" lon="123.41397073055614">
        <ele>0.0</ele>
        <time>2026-08-25T21:26:39Z</time>
        <extensions>
          <gpxtpx:TrackPointExtension>
            <gpxtpx:hr>129</gpxtpx:hr>
          </gpxtpx:TrackPointExtension>
        </extensions>
      </trkpt>
      <trkpt lat="41.83317376815024" lon="123.41396071421123">
        <ele>0.0</ele>
        <time>2026-08-25T21:26:42Z</time>
        <extensions>
          <gpxtpx:TrackPointExtension>
            <gpxtpx:hr>128</gpxtpx:hr>
          </gpxtpx:TrackPointExtension>
        </extensions>
      </trkpt>
      <trkpt lat="41.83324876593741" lon="123.41395770164054">
        <ele>0.0</ele>
        <time>2026-08-25T21:26:45Z</time>
        <extensions>
          <gpxtpx:TrackPointExtension>
            <gpxtpx:hr>130</gpxtpx:hr>
          </gpxtpx:TrackPointExtension>
        </extensions>
      </trkpt>
      <trkpt lat="41.8333157621476" lon="123.41395268892704">
        <ele>0.0</ele>
        <time>2026-08-25T21:26:48Z</time>
        <extensions>
          <gpxtpx:TrackPointExtension>
            <gpxtpx:hr>129</gpxtpx:hr>
          </gpxtpx:TrackPointExtension>
        </extensions>
      </trkpt>
      <trkpt lat="41.83338675837073" lon="123.413947675647">
        <ele>0.0</ele>
        <time>2026-08-25T21:26:51Z</time>
        <extensions>
          <gpxtpx:TrackPointExtension>
            <gpxtpx:hr>128</gpxtpx:hr>
          </gpxtpx:TrackPointExtension>
        </extensions>
      </trkpt>
      <trkpt lat="41.83345575459521" lon="123.41394266265249">
        <ele>0.0</ele>
        <time>2026-08-25T21:26:54Z</time>
        <extensions>
          <gpxtpx:TrackPointExtension>
            <gpxtpx:hr>129</gpxtpx:hr>
          </gpxtpx:TrackPointExtension>
        </extensions>
      </trkpt>
      <trkpt lat="41.83352675552594" lon="123.4139436532089">
        <ele>0.0</ele>
        <time>2026-08-25T21:26:57Z</time>
        <extensions>
          <gpxtpx:TrackPointExtension>
            <gpxtpx:hr>129</gpxtpx:hr>
          </gpxtpx:TrackPointExtension>
        </extensions>
      </trkpt>
      <trkpt lat="41.833598747853166" lon="123.41393363659635">
        <ele>0.0</ele>
        <time>2026-08-25T21:27:00Z</time>
        <extensions>
          <gpxtpx:TrackPointExtension>
            <gpxtpx:hr>130</gpxtpx:hr>
          </gpxtpx:TrackPointExtension>
        </extensions>
      </trkpt>
      <trkpt lat="41.83366573626855" lon="123.41391861751143">
        <ele>0.0</ele>
        <time>2026-08-25T21:27:03Z</time>
        <extensions>
          <gpxtpx:TrackPointExtension>
            <gpxtpx:hr>129</gpxtpx:hr>
          </gpxtpx:TrackPointExtension>
        </extensions>
      </trkpt>
      <trkpt lat="41.83373072391219" lon="123.41390259808773">
        <ele>0.0</ele>
        <time>2026-08-25T21:27:06Z</time>
        <extensions>
          <gpxtpx:TrackPointExtension>
            <gpxtpx:hr>130</gpxtpx:hr>
          </gpxtpx:TrackPointExtension>
        </extensions>
      </trkpt>
      <trkpt lat="41.833798714699846" lon="123.41389058079655">
        <ele>0.0</ele>
        <time>2026-08-25T21:27:09Z</time>
        <extensions>
          <gpxtpx:TrackPointExtension>
            <gpxtpx:hr>130</gpxtpx:hr>
          </gpxtpx:TrackPointExtension>
        </extensions>
      </trkpt>
      <trkpt lat="41.83387370941545" lon="123.41388356569637">
        <ele>0.0</ele>
        <time>2026-08-25T21:27:12Z</time>
        <extensions>
          <gpxtpx:TrackPointExtension>
            <gpxtpx:hr>130</gpxtpx:hr>
          </gpxtpx:TrackPointExtension>
        </extensions>
      </trkpt>
      <trkpt lat="41.833950708823416" lon="123.41388255412605">
        <ele>0.0</ele>
        <time>2026-08-25T21:27:15Z</time>
        <extensions>
          <gpxtpx:TrackPointExtension>
            <gpxtpx:hr>129</gpxtpx:hr>
          </gpxtpx:TrackPointExtension>
        </extensions>
      </trkpt>
      <trkpt lat="41.83401871133464" lon="123.41388554637548">
        <ele>0.0</ele>
        <time>2026-08-25T21:27:18Z</time>
        <extensions>
          <gpxtpx:TrackPointExtension>
            <gpxtpx:hr>128</gpxtpx:hr>
          </gpxtpx:TrackPointExtension>
        </extensions>
      </trkpt>
      <trkpt lat="41.83409571465412" lon="123.41388953798308">
        <ele>0.0</ele>
        <time>2026-08-25T21:27:21Z</time>
        <extensions>
          <gpxtpx:TrackPointExtension>
            <gpxtpx:hr>125</gpxtpx:hr>
          </gpxtpx:TrackPointExtension>
        </extensions>
      </trkpt>
      <trkpt lat="41.83416370781023" lon="123.4138805226067">
        <ele>0.0</ele>
        <time>2026-08-25T21:27:24Z</time>
        <extensions>
          <gpxtpx:TrackPointExtension>
            <gpxtpx:hr>126</gpxtpx:hr>
          </gpxtpx:TrackPointExtension>
        </extensions>
      </trkpt>
      <trkpt lat="41.83424270334321" lon="123.41387450757736">
        <ele>0.0</ele>
        <time>2026-08-25T21:27:27Z</time>
        <extensions>
          <gpxtpx:TrackPointExtension>
            <gpxtpx:hr>128</gpxtpx:hr>
          </gpxtpx:TrackPointExtension>
        </extensions>
      </trkpt>
      <trkpt lat="41.834320696541866" lon="123.41386549078906">
        <ele>0.0</ele>
        <time>2026-08-25T21:27:30Z</time>
        <extensions>
          <gpxtpx:TrackPointExtension>
            <gpxtpx:hr>128</gpxtpx:hr>
          </gpxtpx:TrackPointExtension>
        </extensions>
      </trkpt>
      <trkpt lat="41.83439268817424" lon="123.41385447359043">
        <ele>0.0</ele>
        <time>2026-08-25T21:27:33Z</time>
        <extensions>
          <gpxtpx:TrackPointExtension>
            <gpxtpx:hr>131</gpxtpx:hr>
          </gpxtpx:TrackPointExtension>
        </extensions>
      </trkpt>
      <trkpt lat="41.834467682939405" lon="123.41384745850543">
        <ele>0.0</ele>
        <time>2026-08-25T21:27:36Z</time>
        <extensions>
          <gpxtpx:TrackPointExtension>
            <gpxtpx:hr>128</gpxtpx:hr>
          </gpxtpx:TrackPointExtension>
        </extensions>
      </trkpt>
      <trkpt lat="41.83454068315492" lon="123.41384744813824">
        <ele>0.0</ele>
        <time>2026-08-25T21:27:39Z</time>
        <extensions>
          <gpxtpx:TrackPointExtension>
            <gpxtpx:hr>129</gpxtpx:hr>
          </gpxtpx:TrackPointExtension>
        </extensions>
      </trkpt>
      <trkpt lat="41.834612677922664" lon="123.4138404334822">
        <ele>0.0</ele>
        <time>2026-08-25T21:27:42Z</time>
        <extensions>
          <gpxtpx:TrackPointExtension>
            <gpxtpx:hr>127</gpxtpx:hr>
          </gpxtpx:TrackPointExtension>
        </extensions>
      </trkpt>
      <trkpt lat="41.83467867190045" lon="123.41383241904897">
        <ele>0.0</ele>
        <time>2026-08-25T21:27:45Z</time>
        <extensions>
          <gpxtpx:TrackPointExtension>
            <gpxtpx:hr>130</gpxtpx:hr>
          </gpxtpx:TrackPointExtension>
        </extensions>
      </trkpt>
      <trkpt lat="41.83475066279377" lon="123.41382040124093">
        <ele>0.0</ele>
        <time>2026-08-25T21:27:48Z</time>
        <extensions>
          <gpxtpx:TrackPointExtension>
            <gpxtpx:hr>127</gpxtpx:hr>
          </gpxtpx:TrackPointExtension>
        </extensions>
      </trkpt>
      <trkpt lat="41.83482065835363" lon="123.41381438751158">
        <ele>0.0</ele>
        <time>2026-08-25T21:27:51Z</time>
        <extensions>
          <gpxtpx:TrackPointExtension>
            <gpxtpx:hr>127</gpxtpx:hr>
          </gpxtpx:TrackPointExtension>
        </extensions>
      </trkpt>
      <trkpt lat="41.834893650822" lon="123.41380437083569">
        <ele>0.0</ele>
        <time>2026-08-25T21:27:54Z</time>
        <extensions>
          <gpxtpx:TrackPointExtension>
            <gpxtpx:hr>130</gpxtpx:hr>
          </gpxtpx:TrackPointExtension>
        </extensions>
      </trkpt>
      <trkpt lat="41.83496763942209" lon="123.41378935087502">
        <ele>0.0</ele>
        <time>2026-08-25T21:27:57Z</time>
        <extensions>
          <gpxtpx:TrackPointExtension>
            <gpxtpx:hr>128</gpxtpx:hr>
          </gpxtpx:TrackPointExtension>
        </extensions>
      </trkpt>
      <trkpt lat="41.83503863267964" lon="123.41378033512753">
        <ele>0.0</ele>
        <time>2026-08-25T21:28:00Z</time>
        <extensions>
          <gpxtpx:TrackPointExtension>
            <gpxtpx:hr>129</gpxtpx:hr>
          </gpxtpx:TrackPointExtension>
        </extensions>
      </trkpt>
      <trkpt lat="41.83511063060073" lon="123.41377732301513">
        <ele>0.0</ele>
        <time>2026-08-25T21:28:03Z</time>
        <extensions>
          <gpxtpx:TrackPointExtension>
            <gpxtpx:hr>130</gpxtpx:hr>
          </gpxtpx:TrackPointExtension>
        </extensions>
      </trkpt>
      <trkpt lat="41.83518763707593" lon="123.41378531711256">
        <ele>0.0</ele>
        <time>2026-08-25T21:28:06Z</time>
        <extensions>
          <gpxtpx:TrackPointExtension>
            <gpxtpx:hr>129</gpxtpx:hr>
          </gpxtpx:TrackPointExtension>
        </extensions>
      </trkpt>
      <trkpt lat="41.83526564045822" lon="123.41378930855288">
        <ele>0.0</ele>
        <time>2026-08-25T21:28:09Z</time>
        <extensions>
          <gpxtpx:TrackPointExtension>
            <gpxtpx:hr>127</gpxtpx:hr>
          </gpxtpx:TrackPointExtension>
        </extensions>
      </trkpt>
      <trkpt lat="41.83534264539526" lon="123.41379530139605">
        <ele>0.0</ele>
        <time>2026-08-25T21:28:12Z</time>
        <extensions>
          <gpxtpx:TrackPointExtension>
            <gpxtpx:hr>127</gpxtpx:hr>
          </gpxtpx:TrackPointExtension>
        </extensions>
      </trkpt>
      <trkpt lat="41.835410651081965" lon="123.41380229615001">
        <ele>0.0</ele>
        <time>2026-08-25T21:28:15Z</time>
        <extensions>
          <gpxtpx:TrackPointExtension>
            <gpxtpx:hr>126</gpxtpx:hr>
          </gpxtpx:TrackPointExtension>
        </extensions>
      </trkpt>
      <trkpt lat="41.83547864745499" lon="123.41379728334113">
        <ele>0.0</ele>
        <time>2026-08-25T21:28:18Z</time>
        <extensions>
          <gpxtpx:TrackPointExtension>
            <gpxtpx:hr>127</gpxtpx:hr>
          </gpxtpx:TrackPointExtension>
        </extensions>
      </trkpt>
      <trkpt lat="41.8355476376291" lon="123.4137842653552">
        <ele>0.0</ele>
        <time>2026-08-25T21:28:21Z</time>
        <extensions>
          <gpxtpx:TrackPointExtension>
            <gpxtpx:hr>124</gpxtpx:hr>
          </gpxtpx:TrackPointExtension>
        </extensions>
      </trkpt>
      <trkpt lat="41.835620634809246" lon="123.4137802524707">
        <ele>0.0</ele>
        <time>2026-08-25T21:28:24Z</time>
        <extensions>
          <gpxtpx:TrackPointExtension>
            <gpxtpx:hr>124</gpxtpx:hr>
          </gpxtpx:TrackPointExtension>
        </extensions>
      </trkpt>
      <trkpt lat="41.83568863119941" lon="123.41377523966847">
        <ele>0.0</ele>
        <time>2026-08-25T21:28:27Z</time>
        <extensions>
          <gpxtpx:TrackPointExtension>
            <gpxtpx:hr>123</gpxtpx:hr>
          </gpxtpx:TrackPointExtension>
        </extensions>
      </trkpt>
      <trkpt lat="41.83576263071985" lon="123.41377422852992">
        <ele>0.0</ele>
        <time>2026-08-25T21:28:30Z</time>
        <extensions>
          <gpxtpx:TrackPointExtension>
            <gpxtpx:hr>120</gpxtpx:hr>
          </gpxtpx:TrackPointExtension>
        </extensions>
      </trkpt>
      <trkpt lat="41.83583563179162" lon="123.41377521879082">
        <ele>0.0</ele>
        <time>2026-08-25T21:28:33Z</time>
        <extensions>
          <gpxtpx:TrackPointExtension>
            <gpxtpx:hr>117</gpxtpx:hr>
          </gpxtpx:TrackPointExtension>
        </extensions>
      </trkpt>
      <trkpt lat="41.83590362587007" lon="123.41376720410493">
        <ele>0.0</ele>
        <time>2026-08-25T21:28:36Z</time>
        <extensions>
          <gpxtpx:TrackPointExtension>
            <gpxtpx:hr>117</gpxtpx:hr>
          </gpxtpx:TrackPointExtension>
        </extensions>
      </trkpt>
      <trkpt lat="41.83597562074687" lon="123.41376018948264">
        <ele>0.0</ele>
        <time>2026-08-25T21:28:39Z</time>
        <extensions>
          <gpxtpx:TrackPointExtension>
            <gpxtpx:hr>115</gpxtpx:hr>
          </gpxtpx:TrackPointExtension>
        </extensions>
      </trkpt>
      <trkpt lat="41.83604361483883" lon="123.41375217480409">
        <ele>0.0</ele>
        <time>2026-08-25T21:28:42Z</time>
        <extensions>
          <gpxtpx:TrackPointExtension>
            <gpxtpx:hr>117</gpxtpx:hr>
          </gpxtpx:TrackPointExtension>
        </extensions>
      </trkpt>
      <trkpt lat="41.836113619012124" lon="123.41375716799972">
        <ele>0.0</ele>
        <time>2026-08-25T21:28:45Z</time>
        <extensions>
          <gpxtpx:TrackPointExtension>
            <gpxtpx:hr>118</gpxtpx:hr>
          </gpxtpx:TrackPointExtension>
        </extensions>
      </trkpt>
      <trkpt lat="41.836172658054515" lon="123.41380719108007">
        <ele>0.0</ele>
        <time>2026-08-25T21:28:48Z</time>
        <extensions>
          <gpxtpx:TrackPointExtension>
            <gpxtpx:hr>116</gpxtpx:hr>
          </gpxtpx:TrackPointExtension>
        </extensions>
      </trkpt>
      <trkpt lat="41.83619772279579" lon="123.41389024009298">
        <ele>0.0</ele>
        <time>2026-08-25T21:28:51Z</time>
        <extensions>
          <gpxtpx:TrackPointExtension>
            <gpxtpx:hr>118</gpxtpx:hr>
          </gpxtpx:TrackPointExtension>
        </extensions>
      </trkpt>
      <trkpt lat="41.83621580036978" lon="123.41398930078778">
        <ele>0.0</ele>
        <time>2026-08-25T21:28:54Z</time>
        <extensions>
          <gpxtpx:TrackPointExtension>
            <gpxtpx:hr>121</gpxtpx:hr>
          </gpxtpx:TrackPointExtension>
        </extensions>
      </trkpt>
      <trkpt lat="41.83622587913757" lon="123.4140893638705">
        <ele>0.0</ele>
        <time>2026-08-25T21:28:57Z</time>
        <extensions>
          <gpxtpx:TrackPointExtension>
            <gpxtpx:hr>123</gpxtpx:hr>
          </gpxtpx:TrackPointExtension>
        </extensions>
      </trkpt>
      <trkpt lat="41.83623595517828" lon="123.41418542495242">
        <ele>0.0</ele>
        <time>2026-08-25T21:29:00Z</time>
        <extensions>
          <gpxtpx:TrackPointExtension>
            <gpxtpx:hr>122</gpxtpx:hr>
          </gpxtpx:TrackPointExtension>
        </extensions>
      </trkpt>
      <trkpt lat="41.83623903399557" lon="123.41428448957599">
        <ele>0.0</ele>
        <time>2026-08-25T21:29:03Z</time>
        <extensions>
          <gpxtpx:TrackPointExtension>
            <gpxtpx:hr>121</gpxtpx:hr>
          </gpxtpx:TrackPointExtension>
        </extensions>
      </trkpt>
      <trkpt lat="41.836239110028544" lon="123.4143795525646">
        <ele>0.0</ele>
        <time>2026-08-25T21:29:06Z</time>
        <extensions>
          <gpxtpx:TrackPointExtension>
            <gpxtpx:hr>121</gpxtpx:hr>
          </gpxtpx:TrackPointExtension>
        </extensions>
      </trkpt>
      <trkpt lat="41.83623418321719" lon="123.41447061413201">
        <ele>0.0</ele>
        <time>2026-08-25T21:29:09Z</time>
        <extensions>
          <gpxtpx:TrackPointExtension>
            <gpxtpx:hr>128</gpxtpx:hr>
          </gpxtpx:TrackPointExtension>
        </extensions>
      </trkpt>
      <trkpt lat="41.83624425765398" lon="123.41456267475589">
        <ele>0.0</ele>
        <time>2026-08-25T21:29:12Z</time>
        <extensions>
          <gpxtpx:TrackPointExtension>
            <gpxtpx:hr>132</gpxtpx:hr>
          </gpxtpx:TrackPointExtension>
        </extensions>
      </trkpt>
      <trkpt lat="41.83625132919782" lon="123.41465073359552">
        <ele>0.0</ele>
        <time>2026-08-25T21:29:15Z</time>
        <extensions>
          <gpxtpx:TrackPointExtension>
            <gpxtpx:hr>133</gpxtpx:hr>
          </gpxtpx:TrackPointExtension>
        </extensions>
      </trkpt>
      <trkpt lat="41.83624541003757" lon="123.41474980233006">
        <ele>0.0</ele>
        <time>2026-08-25T21:29:18Z</time>
        <extensions>
          <gpxtpx:TrackPointExtension>
            <gpxtpx:hr>130</gpxtpx:hr>
          </gpxtpx:TrackPointExtension>
        </extensions>
      </trkpt>
      <trkpt lat="41.83624448886815" lon="123.41484586887312">
        <ele>0.0</ele>
        <time>2026-08-25T21:29:21Z</time>
        <extensions>
          <gpxtpx:TrackPointExtension>
            <gpxtpx:hr>129</gpxtpx:hr>
          </gpxtpx:TrackPointExtension>
        </extensions>
      </trkpt>
      <trkpt lat="41.83624756730143" lon="123.4149409347143">
        <ele>0.0</ele>
        <time>2026-08-25T21:29:24Z</time>
        <extensions>
          <gpxtpx:TrackPointExtension>
            <gpxtpx:hr>130</gpxtpx:hr>
          </gpxtpx:TrackPointExtension>
        </extensions>
      </trkpt>
      <trkpt lat="41.8362546494842" lon="123.41504000336799">
        <ele>0.0</ele>
        <time>2026-08-25T21:29:27Z</time>
        <extensions>
          <gpxtpx:TrackPointExtension>
            <gpxtpx:hr>128</gpxtpx:hr>
          </gpxtpx:TrackPointExtension>
        </extensions>
      </trkpt>
      <trkpt lat="41.83625572873343" lon="123.41513507062616">
        <ele>0.0</ele>
        <time>2026-08-25T21:29:30Z</time>
        <extensions>
          <gpxtpx:TrackPointExtension>
            <gpxtpx:hr>129</gpxtpx:hr>
          </gpxtpx:TrackPointExtension>
        </extensions>
      </trkpt>
      <trkpt lat="41.836257807550375" lon="123.41522913757875">
        <ele>0.0</ele>
        <time>2026-08-25T21:29:33Z</time>
        <extensions>
          <gpxtpx:TrackPointExtension>
            <gpxtpx:hr>128</gpxtpx:hr>
          </gpxtpx:TrackPointExtension>
        </extensions>
      </trkpt>
      <trkpt lat="41.836264889319104" lon="123.4153262065363">
        <ele>0.0</ele>
        <time>2026-08-25T21:29:36Z</time>
        <extensions>
          <gpxtpx:TrackPointExtension>
            <gpxtpx:hr>125</gpxtpx:hr>
          </gpxtpx:TrackPointExtension>
        </extensions>
      </trkpt>
      <trkpt lat="41.836262968072255" lon="123.41541927443012">
        <ele>0.0</ele>
        <time>2026-08-25T21:29:39Z</time>
        <extensions>
          <gpxtpx:TrackPointExtension>
            <gpxtpx:hr>125</gpxtpx:hr>
          </gpxtpx:TrackPointExtension>
        </extensions>
      </trkpt>
      <trkpt lat="41.836268048949684" lon="123.41551434333229">
        <ele>0.0</ele>
        <time>2026-08-25T21:29:42Z</time>
        <extensions>
          <gpxtpx:TrackPointExtension>
            <gpxtpx:hr>126</gpxtpx:hr>
          </gpxtpx:TrackPointExtension>
        </extensions>
      </trkpt>
      <trkpt lat="41.83626913192777" lon="123.41561141483983">
        <ele>0.0</ele>
        <time>2026-08-25T21:29:45Z</time>
        <extensions>
          <gpxtpx:TrackPointExtension>
            <gpxtpx:hr>128</gpxtpx:hr>
          </gpxtpx:TrackPointExtension>
        </extensions>
      </trkpt>
      <trkpt lat="41.83627321361605" lon="123.41570648500394">
        <ele>0.0</ele>
        <time>2026-08-25T21:29:48Z</time>
        <extensions>
          <gpxtpx:TrackPointExtension>
            <gpxtpx:hr>122</gpxtpx:hr>
          </gpxtpx:TrackPointExtension>
        </extensions>
      </trkpt>
      <trkpt lat="41.83628129399345" lon="123.41579955364749">
        <ele>0.0</ele>
        <time>2026-08-25T21:29:51Z</time>
        <extensions>
          <gpxtpx:TrackPointExtension>
            <gpxtpx:hr>129</gpxtpx:hr>
          </gpxtpx:TrackPointExtension>
        </extensions>
      </trkpt>
      <trkpt lat="41.83628237820681" lon="123.41589662685189">
        <ele>0.0</ele>
        <time>2026-08-25T21:29:54Z</time>
        <extensions>
          <gpxtpx:TrackPointExtension>
            <gpxtpx:hr>128</gpxtpx:hr>
          </gpxtpx:TrackPointExtension>
        </extensions>
      </trkpt>
      <trkpt lat="41.836299542688316" lon="123.41608476823721">
        <ele>0.0</ele>
        <time>2026-08-25T21:30:00Z</time>
        <extensions>
          <gpxtpx:TrackPointExtension>
            <gpxtpx:hr>128</gpxtpx:hr>
          </gpxtpx:TrackPointExtension>
        </extensions>
      </trkpt>
      <trkpt lat="41.836304624622315" lon="123.41617783946339">
        <ele>0.0</ele>
        <time>2026-08-25T21:30:03Z</time>
        <extensions>
          <gpxtpx:TrackPointExtension>
            <gpxtpx:hr>130</gpxtpx:hr>
          </gpxtpx:TrackPointExtension>
        </extensions>
      </trkpt>
      <trkpt lat="41.83630970605539" lon="123.41626991043785">
        <ele>0.0</ele>
        <time>2026-08-25T21:30:06Z</time>
        <extensions>
          <gpxtpx:TrackPointExtension>
            <gpxtpx:hr>132</gpxtpx:hr>
          </gpxtpx:TrackPointExtension>
        </extensions>
      </trkpt>
      <trkpt lat="41.83631278607514" lon="123.41635998063998">
        <ele>0.0</ele>
        <time>2026-08-25T21:30:09Z</time>
        <extensions>
          <gpxtpx:TrackPointExtension>
            <gpxtpx:hr>131</gpxtpx:hr>
          </gpxtpx:TrackPointExtension>
        </extensions>
      </trkpt>
      <trkpt lat="41.83631787362651" lon="123.41645805740072">
        <ele>0.0</ele>
        <time>2026-08-25T21:30:12Z</time>
        <extensions>
          <gpxtpx:TrackPointExtension>
            <gpxtpx:hr>132</gpxtpx:hr>
          </gpxtpx:TrackPointExtension>
        </extensions>
      </trkpt>
      <trkpt lat="41.836320958898334" lon="123.41655313263561">
        <ele>0.0</ele>
        <time>2026-08-25T21:30:15Z</time>
        <extensions>
          <gpxtpx:TrackPointExtension>
            <gpxtpx:hr>131</gpxtpx:hr>
          </gpxtpx:TrackPointExtension>
        </extensions>
      </trkpt>
      <trkpt lat="41.836321039137005" lon="123.41664220401948">
        <ele>0.0</ele>
        <time>2026-08-25T21:30:18Z</time>
        <extensions>
          <gpxtpx:TrackPointExtension>
            <gpxtpx:hr>128</gpxtpx:hr>
          </gpxtpx:TrackPointExtension>
        </extensions>
      </trkpt>
      <trkpt lat="41.83633012339971" lon="123.41673527785191">
        <ele>0.0</ele>
        <time>2026-08-25T21:30:21Z</time>
        <extensions>
          <gpxtpx:TrackPointExtension>
            <gpxtpx:hr>129</gpxtpx:hr>
          </gpxtpx:TrackPointExtension>
        </extensions>
      </trkpt>
      <trkpt lat="41.836341197118216" lon="123.41681634214017">
        <ele>0.0</ele>
        <time>2026-08-25T21:30:24Z</time>
        <extensions>
          <gpxtpx:TrackPointExtension>
            <gpxtpx:hr>130</gpxtpx:hr>
          </gpxtpx:TrackPointExtension>
        </extensions>
      </trkpt>
      <trkpt lat="41.836353272048605" lon="123.41689840750847">
        <ele>0.0</ele>
        <time>2026-08-25T21:30:27Z</time>
        <extensions>
          <gpxtpx:TrackPointExtension>
            <gpxtpx:hr>131</gpxtpx:hr>
          </gpxtpx:TrackPointExtension>
        </extensions>
      </trkpt>
      <trkpt lat="41.836374419106" lon="123.4170585365841">
        <ele>0.0</ele>
        <time>2026-08-25T21:30:33Z</time>
        <extensions>
          <gpxtpx:TrackPointExtension>
            <gpxtpx:hr>136</gpxtpx:hr>
          </gpxtpx:TrackPointExtension>
        </extensions>
      </trkpt>
      <trkpt lat="41.83643344521122" lon="123.41708655147748">
        <ele>0.0</ele>
        <time>2026-08-25T21:30:36Z</time>
        <extensions>
          <gpxtpx:TrackPointExtension>
            <gpxtpx:hr>136</gpxtpx:hr>
          </gpxtpx:TrackPointExtension>
        </extensions>
      </trkpt>
      <trkpt lat="41.836509456645985" lon="123.41709855067384">
        <ele>0.0</ele>
        <time>2026-08-25T21:30:39Z</time>
        <extensions>
          <gpxtpx:TrackPointExtension>
            <gpxtpx:hr>133</gpxtpx:hr>
          </gpxtpx:TrackPointExtension>
        </extensions>
      </trkpt>
      <trkpt lat="41.83658350138957" lon="123.41714658020636">
        <ele>0.0</ele>
        <time>2026-08-25T21:30:42Z</time>
        <extensions>
          <gpxtpx:TrackPointExtension>
            <gpxtpx:hr>131</gpxtpx:hr>
          </gpxtpx:TrackPointExtension>
        </extensions>
      </trkpt>
      <trkpt lat="41.836641549876774" lon="123.41719861550659">
        <ele>0.0</ele>
        <time>2026-08-25T21:30:45Z</time>
        <extensions>
          <gpxtpx:TrackPointExtension>
            <gpxtpx:hr>128</gpxtpx:hr>
          </gpxtpx:TrackPointExtension>
        </extensions>
      </trkpt>
      <trkpt lat="41.83670856691518" lon="123.41721662110157">
        <ele>0.0</ele>
        <time>2026-08-25T21:30:48Z</time>
        <extensions>
          <gpxtpx:TrackPointExtension>
            <gpxtpx:hr>131</gpxtpx:hr>
          </gpxtpx:TrackPointExtension>
        </extensions>
      </trkpt>
      <trkpt lat="41.83672664986924" lon="123.41730569354085">
        <ele>0.0</ele>
        <time>2026-08-25T21:30:51Z</time>
        <extensions>
          <gpxtpx:TrackPointExtension>
            <gpxtpx:hr>130</gpxtpx:hr>
          </gpxtpx:TrackPointExtension>
        </extensions>
      </trkpt>
      <trkpt lat="41.83672274431689" lon="123.41740677980229">
        <ele>0.0</ele>
        <time>2026-08-25T21:30:54Z</time>
        <extensions>
          <gpxtpx:TrackPointExtension>
            <gpxtpx:hr>129</gpxtpx:hr>
          </gpxtpx:TrackPointExtension>
        </extensions>
      </trkpt>
      <trkpt lat="41.83672983550372" lon="123.4175038616949">
        <ele>0.0</ele>
        <time>2026-08-25T21:30:57Z</time>
        <extensions>
          <gpxtpx:TrackPointExtension>
            <gpxtpx:hr>138</gpxtpx:hr>
          </gpxtpx:TrackPointExtension>
        </extensions>
      </trkpt>
      <trkpt lat="41.8367349223689" lon="123.41759594013018">
        <ele>0.0</ele>
        <time>2026-08-25T21:31:00Z</time>
        <extensions>
          <gpxtpx:TrackPointExtension>
            <gpxtpx:hr>139</gpxtpx:hr>
          </gpxtpx:TrackPointExtension>
        </extensions>
      </trkpt>
      <trkpt lat="41.83673001051198" lon="123.41768902137112">
        <ele>0.0</ele>
        <time>2026-08-25T21:31:03Z</time>
        <extensions>
          <gpxtpx:TrackPointExtension>
            <gpxtpx:hr>131</gpxtpx:hr>
          </gpxtpx:TrackPointExtension>
        </extensions>
      </trkpt>
      <trkpt lat="41.83672010378701" lon="123.41778710822311">
        <ele>0.0</ele>
        <time>2026-08-25T21:31:06Z</time>
        <extensions>
          <gpxtpx:TrackPointExtension>
            <gpxtpx:hr>124</gpxtpx:hr>
          </gpxtpx:TrackPointExtension>
        </extensions>
      </trkpt>
      <trkpt lat="41.83672318700748" lon="123.41787418413121">
        <ele>0.0</ele>
        <time>2026-08-25T21:31:09Z</time>
        <extensions>
          <gpxtpx:TrackPointExtension>
            <gpxtpx:hr>124</gpxtpx:hr>
          </gpxtpx:TrackPointExtension>
        </extensions>
      </trkpt>
      <trkpt lat="41.83672827923534" lon="123.41797026818807">
        <ele>0.0</ele>
        <time>2026-08-25T21:31:12Z</time>
        <extensions>
          <gpxtpx:TrackPointExtension>
            <gpxtpx:hr>128</gpxtpx:hr>
          </gpxtpx:TrackPointExtension>
        </extensions>
      </trkpt>
      <trkpt lat="41.836730369924325" lon="123.41806435144977">
        <ele>0.0</ele>
        <time>2026-08-25T21:31:15Z</time>
        <extensions>
          <gpxtpx:TrackPointExtension>
            <gpxtpx:hr>127</gpxtpx:hr>
          </gpxtpx:TrackPointExtension>
        </extensions>
      </trkpt>
      <trkpt lat="41.83673855444867" lon="123.41825452082838">
        <ele>0.0</ele>
        <time>2026-08-25T21:31:21Z</time>
        <extensions>
          <gpxtpx:TrackPointExtension>
            <gpxtpx:hr>129</gpxtpx:hr>
          </gpxtpx:TrackPointExtension>
        </extensions>
      </trkpt>
      <trkpt lat="41.83674164828612" lon="123.41835060739409">
        <ele>0.0</ele>
        <time>2026-08-25T21:31:24Z</time>
        <extensions>
          <gpxtpx:TrackPointExtension>
            <gpxtpx:hr>129</gpxtpx:hr>
          </gpxtpx:TrackPointExtension>
        </extensions>
      </trkpt>
      <trkpt lat="41.83674974452414" lon="123.41844869564156">
        <ele>0.0</ele>
        <time>2026-08-25T21:31:27Z</time>
        <extensions>
          <gpxtpx:TrackPointExtension>
            <gpxtpx:hr>131</gpxtpx:hr>
          </gpxtpx:TrackPointExtension>
        </extensions>
      </trkpt>
      <trkpt lat="41.8367698432229" lon="123.41854878461255">
        <ele>0.0</ele>
        <time>2026-08-25T21:31:30Z</time>
        <extensions>
          <gpxtpx:TrackPointExtension>
            <gpxtpx:hr>131</gpxtpx:hr>
          </gpxtpx:TrackPointExtension>
        </extensions>
      </trkpt>
      <trkpt lat="41.83679194436044" lon="123.41865087576332">
        <ele>0.0</ele>
        <time>2026-08-25T21:31:33Z</time>
        <extensions>
          <gpxtpx:TrackPointExtension>
            <gpxtpx:hr>129</gpxtpx:hr>
          </gpxtpx:TrackPointExtension>
        </extensions>
      </trkpt>
      <trkpt lat="41.83679404586124" lon="123.41875297038712">
        <ele>0.0</ele>
        <time>2026-08-25T21:31:36Z</time>
        <extensions>
          <gpxtpx:TrackPointExtension>
            <gpxtpx:hr>131</gpxtpx:hr>
          </gpxtpx:TrackPointExtension>
        </extensions>
      </trkpt>
      <trkpt lat="41.83680214685052" lon="123.41885406385255">
        <ele>0.0</ele>
        <time>2026-08-25T21:31:39Z</time>
        <extensions>
          <gpxtpx:TrackPointExtension>
            <gpxtpx:hr>132</gpxtpx:hr>
          </gpxtpx:TrackPointExtension>
        </extensions>
      </trkpt>
      <trkpt lat="41.836803247250984" lon="123.41895415798663">
        <ele>0.0</ele>
        <time>2026-08-25T21:31:42Z</time>
        <extensions>
          <gpxtpx:TrackPointExtension>
            <gpxtpx:hr>131</gpxtpx:hr>
          </gpxtpx:TrackPointExtension>
        </extensions>
      </trkpt>
      <trkpt lat="41.83679334500857" lon="123.4190512514353">
        <ele>0.0</ele>
        <time>2026-08-25T21:31:45Z</time>
        <extensions>
          <gpxtpx:TrackPointExtension>
            <gpxtpx:hr>131</gpxtpx:hr>
          </gpxtpx:TrackPointExtension>
        </extensions>
      </trkpt>
      <trkpt lat="41.83679244627107" lon="123.41915134705135">
        <ele>0.0</ele>
        <time>2026-08-25T21:31:48Z</time>
        <extensions>
          <gpxtpx:TrackPointExtension>
            <gpxtpx:hr>130</gpxtpx:hr>
          </gpxtpx:TrackPointExtension>
        </extensions>
      </trkpt>
      <trkpt lat="41.836793553082785" lon="123.41925644781135">
        <ele>0.0</ele>
        <time>2026-08-25T21:31:51Z</time>
        <extensions>
          <gpxtpx:TrackPointExtension>
            <gpxtpx:hr>129</gpxtpx:hr>
          </gpxtpx:TrackPointExtension>
        </extensions>
      </trkpt>
      <trkpt lat="41.836797665518084" lon="123.41936655366878">
        <ele>0.0</ele>
        <time>2026-08-25T21:31:54Z</time>
        <extensions>
          <gpxtpx:TrackPointExtension>
            <gpxtpx:hr>133</gpxtpx:hr>
          </gpxtpx:TrackPointExtension>
        </extensions>
      </trkpt>
      <trkpt lat="41.83680075790707" lon="123.41945664086478">
        <ele>0.0</ele>
        <time>2026-08-25T21:31:57Z</time>
        <extensions>
          <gpxtpx:TrackPointExtension>
            <gpxtpx:hr>134</gpxtpx:hr>
          </gpxtpx:TrackPointExtension>
        </extensions>
      </trkpt>
      <trkpt lat="41.836808963466495" lon="123.4196558352166">
        <ele>0.0</ele>
        <time>2026-08-25T21:32:03Z</time>
        <extensions>
          <gpxtpx:TrackPointExtension>
            <gpxtpx:hr>133</gpxtpx:hr>
          </gpxtpx:TrackPointExtension>
        </extensions>
      </trkpt>
      <trkpt lat="41.83681206741784" lon="123.41975593393288">
        <ele>0.0</ele>
        <time>2026-08-25T21:32:06Z</time>
        <extensions>
          <gpxtpx:TrackPointExtension>
            <gpxtpx:hr>134</gpxtpx:hr>
          </gpxtpx:TrackPointExtension>
        </extensions>
      </trkpt>
      <trkpt lat="41.836817173912436" lon="123.41985803497292">
        <ele>0.0</ele>
        <time>2026-08-25T21:32:09Z</time>
        <extensions>
          <gpxtpx:TrackPointExtension>
            <gpxtpx:hr>151</gpxtpx:hr>
          </gpxtpx:TrackPointExtension>
        </extensions>
      </trkpt>
      <trkpt lat="41.836822278765005" lon="123.41995813463025">
        <ele>0.0</ele>
        <time>2026-08-25T21:32:12Z</time>
        <extensions>
          <gpxtpx:TrackPointExtension>
            <gpxtpx:hr>155</gpxtpx:hr>
          </gpxtpx:TrackPointExtension>
        </extensions>
      </trkpt>
      <trkpt lat="41.83683038618325" lon="123.42006023649346">
        <ele>0.0</ele>
        <time>2026-08-25T21:32:15Z</time>
        <extensions>
          <gpxtpx:TrackPointExtension>
            <gpxtpx:hr>157</gpxtpx:hr>
          </gpxtpx:TrackPointExtension>
        </extensions>
      </trkpt>
      <trkpt lat="41.83684048241848" lon="123.42015132749708">
        <ele>0.0</ele>
        <time>2026-08-25T21:32:18Z</time>
        <extensions>
          <gpxtpx:TrackPointExtension>
            <gpxtpx:hr>164</gpxtpx:hr>
          </gpxtpx:TrackPointExtension>
        </extensions>
      </trkpt>
      <trkpt lat="41.83684059172853" lon="123.42025443271307">
        <ele>0.0</ele>
        <time>2026-08-25T21:32:21Z</time>
        <extensions>
          <gpxtpx:TrackPointExtension>
            <gpxtpx:hr>169</gpxtpx:hr>
          </gpxtpx:TrackPointExtension>
        </extensions>
      </trkpt>
      <trkpt lat="41.83684269510818" lon="123.4203515321033">
        <ele>0.0</ele>
        <time>2026-08-25T21:32:24Z</time>
        <extensions>
          <gpxtpx:TrackPointExtension>
            <gpxtpx:hr>174</gpxtpx:hr>
          </gpxtpx:TrackPointExtension>
        </extensions>
      </trkpt>
      <trkpt lat="41.83684379353738" lon="123.42044362702381">
        <ele>0.0</ele>
        <time>2026-08-25T21:32:27Z</time>
        <extensions>
          <gpxtpx:TrackPointExtension>
            <gpxtpx:hr>174</gpxtpx:hr>
          </gpxtpx:TrackPointExtension>
        </extensions>
      </trkpt>
      <trkpt lat="41.83685289668265" lon="123.4205397254878">
        <ele>0.0</ele>
        <time>2026-08-25T21:32:30Z</time>
        <extensions>
          <gpxtpx:TrackPointExtension>
            <gpxtpx:hr>173</gpxtpx:hr>
          </gpxtpx:TrackPointExtension>
        </extensions>
      </trkpt>
      <trkpt lat="41.83685599912351" lon="123.42063482431318">
        <ele>0.0</ele>
        <time>2026-08-25T21:32:33Z</time>
        <extensions>
          <gpxtpx:TrackPointExtension>
            <gpxtpx:hr>172</gpxtpx:hr>
          </gpxtpx:TrackPointExtension>
        </extensions>
      </trkpt>
      <trkpt lat="41.83686110522474" lon="123.42073292656062">
        <ele>0.0</ele>
        <time>2026-08-25T21:32:36Z</time>
        <extensions>
          <gpxtpx:TrackPointExtension>
            <gpxtpx:hr>173</gpxtpx:hr>
          </gpxtpx:TrackPointExtension>
        </extensions>
      </trkpt>
      <trkpt lat="41.836876203088245" lon="123.42082301949516">
        <ele>0.0</ele>
        <time>2026-08-25T21:32:39Z</time>
        <extensions>
          <gpxtpx:TrackPointExtension>
            <gpxtpx:hr>173</gpxtpx:hr>
          </gpxtpx:TrackPointExtension>
        </extensions>
      </trkpt>
      <trkpt lat="41.83688630674601" lon="123.42091811895162">
        <ele>0.0</ele>
        <time>2026-08-25T21:32:42Z</time>
        <extensions>
          <gpxtpx:TrackPointExtension>
            <gpxtpx:hr>173</gpxtpx:hr>
          </gpxtpx:TrackPointExtension>
        </extensions>
      </trkpt>
      <trkpt lat="41.83689041077046" lon="123.42101321980473">
        <ele>0.0</ele>
        <time>2026-08-25T21:32:45Z</time>
        <extensions>
          <gpxtpx:TrackPointExtension>
            <gpxtpx:hr>170</gpxtpx:hr>
          </gpxtpx:TrackPointExtension>
        </extensions>
      </trkpt>
      <trkpt lat="41.83689051517135" lon="123.4211083217704">
        <ele>0.0</ele>
        <time>2026-08-25T21:32:48Z</time>
        <extensions>
          <gpxtpx:TrackPointExtension>
            <gpxtpx:hr>167</gpxtpx:hr>
          </gpxtpx:TrackPointExtension>
        </extensions>
      </trkpt>
      <trkpt lat="41.836884622149086" lon="123.42120542729621">
        <ele>0.0</ele>
        <time>2026-08-25T21:32:51Z</time>
        <extensions>
          <gpxtpx:TrackPointExtension>
            <gpxtpx:hr>166</gpxtpx:hr>
          </gpxtpx:TrackPointExtension>
        </extensions>
      </trkpt>
      <trkpt lat="41.836884728459985" lon="123.42130153145001">
        <ele>0.0</ele>
        <time>2026-08-25T21:32:54Z</time>
        <extensions>
          <gpxtpx:TrackPointExtension>
            <gpxtpx:hr>166</gpxtpx:hr>
          </gpxtpx:TrackPointExtension>
        </extensions>
      </trkpt>
      <trkpt lat="41.83689283076038" lon="123.42139363064993">
        <ele>0.0</ele>
        <time>2026-08-25T21:32:57Z</time>
        <extensions>
          <gpxtpx:TrackPointExtension>
            <gpxtpx:hr>164</gpxtpx:hr>
          </gpxtpx:TrackPointExtension>
        </extensions>
      </trkpt>
      <trkpt lat="41.83689293674499" lon="123.42148873479249">
        <ele>0.0</ele>
        <time>2026-08-25T21:33:00Z</time>
        <extensions>
          <gpxtpx:TrackPointExtension>
            <gpxtpx:hr>161</gpxtpx:hr>
          </gpxtpx:TrackPointExtension>
        </extensions>
      </trkpt>
      <trkpt lat="41.836901038677844" lon="123.42157983392444">
        <ele>0.0</ele>
        <time>2026-08-25T21:33:03Z</time>
        <extensions>
          <gpxtpx:TrackPointExtension>
            <gpxtpx:hr>158</gpxtpx:hr>
          </gpxtpx:TrackPointExtension>
        </extensions>
      </trkpt>
      <trkpt lat="41.836914136496105" lon="123.42166692840567">
        <ele>0.0</ele>
        <time>2026-08-25T21:33:06Z</time>
        <extensions>
          <gpxtpx:TrackPointExtension>
            <gpxtpx:hr>155</gpxtpx:hr>
          </gpxtpx:TrackPointExtension>
        </extensions>
      </trkpt>
      <trkpt lat="41.83694821330218" lon="123.42173499918677">
        <ele>0.0</ele>
        <time>2026-08-25T21:33:09Z</time>
        <extensions>
          <gpxtpx:TrackPointExtension>
            <gpxtpx:hr>152</gpxtpx:hr>
          </gpxtpx:TrackPointExtension>
        </extensions>
      </trkpt>
      <trkpt lat="41.837021253194976" lon="123.42177002784939">
        <ele>0.0</ele>
        <time>2026-08-25T21:33:12Z</time>
        <extensions>
          <gpxtpx:TrackPointExtension>
            <gpxtpx:hr>152</gpxtpx:hr>
          </gpxtpx:TrackPointExtension>
        </extensions>
      </trkpt>
      <trkpt lat="41.83708829877333" lon="123.42181006302877">
        <ele>0.0</ele>
        <time>2026-08-25T21:33:15Z</time>
        <extensions>
          <gpxtpx:TrackPointExtension>
            <gpxtpx:hr>152</gpxtpx:hr>
          </gpxtpx:TrackPointExtension>
        </extensions>
      </trkpt>
      <trkpt lat="41.83715434895474" lon="123.42185410293021">
        <ele>0.0</ele>
        <time>2026-08-25T21:33:18Z</time>
        <extensions>
          <gpxtpx:TrackPointExtension>
            <gpxtpx:hr>150</gpxtpx:hr>
          </gpxtpx:TrackPointExtension>
        </extensions>
      </trkpt>
      <trkpt lat="41.83721940716969" lon="123.42190515095763">
        <ele>0.0</ele>
        <time>2026-08-25T21:33:21Z</time>
        <extensions>
          <gpxtpx:TrackPointExtension>
            <gpxtpx:hr>130</gpxtpx:hr>
          </gpxtpx:TrackPointExtension>
        </extensions>
      </trkpt>
      <trkpt lat="41.837281466624255" lon="123.42195720069456">
        <ele>0.0</ele>
        <time>2026-08-25T21:33:24Z</time>
        <extensions>
          <gpxtpx:TrackPointExtension>
            <gpxtpx:hr>130</gpxtpx:hr>
          </gpxtpx:TrackPointExtension>
        </extensions>
      </trkpt>
      <trkpt lat="41.8373465273569" lon="123.4220102512988">
        <ele>0.0</ele>
        <time>2026-08-25T21:33:27Z</time>
        <extensions>
          <gpxtpx:TrackPointExtension>
            <gpxtpx:hr>132</gpxtpx:hr>
          </gpxtpx:TrackPointExtension>
        </extensions>
      </trkpt>
      <trkpt lat="41.83741758139226" lon="123.42205729441957">
        <ele>0.0</ele>
        <time>2026-08-25T21:33:30Z</time>
        <extensions>
          <gpxtpx:TrackPointExtension>
            <gpxtpx:hr>132</gpxtpx:hr>
          </gpxtpx:TrackPointExtension>
        </extensions>
      </trkpt>
      <trkpt lat="41.83748464008538" lon="123.42210834278582">
        <ele>0.0</ele>
        <time>2026-08-25T21:33:33Z</time>
        <extensions>
          <gpxtpx:TrackPointExtension>
            <gpxtpx:hr>130</gpxtpx:hr>
          </gpxtpx:TrackPointExtension>
        </extensions>
      </trkpt>
      <trkpt lat="41.837547686259164" lon="123.42214837934623">
        <ele>0.0</ele>
        <time>2026-08-25T21:33:36Z</time>
        <extensions>
          <gpxtpx:TrackPointExtension>
            <gpxtpx:hr>131</gpxtpx:hr>
          </gpxtpx:TrackPointExtension>
        </extensions>
      </trkpt>
      <trkpt lat="41.83762272109256" lon="123.42217840289106">
        <ele>0.0</ele>
        <time>2026-08-25T21:33:39Z</time>
        <extensions>
          <gpxtpx:TrackPointExtension>
            <gpxtpx:hr>132</gpxtpx:hr>
          </gpxtpx:TrackPointExtension>
        </extensions>
      </trkpt>
      <trkpt lat="41.837692732967106" lon="123.42218840436446">
        <ele>0.0</ele>
        <time>2026-08-25T21:33:42Z</time>
        <extensions>
          <gpxtpx:TrackPointExtension>
            <gpxtpx:hr>133</gpxtpx:hr>
          </gpxtpx:TrackPointExtension>
        </extensions>
      </trkpt>
      <trkpt lat="41.83777277363931" lon="123.42222343298734">
        <ele>0.0</ele>
        <time>2026-08-25T21:33:45Z</time>
        <extensions>
          <gpxtpx:TrackPointExtension>
            <gpxtpx:hr>133</gpxtpx:hr>
          </gpxtpx:TrackPointExtension>
        </extensions>
      </trkpt>
      <trkpt lat="41.837850801696625" lon="123.42224744937229">
        <ele>0.0</ele>
        <time>2026-08-25T21:33:48Z</time>
        <extensions>
          <gpxtpx:TrackPointExtension>
            <gpxtpx:hr>132</gpxtpx:hr>
          </gpxtpx:TrackPointExtension>
        </extensions>
      </trkpt>
      <trkpt lat="41.83792481478956" lon="123.42225845146477">
        <ele>0.0</ele>
        <time>2026-08-25T21:33:51Z</time>
        <extensions>
          <gpxtpx:TrackPointExtension>
            <gpxtpx:hr>131</gpxtpx:hr>
          </gpxtpx:TrackPointExtension>
        </extensions>
      </trkpt>
      <trkpt lat="41.837995825571106" lon="123.42226745169835">
        <ele>0.0</ele>
        <time>2026-08-25T21:33:54Z</time>
        <extensions>
          <gpxtpx:TrackPointExtension>
            <gpxtpx:hr>133</gpxtpx:hr>
          </gpxtpx:TrackPointExtension>
        </extensions>
      </trkpt>
      <trkpt lat="41.838074838712615" lon="123.42227845309435">
        <ele>0.0</ele>
        <time>2026-08-25T21:33:57Z</time>
        <extensions>
          <gpxtpx:TrackPointExtension>
            <gpxtpx:hr>135</gpxtpx:hr>
          </gpxtpx:TrackPointExtension>
        </extensions>
      </trkpt>
      <trkpt lat="41.838149841467924" lon="123.42228044474271">
        <ele>0.0</ele>
        <time>2026-08-25T21:34:00Z</time>
        <extensions>
          <gpxtpx:TrackPointExtension>
            <gpxtpx:hr>135</gpxtpx:hr>
          </gpxtpx:TrackPointExtension>
        </extensions>
      </trkpt>
      <trkpt lat="41.838229841954" lon="123.4222804333881">
        <ele>0.0</ele>
        <time>2026-08-25T21:34:03Z</time>
        <extensions>
          <gpxtpx:TrackPointExtension>
            <gpxtpx:hr>136</gpxtpx:hr>
          </gpxtpx:TrackPointExtension>
        </extensions>
      </trkpt>
      <trkpt lat="41.838302834337156" lon="123.42227341500158">
        <ele>0.0</ele>
        <time>2026-08-25T21:34:06Z</time>
        <extensions>
          <gpxtpx:TrackPointExtension>
            <gpxtpx:hr>136</gpxtpx:hr>
          </gpxtpx:TrackPointExtension>
        </extensions>
      </trkpt>
      <trkpt lat="41.838379825600214" lon="123.42226539490441">
        <ele>0.0</ele>
        <time>2026-08-25T21:34:09Z</time>
        <extensions>
          <gpxtpx:TrackPointExtension>
            <gpxtpx:hr>138</gpxtpx:hr>
          </gpxtpx:TrackPointExtension>
        </extensions>
      </trkpt>
      <trkpt lat="41.838450819135986" lon="123.42225937795338">
        <ele>0.0</ele>
        <time>2026-08-25T21:34:12Z</time>
        <extensions>
          <gpxtpx:TrackPointExtension>
            <gpxtpx:hr>138</gpxtpx:hr>
          </gpxtpx:TrackPointExtension>
        </extensions>
      </trkpt>
      <trkpt lat="41.838522819591546" lon="123.42225936773407">
        <ele>0.0</ele>
        <time>2026-08-25T21:34:15Z</time>
        <extensions>
          <gpxtpx:TrackPointExtension>
            <gpxtpx:hr>137</gpxtpx:hr>
          </gpxtpx:TrackPointExtension>
        </extensions>
      </trkpt>
      <trkpt lat="41.83859482350586" lon="123.42226236095131">
        <ele>0.0</ele>
        <time>2026-08-25T21:34:18Z</time>
        <extensions>
          <gpxtpx:TrackPointExtension>
            <gpxtpx:hr>137</gpxtpx:hr>
          </gpxtpx:TrackPointExtension>
        </extensions>
      </trkpt>
      <trkpt lat="41.83866982974779" lon="123.42226735603496">
        <ele>0.0</ele>
        <time>2026-08-25T21:34:21Z</time>
        <extensions>
          <gpxtpx:TrackPointExtension>
            <gpxtpx:hr>137</gpxtpx:hr>
          </gpxtpx:TrackPointExtension>
        </extensions>
      </trkpt>
      <trkpt lat="41.83873985901085" lon="123.42229237476619">
        <ele>0.0</ele>
        <time>2026-08-25T21:34:24Z</time>
        <extensions>
          <gpxtpx:TrackPointExtension>
            <gpxtpx:hr>138</gpxtpx:hr>
          </gpxtpx:TrackPointExtension>
        </extensions>
      </trkpt>
      <trkpt lat="41.83879295519451" lon="123.4223754626863">
        <ele>0.0</ele>
        <time>2026-08-25T21:34:27Z</time>
        <extensions>
          <gpxtpx:TrackPointExtension>
            <gpxtpx:hr>135</gpxtpx:hr>
          </gpxtpx:TrackPointExtension>
        </extensions>
      </trkpt>
      <trkpt lat="41.83881806542004" lon="123.42247056888702">
        <ele>0.0</ele>
        <time>2026-08-25T21:34:30Z</time>
        <extensions>
          <gpxtpx:TrackPointExtension>
            <gpxtpx:hr>134</gpxtpx:hr>
          </gpxtpx:TrackPointExtension>
        </extensions>
      </trkpt>
      <trkpt lat="41.83883619580053" lon="123.42258269641597">
        <ele>0.0</ele>
        <time>2026-08-25T21:34:33Z</time>
        <extensions>
          <gpxtpx:TrackPointExtension>
            <gpxtpx:hr>136</gpxtpx:hr>
          </gpxtpx:TrackPointExtension>
        </extensions>
      </trkpt>
      <trkpt lat="41.83883131838433" lon="123.42268781976219">
        <ele>0.0</ele>
        <time>2026-08-25T21:34:36Z</time>
        <extensions>
          <gpxtpx:TrackPointExtension>
            <gpxtpx:hr>137</gpxtpx:hr>
          </gpxtpx:TrackPointExtension>
        </extensions>
      </trkpt>
      <trkpt lat="41.838826439099485" lon="123.42279094141433">
        <ele>0.0</ele>
        <time>2026-08-25T21:34:39Z</time>
        <extensions>
          <gpxtpx:TrackPointExtension>
            <gpxtpx:hr>138</gpxtpx:hr>
          </gpxtpx:TrackPointExtension>
        </extensions>
      </trkpt>
      <trkpt lat="41.83882355793203" lon="123.42289206105126">
        <ele>0.0</ele>
        <time>2026-08-25T21:34:42Z</time>
        <extensions>
          <gpxtpx:TrackPointExtension>
            <gpxtpx:hr>137</gpxtpx:hr>
          </gpxtpx:TrackPointExtension>
        </extensions>
      </trkpt>
      <trkpt lat="41.838826684349335" lon="123.42299918758467">
        <ele>0.0</ele>
        <time>2026-08-25T21:34:45Z</time>
        <extensions>
          <gpxtpx:TrackPointExtension>
            <gpxtpx:hr>136</gpxtpx:hr>
          </gpxtpx:TrackPointExtension>
        </extensions>
      </trkpt>
      <trkpt lat="41.838827800558995" lon="123.4230973043242">
        <ele>0.0</ele>
        <time>2026-08-25T21:34:48Z</time>
        <extensions>
          <gpxtpx:TrackPointExtension>
            <gpxtpx:hr>136</gpxtpx:hr>
          </gpxtpx:TrackPointExtension>
        </extensions>
      </trkpt>
      <trkpt lat="41.83883291721289" lon="123.42319542107043">
        <ele>0.0</ele>
        <time>2026-08-25T21:34:51Z</time>
        <extensions>
          <gpxtpx:TrackPointExtension>
            <gpxtpx:hr>136</gpxtpx:hr>
          </gpxtpx:TrackPointExtension>
        </extensions>
      </trkpt>
      <trkpt lat="41.83884803913654" lon="123.42329754180136">
        <ele>0.0</ele>
        <time>2026-08-25T21:34:54Z</time>
        <extensions>
          <gpxtpx:TrackPointExtension>
            <gpxtpx:hr>136</gpxtpx:hr>
          </gpxtpx:TrackPointExtension>
        </extensions>
      </trkpt>
      <trkpt lat="41.8388551626604" lon="123.42340066550301">
        <ele>0.0</ele>
        <time>2026-08-25T21:34:57Z</time>
        <extensions>
          <gpxtpx:TrackPointExtension>
            <gpxtpx:hr>136</gpxtpx:hr>
          </gpxtpx:TrackPointExtension>
        </extensions>
      </trkpt>
      <trkpt lat="41.838858285413025" lon="123.42350278918609">
        <ele>0.0</ele>
        <time>2026-08-25T21:35:00Z</time>
        <extensions>
          <gpxtpx:TrackPointExtension>
            <gpxtpx:hr>137</gpxtpx:hr>
          </gpxtpx:TrackPointExtension>
        </extensions>
      </trkpt>
      <trkpt lat="41.83886141587748" lon="123.42361092084658">
        <ele>0.0</ele>
        <time>2026-08-25T21:35:03Z</time>
        <extensions>
          <gpxtpx:TrackPointExtension>
            <gpxtpx:hr>137</gpxtpx:hr>
          </gpxtpx:TrackPointExtension>
        </extensions>
      </trkpt>
      <trkpt lat="41.8388715347482" lon="123.4237090398857">
        <ele>0.0</ele>
        <time>2026-08-25T21:35:06Z</time>
        <extensions>
          <gpxtpx:TrackPointExtension>
            <gpxtpx:hr>136</gpxtpx:hr>
          </gpxtpx:TrackPointExtension>
        </extensions>
      </trkpt>
      <trkpt lat="41.838881656472886" lon="123.42380916197351">
        <ele>0.0</ele>
        <time>2026-08-25T21:35:09Z</time>
        <extensions>
          <gpxtpx:TrackPointExtension>
            <gpxtpx:hr>137</gpxtpx:hr>
          </gpxtpx:TrackPointExtension>
        </extensions>
      </trkpt>
      <trkpt lat="41.838891783523735" lon="123.42391328963384">
        <ele>0.0</ele>
        <time>2026-08-25T21:35:12Z</time>
        <extensions>
          <gpxtpx:TrackPointExtension>
            <gpxtpx:hr>136</gpxtpx:hr>
          </gpxtpx:TrackPointExtension>
        </extensions>
      </trkpt>
      <trkpt lat="41.83890390491829" lon="123.42401241140325">
        <ele>0.0</ele>
        <time>2026-08-25T21:35:15Z</time>
        <extensions>
          <gpxtpx:TrackPointExtension>
            <gpxtpx:hr>137</gpxtpx:hr>
          </gpxtpx:TrackPointExtension>
        </extensions>
      </trkpt>
      <trkpt lat="41.838927021883926" lon="123.42410752717161">
        <ele>0.0</ele>
        <time>2026-08-25T21:35:18Z</time>
        <extensions>
          <gpxtpx:TrackPointExtension>
            <gpxtpx:hr>136</gpxtpx:hr>
          </gpxtpx:TrackPointExtension>
        </extensions>
      </trkpt>
      <trkpt lat="41.83894814417051" lon="123.42420664880719">
        <ele>0.0</ele>
        <time>2026-08-25T21:35:21Z</time>
        <extensions>
          <gpxtpx:TrackPointExtension>
            <gpxtpx:hr>136</gpxtpx:hr>
          </gpxtpx:TrackPointExtension>
        </extensions>
      </trkpt>
      <trkpt lat="41.838968269355156" lon="123.42430777370294">
        <ele>0.0</ele>
        <time>2026-08-25T21:35:24Z</time>
        <extensions>
          <gpxtpx:TrackPointExtension>
            <gpxtpx:hr>137</gpxtpx:hr>
          </gpxtpx:TrackPointExtension>
        </extensions>
      </trkpt>
      <trkpt lat="41.838986393722955" lon="123.42440789821534">
        <ele>0.0</ele>
        <time>2026-08-25T21:35:27Z</time>
        <extensions>
          <gpxtpx:TrackPointExtension>
            <gpxtpx:hr>140</gpxtpx:hr>
          </gpxtpx:TrackPointExtension>
        </extensions>
      </trkpt>
      <trkpt lat="41.83901051231943" lon="123.42450301607342">
        <ele>0.0</ele>
        <time>2026-08-25T21:35:30Z</time>
        <extensions>
          <gpxtpx:TrackPointExtension>
            <gpxtpx:hr>140</gpxtpx:hr>
          </gpxtpx:TrackPointExtension>
        </extensions>
      </trkpt>
      <trkpt lat="41.83904163385937" lon="123.4246001360442">
        <ele>0.0</ele>
        <time>2026-08-25T21:35:33Z</time>
        <extensions>
          <gpxtpx:TrackPointExtension>
            <gpxtpx:hr>140</gpxtpx:hr>
          </gpxtpx:TrackPointExtension>
        </extensions>
      </trkpt>
      <trkpt lat="41.83906475449458" lon="123.42469625641799">
        <ele>0.0</ele>
        <time>2026-08-25T21:35:36Z</time>
        <extensions>
          <gpxtpx:TrackPointExtension>
            <gpxtpx:hr>139</gpxtpx:hr>
          </gpxtpx:TrackPointExtension>
        </extensions>
      </trkpt>
      <trkpt lat="41.83909386800236" lon="123.42478636870969">
        <ele>0.0</ele>
        <time>2026-08-25T21:35:39Z</time>
        <extensions>
          <gpxtpx:TrackPointExtension>
            <gpxtpx:hr>141</gpxtpx:hr>
          </gpxtpx:TrackPointExtension>
        </extensions>
      </trkpt>
      <trkpt lat="41.83916209867383" lon="123.42496859592877">
        <ele>0.0</ele>
        <time>2026-08-25T21:35:45Z</time>
        <extensions>
          <gpxtpx:TrackPointExtension>
            <gpxtpx:hr>141</gpxtpx:hr>
          </gpxtpx:TrackPointExtension>
        </extensions>
      </trkpt>
      <trkpt lat="41.83919821328727" lon="123.4250587086784">
        <ele>0.0</ele>
        <time>2026-08-25T21:35:48Z</time>
        <extensions>
          <gpxtpx:TrackPointExtension>
            <gpxtpx:hr>141</gpxtpx:hr>
          </gpxtpx:TrackPointExtension>
        </extensions>
      </trkpt>
      <trkpt lat="41.83923732954787" lon="123.42514982279964">
        <ele>0.0</ele>
        <time>2026-08-25T21:35:51Z</time>
        <extensions>
          <gpxtpx:TrackPointExtension>
            <gpxtpx:hr>140</gpxtpx:hr>
          </gpxtpx:TrackPointExtension>
        </extensions>
      </trkpt>
      <trkpt lat="41.83926843842803" lon="123.42523493060942">
        <ele>0.0</ele>
        <time>2026-08-25T21:35:54Z</time>
        <extensions>
          <gpxtpx:TrackPointExtension>
            <gpxtpx:hr>142</gpxtpx:hr>
          </gpxtpx:TrackPointExtension>
        </extensions>
      </trkpt>
      <trkpt lat="41.83930355021557" lon="123.4253220409345">
        <ele>0.0</ele>
        <time>2026-08-25T21:35:57Z</time>
        <extensions>
          <gpxtpx:TrackPointExtension>
            <gpxtpx:hr>142</gpxtpx:hr>
          </gpxtpx:TrackPointExtension>
        </extensions>
      </trkpt>
      <trkpt lat="41.839348666263234" lon="123.42541215428734">
        <ele>0.0</ele>
        <time>2026-08-25T21:36:00Z</time>
        <extensions>
          <gpxtpx:TrackPointExtension>
            <gpxtpx:hr>140</gpxtpx:hr>
          </gpxtpx:TrackPointExtension>
        </extensions>
      </trkpt>
      <trkpt lat="41.83939677751536" lon="123.42549826234023">
        <ele>0.0</ele>
        <time>2026-08-25T21:36:03Z</time>
        <extensions>
          <gpxtpx:TrackPointExtension>
            <gpxtpx:hr>140</gpxtpx:hr>
          </gpxtpx:TrackPointExtension>
        </extensions>
      </trkpt>
      <trkpt lat="41.83944388519439" lon="123.42558136694251">
        <ele>0.0</ele>
        <time>2026-08-25T21:36:06Z</time>
        <extensions>
          <gpxtpx:TrackPointExtension>
            <gpxtpx:hr>141</gpxtpx:hr>
          </gpxtpx:TrackPointExtension>
        </extensions>
      </trkpt>
      <trkpt lat="41.83949399578983" lon="123.42566647422206">
        <ele>0.0</ele>
        <time>2026-08-25T21:36:09Z</time>
        <extensions>
          <gpxtpx:TrackPointExtension>
            <gpxtpx:hr>142</gpxtpx:hr>
          </gpxtpx:TrackPointExtension>
        </extensions>
      </trkpt>
      <trkpt lat="41.83953911187113" lon="123.4257555880503">
        <ele>0.0</ele>
        <time>2026-08-25T21:36:12Z</time>
        <extensions>
          <gpxtpx:TrackPointExtension>
            <gpxtpx:hr>141</gpxtpx:hr>
          </gpxtpx:TrackPointExtension>
        </extensions>
      </trkpt>
      <trkpt lat="41.839585220463526" lon="123.42583869405357">
        <ele>0.0</ele>
        <time>2026-08-25T21:36:15Z</time>
        <extensions>
          <gpxtpx:TrackPointExtension>
            <gpxtpx:hr>142</gpxtpx:hr>
          </gpxtpx:TrackPointExtension>
        </extensions>
      </trkpt>
      <trkpt lat="41.83964032548966" lon="123.4259187950971">
        <ele>0.0</ele>
        <time>2026-08-25T21:36:18Z</time>
        <extensions>
          <gpxtpx:TrackPointExtension>
            <gpxtpx:hr>143</gpxtpx:hr>
          </gpxtpx:TrackPointExtension>
        </extensions>
      </trkpt>
      <trkpt lat="41.839704437423926" lon="123.42600390208005">
        <ele>0.0</ele>
        <time>2026-08-25T21:36:21Z</time>
        <extensions>
          <gpxtpx:TrackPointExtension>
            <gpxtpx:hr>144</gpxtpx:hr>
          </gpxtpx:TrackPointExtension>
        </extensions>
      </trkpt>
      <trkpt lat="41.839748546889545" lon="123.42608700958036">
        <ele>0.0</ele>
        <time>2026-08-25T21:36:24Z</time>
        <extensions>
          <gpxtpx:TrackPointExtension>
            <gpxtpx:hr>141</gpxtpx:hr>
          </gpxtpx:TrackPointExtension>
        </extensions>
      </trkpt>
      <trkpt lat="41.83979765008776" lon="123.42616510988907">
        <ele>0.0</ele>
        <time>2026-08-25T21:36:27Z</time>
        <extensions>
          <gpxtpx:TrackPointExtension>
            <gpxtpx:hr>142</gpxtpx:hr>
          </gpxtpx:TrackPointExtension>
        </extensions>
      </trkpt>
      <trkpt lat="41.83984575618763" lon="123.42624521346191">
        <ele>0.0</ele>
        <time>2026-08-25T21:36:30Z</time>
        <extensions>
          <gpxtpx:TrackPointExtension>
            <gpxtpx:hr>143</gpxtpx:hr>
          </gpxtpx:TrackPointExtension>
        </extensions>
      </trkpt>
      <trkpt lat="41.8398888625255" lon="123.42632531812062">
        <ele>0.0</ele>
        <time>2026-08-25T21:36:33Z</time>
        <extensions>
          <gpxtpx:TrackPointExtension>
            <gpxtpx:hr>144</gpxtpx:hr>
          </gpxtpx:TrackPointExtension>
        </extensions>
      </trkpt>
      <trkpt lat="41.839933969153435" lon="123.42640542287194">
        <ele>0.0</ele>
        <time>2026-08-25T21:36:36Z</time>
        <extensions>
          <gpxtpx:TrackPointExtension>
            <gpxtpx:hr>145</gpxtpx:hr>
          </gpxtpx:TrackPointExtension>
        </extensions>
      </trkpt>
      <trkpt lat="41.83997208667469" lon="123.42649354016427">
        <ele>0.0</ele>
        <time>2026-08-25T21:36:39Z</time>
        <extensions>
          <gpxtpx:TrackPointExtension>
            <gpxtpx:hr>144</gpxtpx:hr>
          </gpxtpx:TrackPointExtension>
        </extensions>
      </trkpt>
      <trkpt lat="41.83997522968878" lon="123.42660068952303">
        <ele>0.0</ele>
        <time>2026-08-25T21:36:42Z</time>
        <extensions>
          <gpxtpx:TrackPointExtension>
            <gpxtpx:hr>144</gpxtpx:hr>
          </gpxtpx:TrackPointExtension>
        </extensions>
      </trkpt>
      <trkpt lat="41.83996536503431" lon="123.4267018329433">
        <ele>0.0</ele>
        <time>2026-08-25T21:36:45Z</time>
        <extensions>
          <gpxtpx:TrackPointExtension>
            <gpxtpx:hr>142</gpxtpx:hr>
          </gpxtpx:TrackPointExtension>
        </extensions>
      </trkpt>
      <trkpt lat="41.83997250902765" lon="123.42680898304029">
        <ele>0.0</ele>
        <time>2026-08-25T21:36:48Z</time>
        <extensions>
          <gpxtpx:TrackPointExtension>
            <gpxtpx:hr>143</gpxtpx:hr>
          </gpxtpx:TrackPointExtension>
        </extensions>
      </trkpt>
      <trkpt lat="41.840002641516264" lon="123.42690711775485">
        <ele>0.0</ele>
        <time>2026-08-25T21:36:51Z</time>
        <extensions>
          <gpxtpx:TrackPointExtension>
            <gpxtpx:hr>142</gpxtpx:hr>
          </gpxtpx:TrackPointExtension>
        </extensions>
      </trkpt>
      <trkpt lat="41.84005772582182" lon="123.42696919816332">
        <ele>0.0</ele>
        <time>2026-08-25T21:36:54Z</time>
        <extensions>
          <gpxtpx:TrackPointExtension>
            <gpxtpx:hr>143</gpxtpx:hr>
          </gpxtpx:TrackPointExtension>
        </extensions>
      </trkpt>
      <trkpt lat="41.840128771082455" lon="123.42700223513417">
        <ele>0.0</ele>
        <time>2026-08-25T21:36:57Z</time>
        <extensions>
          <gpxtpx:TrackPointExtension>
            <gpxtpx:hr>142</gpxtpx:hr>
          </gpxtpx:TrackPointExtension>
        </extensions>
      </trkpt>
      <trkpt lat="41.84020774865211" lon="123.42698519968543">
        <ele>0.0</ele>
        <time>2026-08-25T21:37:00Z</time>
        <extensions>
          <gpxtpx:TrackPointExtension>
            <gpxtpx:hr>143</gpxtpx:hr>
          </gpxtpx:TrackPointExtension>
        </extensions>
      </trkpt>
      <trkpt lat="41.84028269101094" lon="123.4269421278034">
        <ele>0.0</ele>
        <time>2026-08-25T21:37:03Z</time>
        <extensions>
          <gpxtpx:TrackPointExtension>
            <gpxtpx:hr>144</gpxtpx:hr>
          </gpxtpx:TrackPointExtension>
        </extensions>
      </trkpt>
      <trkpt lat="41.84035869566818" lon="123.42694512129138">
        <ele>0.0</ele>
        <time>2026-08-25T21:37:06Z</time>
        <extensions>
          <gpxtpx:TrackPointExtension>
            <gpxtpx:hr>143</gpxtpx:hr>
          </gpxtpx:TrackPointExtension>
        </extensions>
      </trkpt>
      <trkpt lat="41.84042878292159" lon="123.42700920256405">
        <ele>0.0</ele>
        <time>2026-08-25T21:37:09Z</time>
        <extensions>
          <gpxtpx:TrackPointExtension>
            <gpxtpx:hr>143</gpxtpx:hr>
          </gpxtpx:TrackPointExtension>
        </extensions>
      </trkpt>
      <trkpt lat="41.840490886597394" lon="123.42708530238367">
        <ele>0.0</ele>
        <time>2026-08-25T21:37:12Z</time>
        <extensions>
          <gpxtpx:TrackPointExtension>
            <gpxtpx:hr>144</gpxtpx:hr>
          </gpxtpx:TrackPointExtension>
        </extensions>
      </trkpt>
      <trkpt lat="41.8405409877005" lon="123.4271594013722">
        <ele>0.0</ele>
        <time>2026-08-25T21:37:15Z</time>
        <extensions>
          <gpxtpx:TrackPointExtension>
            <gpxtpx:hr>145</gpxtpx:hr>
          </gpxtpx:TrackPointExtension>
        </extensions>
      </trkpt>
      <trkpt lat="41.840599091834356" lon="123.42723550242644">
        <ele>0.0</ele>
        <time>2026-08-25T21:37:18Z</time>
        <extensions>
          <gpxtpx:TrackPointExtension>
            <gpxtpx:hr>145</gpxtpx:hr>
          </gpxtpx:TrackPointExtension>
        </extensions>
      </trkpt>
      <trkpt lat="41.8406621880447" lon="123.42730559444277">
        <ele>0.0</ele>
        <time>2026-08-25T21:37:21Z</time>
        <extensions>
          <gpxtpx:TrackPointExtension>
            <gpxtpx:hr>146</gpxtpx:hr>
          </gpxtpx:TrackPointExtension>
        </extensions>
      </trkpt>
      <trkpt lat="41.84072629544865" lon="123.42738369819219">
        <ele>0.0</ele>
        <time>2026-08-25T21:37:24Z</time>
        <extensions>
          <gpxtpx:TrackPointExtension>
            <gpxtpx:hr>146</gpxtpx:hr>
          </gpxtpx:TrackPointExtension>
        </extensions>
      </trkpt>
      <trkpt lat="41.840789401730746" lon="123.42746080098564">
        <ele>0.0</ele>
        <time>2026-08-25T21:37:27Z</time>
        <extensions>
          <gpxtpx:TrackPointExtension>
            <gpxtpx:hr>144</gpxtpx:hr>
          </gpxtpx:TrackPointExtension>
        </extensions>
      </trkpt>
      <trkpt lat="41.84085051238661" lon="123.42754090878266">
        <ele>0.0</ele>
        <time>2026-08-25T21:37:30Z</time>
        <extensions>
          <gpxtpx:TrackPointExtension>
            <gpxtpx:hr>144</gpxtpx:hr>
          </gpxtpx:TrackPointExtension>
        </extensions>
      </trkpt>
      <trkpt lat="41.8409075997961" lon="123.42760399266446">
        <ele>0.0</ele>
        <time>2026-08-25T21:37:33Z</time>
        <extensions>
          <gpxtpx:TrackPointExtension>
            <gpxtpx:hr>144</gpxtpx:hr>
          </gpxtpx:TrackPointExtension>
        </extensions>
      </trkpt>
      <trkpt lat="41.840972694363856" lon="123.42767208297035">
        <ele>0.0</ele>
        <time>2026-08-25T21:37:36Z</time>
        <extensions>
          <gpxtpx:TrackPointExtension>
            <gpxtpx:hr>144</gpxtpx:hr>
          </gpxtpx:TrackPointExtension>
        </extensions>
      </trkpt>
      <trkpt lat="41.84103477801089" lon="123.42773216221684">
        <ele>0.0</ele>
        <time>2026-08-25T21:37:39Z</time>
        <extensions>
          <gpxtpx:TrackPointExtension>
            <gpxtpx:hr>144</gpxtpx:hr>
          </gpxtpx:TrackPointExtension>
        </extensions>
      </trkpt>
      <trkpt lat="41.841099868785705" lon="123.42779724861143">
        <ele>0.0</ele>
        <time>2026-08-25T21:37:42Z</time>
        <extensions>
          <gpxtpx:TrackPointExtension>
            <gpxtpx:hr>144</gpxtpx:hr>
          </gpxtpx:TrackPointExtension>
        </extensions>
      </trkpt>
      <trkpt lat="41.84116896256158" lon="123.42786433763834">
        <ele>0.0</ele>
        <time>2026-08-25T21:37:45Z</time>
        <extensions>
          <gpxtpx:TrackPointExtension>
            <gpxtpx:hr>143</gpxtpx:hr>
          </gpxtpx:TrackPointExtension>
        </extensions>
      </trkpt>
      <trkpt lat="41.84123804955639" lon="123.42792641952404">
        <ele>0.0</ele>
        <time>2026-08-25T21:37:48Z</time>
        <extensions>
          <gpxtpx:TrackPointExtension>
            <gpxtpx:hr>142</gpxtpx:hr>
          </gpxtpx:TrackPointExtension>
        </extensions>
      </trkpt>
      <trkpt lat="41.84130313947808" lon="123.42799050516912">
        <ele>0.0</ele>
        <time>2026-08-25T21:37:51Z</time>
        <extensions>
          <gpxtpx:TrackPointExtension>
            <gpxtpx:hr>144</gpxtpx:hr>
          </gpxtpx:TrackPointExtension>
        </extensions>
      </trkpt>
      <trkpt lat="41.84136323373382" lon="123.42805759622566">
        <ele>0.0</ele>
        <time>2026-08-25T21:37:54Z</time>
        <extensions>
          <gpxtpx:TrackPointExtension>
            <gpxtpx:hr>143</gpxtpx:hr>
          </gpxtpx:TrackPointExtension>
        </extensions>
      </trkpt>
      <trkpt lat="41.84142132535824" lon="123.4281226848433">
        <ele>0.0</ele>
        <time>2026-08-25T21:37:57Z</time>
        <extensions>
          <gpxtpx:TrackPointExtension>
            <gpxtpx:hr>143</gpxtpx:hr>
          </gpxtpx:TrackPointExtension>
        </extensions>
      </trkpt>
      <trkpt lat="41.841491406023984" lon="123.42817976004181">
        <ele>0.0</ele>
        <time>2026-08-25T21:38:00Z</time>
        <extensions>
          <gpxtpx:TrackPointExtension>
            <gpxtpx:hr>144</gpxtpx:hr>
          </gpxtpx:TrackPointExtension>
        </extensions>
      </trkpt>
      <trkpt lat="41.841557485387426" lon="123.42823583449818">
        <ele>0.0</ele>
        <time>2026-08-25T21:38:03Z</time>
        <extensions>
          <gpxtpx:TrackPointExtension>
            <gpxtpx:hr>143</gpxtpx:hr>
          </gpxtpx:TrackPointExtension>
        </extensions>
      </trkpt>
      <trkpt lat="41.84161456621664" lon="123.42829291191504">
        <ele>0.0</ele>
        <time>2026-08-25T21:38:06Z</time>
        <extensions>
          <gpxtpx:TrackPointExtension>
            <gpxtpx:hr>141</gpxtpx:hr>
          </gpxtpx:TrackPointExtension>
        </extensions>
      </trkpt>
      <trkpt lat="41.8416776543038" lon="123.42835499619531">
        <ele>0.0</ele>
        <time>2026-08-25T21:38:09Z</time>
        <extensions>
          <gpxtpx:TrackPointExtension>
            <gpxtpx:hr>140</gpxtpx:hr>
          </gpxtpx:TrackPointExtension>
        </extensions>
      </trkpt>
      <trkpt lat="41.84174773695777" lon="123.42841307367088">
        <ele>0.0</ele>
        <time>2026-08-25T21:38:12Z</time>
        <extensions>
          <gpxtpx:TrackPointExtension>
            <gpxtpx:hr>139</gpxtpx:hr>
          </gpxtpx:TrackPointExtension>
        </extensions>
      </trkpt>
      <trkpt lat="41.84180981259605" lon="123.42846614491707">
        <ele>0.0</ele>
        <time>2026-08-25T21:38:15Z</time>
        <extensions>
          <gpxtpx:TrackPointExtension>
            <gpxtpx:hr>140</gpxtpx:hr>
          </gpxtpx:TrackPointExtension>
        </extensions>
      </trkpt>
      <trkpt lat="41.84187088408731" lon="123.42851621192398">
        <ele>0.0</ele>
        <time>2026-08-25T21:38:18Z</time>
        <extensions>
          <gpxtpx:TrackPointExtension>
            <gpxtpx:hr>140</gpxtpx:hr>
          </gpxtpx:TrackPointExtension>
        </extensions>
      </trkpt>
      <trkpt lat="41.84193494434117" lon="123.42855826651208">
        <ele>0.0</ele>
        <time>2026-08-25T21:38:21Z</time>
        <extensions>
          <gpxtpx:TrackPointExtension>
            <gpxtpx:hr>139</gpxtpx:hr>
          </gpxtpx:TrackPointExtension>
        </extensions>
      </trkpt>
      <trkpt lat="41.84200500899833" lon="123.42860332491026">
        <ele>0.0</ele>
        <time>2026-08-25T21:38:24Z</time>
        <extensions>
          <gpxtpx:TrackPointExtension>
            <gpxtpx:hr>141</gpxtpx:hr>
          </gpxtpx:TrackPointExtension>
        </extensions>
      </trkpt>
      <trkpt lat="41.84207805239808" lon="123.42863336017268">
        <ele>0.0</ele>
        <time>2026-08-25T21:38:27Z</time>
        <extensions>
          <gpxtpx:TrackPointExtension>
            <gpxtpx:hr>137</gpxtpx:hr>
          </gpxtpx:TrackPointExtension>
        </extensions>
      </trkpt>
      <trkpt lat="41.84215807452174" lon="123.42864837165374">
        <ele>0.0</ele>
        <time>2026-08-25T21:38:30Z</time>
        <extensions>
          <gpxtpx:TrackPointExtension>
            <gpxtpx:hr>135</gpxtpx:hr>
          </gpxtpx:TrackPointExtension>
        </extensions>
      </trkpt>
      <trkpt lat="41.84223307237823" lon="123.42864635797179">
        <ele>0.0</ele>
        <time>2026-08-25T21:38:33Z</time>
        <extensions>
          <gpxtpx:TrackPointExtension>
            <gpxtpx:hr>135</gpxtpx:hr>
          </gpxtpx:TrackPointExtension>
        </extensions>
      </trkpt>
      <trkpt lat="41.84231006883352" lon="123.42864334248434">
        <ele>0.0</ele>
        <time>2026-08-25T21:38:36Z</time>
        <extensions>
          <gpxtpx:TrackPointExtension>
            <gpxtpx:hr>137</gpxtpx:hr>
          </gpxtpx:TrackPointExtension>
        </extensions>
      </trkpt>
      <trkpt lat="41.84238505672596" lon="123.42863431815113">
        <ele>0.0</ele>
        <time>2026-08-25T21:38:39Z</time>
        <extensions>
          <gpxtpx:TrackPointExtension>
            <gpxtpx:hr>142</gpxtpx:hr>
          </gpxtpx:TrackPointExtension>
        </extensions>
      </trkpt>
      <trkpt lat="41.84246104890932" lon="123.42862829824385">
        <ele>0.0</ele>
        <time>2026-08-25T21:38:42Z</time>
        <extensions>
          <gpxtpx:TrackPointExtension>
            <gpxtpx:hr>145</gpxtpx:hr>
          </gpxtpx:TrackPointExtension>
        </extensions>
      </trkpt>
      <trkpt lat="41.8425400325837" lon="123.42861626878943">
        <ele>0.0</ele>
        <time>2026-08-25T21:38:45Z</time>
        <extensions>
          <gpxtpx:TrackPointExtension>
            <gpxtpx:hr>147</gpxtpx:hr>
          </gpxtpx:TrackPointExtension>
        </extensions>
      </trkpt>
      <trkpt lat="41.84261802907225" lon="123.42861325316512">
        <ele>0.0</ele>
        <time>2026-08-25T21:38:48Z</time>
        <extensions>
          <gpxtpx:TrackPointExtension>
            <gpxtpx:hr>148</gpxtpx:hr>
          </gpxtpx:TrackPointExtension>
        </extensions>
      </trkpt>
      <trkpt lat="41.84270001991118" lon="123.42860623089405">
        <ele>0.0</ele>
        <time>2026-08-25T21:38:51Z</time>
        <extensions>
          <gpxtpx:TrackPointExtension>
            <gpxtpx:hr>147</gpxtpx:hr>
          </gpxtpx:TrackPointExtension>
        </extensions>
      </trkpt>
      <trkpt lat="41.84277601354484" lon="123.4286012125158">
        <ele>0.0</ele>
        <time>2026-08-25T21:38:54Z</time>
        <extensions>
          <gpxtpx:TrackPointExtension>
            <gpxtpx:hr>148</gpxtpx:hr>
          </gpxtpx:TrackPointExtension>
        </extensions>
      </trkpt>
      <trkpt lat="41.84285100717439" lon="123.42859619428079">
        <ele>0.0</ele>
        <time>2026-08-25T21:38:57Z</time>
        <extensions>
          <gpxtpx:TrackPointExtension>
            <gpxtpx:hr>147</gpxtpx:hr>
          </gpxtpx:TrackPointExtension>
        </extensions>
      </trkpt>
      <trkpt lat="41.84293000084981" lon="123.42859117547982">
        <ele>0.0</ele>
        <time>2026-08-25T21:39:00Z</time>
        <extensions>
          <gpxtpx:TrackPointExtension>
            <gpxtpx:hr>145</gpxtpx:hr>
          </gpxtpx:TrackPointExtension>
        </extensions>
      </trkpt>
      <trkpt lat="41.843004990223214" lon="123.42858315269173">
        <ele>0.0</ele>
        <time>2026-08-25T21:39:03Z</time>
        <extensions>
          <gpxtpx:TrackPointExtension>
            <gpxtpx:hr>144</gpxtpx:hr>
          </gpxtpx:TrackPointExtension>
        </extensions>
      </trkpt>
      <trkpt lat="41.84307095676238" lon="123.4285591069021">
        <ele>0.0</ele>
        <time>2026-08-25T21:39:06Z</time>
        <extensions>
          <gpxtpx:TrackPointExtension>
            <gpxtpx:hr>142</gpxtpx:hr>
          </gpxtpx:TrackPointExtension>
        </extensions>
      </trkpt>
      <trkpt lat="41.84314795612529" lon="123.42855809446323">
        <ele>0.0</ele>
        <time>2026-08-25T21:39:09Z</time>
        <extensions>
          <gpxtpx:TrackPointExtension>
            <gpxtpx:hr>142</gpxtpx:hr>
          </gpxtpx:TrackPointExtension>
        </extensions>
      </trkpt>
      <trkpt lat="41.84322995412316" lon="123.42855607979814">
        <ele>0.0</ele>
        <time>2026-08-25T21:39:12Z</time>
        <extensions>
          <gpxtpx:TrackPointExtension>
            <gpxtpx:hr>143</gpxtpx:hr>
          </gpxtpx:TrackPointExtension>
        </extensions>
      </trkpt>
      <trkpt lat="41.84330794071601" lon="123.4285460535676">
        <ele>0.0</ele>
        <time>2026-08-25T21:39:15Z</time>
        <extensions>
          <gpxtpx:TrackPointExtension>
            <gpxtpx:hr>143</gpxtpx:hr>
          </gpxtpx:TrackPointExtension>
        </extensions>
      </trkpt>
      <trkpt lat="41.84338492588715" lon="123.42853502596881">
        <ele>0.0</ele>
        <time>2026-08-25T21:39:18Z</time>
        <extensions>
          <gpxtpx:TrackPointExtension>
            <gpxtpx:hr>144</gpxtpx:hr>
          </gpxtpx:TrackPointExtension>
        </extensions>
      </trkpt>
      <trkpt lat="41.84346092099938" lon="123.4285310091261">
        <ele>0.0</ele>
        <time>2026-08-25T21:39:21Z</time>
        <extensions>
          <gpxtpx:TrackPointExtension>
            <gpxtpx:hr>144</gpxtpx:hr>
          </gpxtpx:TrackPointExtension>
        </extensions>
      </trkpt>
      <trkpt lat="41.843539910468245" lon="123.42852298579801">
        <ele>0.0</ele>
        <time>2026-08-25T21:39:24Z</time>
        <extensions>
          <gpxtpx:TrackPointExtension>
            <gpxtpx:hr>143</gpxtpx:hr>
          </gpxtpx:TrackPointExtension>
        </extensions>
      </trkpt>
      <trkpt lat="41.84361590843208" lon="123.42852097198778">
        <ele>0.0</ele>
        <time>2026-08-25T21:39:27Z</time>
        <extensions>
          <gpxtpx:TrackPointExtension>
            <gpxtpx:hr>144</gpxtpx:hr>
          </gpxtpx:TrackPointExtension>
        </extensions>
      </trkpt>
      <trkpt lat="41.84369289789312" lon="123.4285129489479">
        <ele>0.0</ele>
        <time>2026-08-25T21:39:30Z</time>
        <extensions>
          <gpxtpx:TrackPointExtension>
            <gpxtpx:hr>145</gpxtpx:hr>
          </gpxtpx:TrackPointExtension>
        </extensions>
      </trkpt>
      <trkpt lat="41.84377488457701" lon="123.42850292217447">
        <ele>0.0</ele>
        <time>2026-08-25T21:39:33Z</time>
        <extensions>
          <gpxtpx:TrackPointExtension>
            <gpxtpx:hr>144</gpxtpx:hr>
          </gpxtpx:TrackPointExtension>
        </extensions>
      </trkpt>
      <trkpt lat="41.84385087404347" lon="123.42849489928463">
        <ele>0.0</ele>
        <time>2026-08-25T21:39:36Z</time>
        <extensions>
          <gpxtpx:TrackPointExtension>
            <gpxtpx:hr>144</gpxtpx:hr>
          </gpxtpx:TrackPointExtension>
        </extensions>
      </trkpt>
      <trkpt lat="41.8439258606696" lon="123.42848487351444">
        <ele>0.0</ele>
        <time>2026-08-25T21:39:39Z</time>
        <extensions>
          <gpxtpx:TrackPointExtension>
            <gpxtpx:hr>143</gpxtpx:hr>
          </gpxtpx:TrackPointExtension>
        </extensions>
      </trkpt>
      <trkpt lat="41.84399784160012" lon="123.42847084212679">
        <ele>0.0</ele>
        <time>2026-08-25T21:39:42Z</time>
        <extensions>
          <gpxtpx:TrackPointExtension>
            <gpxtpx:hr>143</gpxtpx:hr>
          </gpxtpx:TrackPointExtension>
        </extensions>
      </trkpt>
      <trkpt lat="41.84407582686107" lon="123.42845981443334">
        <ele>0.0</ele>
        <time>2026-08-25T21:39:45Z</time>
        <extensions>
          <gpxtpx:TrackPointExtension>
            <gpxtpx:hr>144</gpxtpx:hr>
          </gpxtpx:TrackPointExtension>
        </extensions>
      </trkpt>
      <trkpt lat="41.84415583199519" lon="123.42846280761994">
        <ele>0.0</ele>
        <time>2026-08-25T21:39:48Z</time>
        <extensions>
          <gpxtpx:TrackPointExtension>
            <gpxtpx:hr>143</gpxtpx:hr>
          </gpxtpx:TrackPointExtension>
        </extensions>
      </trkpt>
      <trkpt lat="41.84423282859659" lon="123.42845979216293">
        <ele>0.0</ele>
        <time>2026-08-25T21:39:51Z</time>
        <extensions>
          <gpxtpx:TrackPointExtension>
            <gpxtpx:hr>141</gpxtpx:hr>
          </gpxtpx:TrackPointExtension>
        </extensions>
      </trkpt>
      <trkpt lat="41.844317830962105" lon="123.42846078161709">
        <ele>0.0</ele>
        <time>2026-08-25T21:39:54Z</time>
        <extensions>
          <gpxtpx:TrackPointExtension>
            <gpxtpx:hr>143</gpxtpx:hr>
          </gpxtpx:TrackPointExtension>
        </extensions>
      </trkpt>
      <trkpt lat="41.8443958204994" lon="123.42845275846261">
        <ele>0.0</ele>
        <time>2026-08-25T21:39:57Z</time>
        <extensions>
          <gpxtpx:TrackPointExtension>
            <gpxtpx:hr>142</gpxtpx:hr>
          </gpxtpx:TrackPointExtension>
        </extensions>
      </trkpt>
      <trkpt lat="41.84447981436278" lon="123.42844773899263">
        <ele>0.0</ele>
        <time>2026-08-25T21:40:00Z</time>
        <extensions>
          <gpxtpx:TrackPointExtension>
            <gpxtpx:hr>142</gpxtpx:hr>
          </gpxtpx:TrackPointExtension>
        </extensions>
      </trkpt>
      <trkpt lat="41.84455080100222" lon="123.42843771381658">
        <ele>0.0</ele>
        <time>2026-08-25T21:40:03Z</time>
        <extensions>
          <gpxtpx:TrackPointExtension>
            <gpxtpx:hr>141</gpxtpx:hr>
          </gpxtpx:TrackPointExtension>
        </extensions>
      </trkpt>
      <trkpt lat="41.84463079483372" lon="123.42843269491823">
        <ele>0.0</ele>
        <time>2026-08-25T21:40:06Z</time>
        <extensions>
          <gpxtpx:TrackPointExtension>
            <gpxtpx:hr>140</gpxtpx:hr>
          </gpxtpx:TrackPointExtension>
        </extensions>
      </trkpt>
      <trkpt lat="41.844712798607816" lon="123.4284346863061">
        <ele>0.0</ele>
        <time>2026-08-25T21:40:09Z</time>
        <extensions>
          <gpxtpx:TrackPointExtension>
            <gpxtpx:hr>140</gpxtpx:hr>
          </gpxtpx:TrackPointExtension>
        </extensions>
      </trkpt>
      <trkpt lat="41.844792789618516" lon="123.42842766438923">
        <ele>0.0</ele>
        <time>2026-08-25T21:40:12Z</time>
        <extensions>
          <gpxtpx:TrackPointExtension>
            <gpxtpx:hr>141</gpxtpx:hr>
          </gpxtpx:TrackPointExtension>
        </extensions>
      </trkpt>
      <trkpt lat="41.844869787680814" lon="123.42842565044734">
        <ele>0.0</ele>
        <time>2026-08-25T21:40:15Z</time>
        <extensions>
          <gpxtpx:TrackPointExtension>
            <gpxtpx:hr>142</gpxtpx:hr>
          </gpxtpx:TrackPointExtension>
        </extensions>
      </trkpt>
      <trkpt lat="41.844944768737484" lon="123.42841161868121">
        <ele>0.0</ele>
        <time>2026-08-25T21:40:18Z</time>
        <extensions>
          <gpxtpx:TrackPointExtension>
            <gpxtpx:hr>142</gpxtpx:hr>
          </gpxtpx:TrackPointExtension>
        </extensions>
      </trkpt>
      <trkpt lat="41.84502575553708" lon="123.42840159210711">
        <ele>0.0</ele>
        <time>2026-08-25T21:40:21Z</time>
        <extensions>
          <gpxtpx:TrackPointExtension>
            <gpxtpx:hr>143</gpxtpx:hr>
          </gpxtpx:TrackPointExtension>
        </extensions>
      </trkpt>
      <trkpt lat="41.84509772526867" lon="123.42837954872954">
        <ele>0.0</ele>
        <time>2026-08-25T21:40:24Z</time>
        <extensions>
          <gpxtpx:TrackPointExtension>
            <gpxtpx:hr>144</gpxtpx:hr>
          </gpxtpx:TrackPointExtension>
        </extensions>
      </trkpt>
      <trkpt lat="41.84516469355244" lon="123.42835650458375">
        <ele>0.0</ele>
        <time>2026-08-25T21:40:27Z</time>
        <extensions>
          <gpxtpx:TrackPointExtension>
            <gpxtpx:hr>141</gpxtpx:hr>
          </gpxtpx:TrackPointExtension>
        </extensions>
      </trkpt>
      <trkpt lat="41.845227625115" lon="123.42830742194785">
        <ele>0.0</ele>
        <time>2026-08-25T21:40:30Z</time>
        <extensions>
          <gpxtpx:TrackPointExtension>
            <gpxtpx:hr>142</gpxtpx:hr>
          </gpxtpx:TrackPointExtension>
        </extensions>
      </trkpt>
      <trkpt lat="41.84529455401238" lon="123.42825633588429">
        <ele>0.0</ele>
        <time>2026-08-25T21:40:33Z</time>
        <extensions>
          <gpxtpx:TrackPointExtension>
            <gpxtpx:hr>142</gpxtpx:hr>
          </gpxtpx:TrackPointExtension>
        </extensions>
      </trkpt>
      <trkpt lat="41.845337441958684" lon="123.42817620999605">
        <ele>0.0</ele>
        <time>2026-08-25T21:40:36Z</time>
        <extensions>
          <gpxtpx:TrackPointExtension>
            <gpxtpx:hr>142</gpxtpx:hr>
          </gpxtpx:TrackPointExtension>
        </extensions>
      </trkpt>
      <trkpt lat="41.845341298871524" lon="123.428074057238">
        <ele>0.0</ele>
        <time>2026-08-25T21:40:39Z</time>
        <extensions>
          <gpxtpx:TrackPointExtension>
            <gpxtpx:hr>142</gpxtpx:hr>
          </gpxtpx:TrackPointExtension>
        </extensions>
      </trkpt>
      <trkpt lat="41.84533415748837" lon="123.42797290812862">
        <ele>0.0</ele>
        <time>2026-08-25T21:40:42Z</time>
        <extensions>
          <gpxtpx:TrackPointExtension>
            <gpxtpx:hr>142</gpxtpx:hr>
          </gpxtpx:TrackPointExtension>
        </extensions>
      </trkpt>
      <trkpt lat="41.84532300674127" lon="123.42786474984028">
        <ele>0.0</ele>
        <time>2026-08-25T21:40:45Z</time>
        <extensions>
          <gpxtpx:TrackPointExtension>
            <gpxtpx:hr>141</gpxtpx:hr>
          </gpxtpx:TrackPointExtension>
        </extensions>
      </trkpt>
      <trkpt lat="41.84531486068712" lon="123.42775959621771">
        <ele>0.0</ele>
        <time>2026-08-25T21:40:48Z</time>
        <extensions>
          <gpxtpx:TrackPointExtension>
            <gpxtpx:hr>139</gpxtpx:hr>
          </gpxtpx:TrackPointExtension>
        </extensions>
      </trkpt>
      <trkpt lat="41.84531271655524" lon="123.42765544385104">
        <ele>0.0</ele>
        <time>2026-08-25T21:40:51Z</time>
        <extensions>
          <gpxtpx:TrackPointExtension>
            <gpxtpx:hr>138</gpxtpx:hr>
          </gpxtpx:TrackPointExtension>
        </extensions>
      </trkpt>
      <trkpt lat="41.845310581156596" lon="123.4275573008682">
        <ele>0.0</ele>
        <time>2026-08-25T21:40:54Z</time>
        <extensions>
          <gpxtpx:TrackPointExtension>
            <gpxtpx:hr>139</gpxtpx:hr>
          </gpxtpx:TrackPointExtension>
        </extensions>
      </trkpt>
      <trkpt lat="41.845309442051864" lon="123.42745615394408">
        <ele>0.0</ele>
        <time>2026-08-25T21:40:57Z</time>
        <extensions>
          <gpxtpx:TrackPointExtension>
            <gpxtpx:hr>143</gpxtpx:hr>
          </gpxtpx:TrackPointExtension>
        </extensions>
      </trkpt>
      <trkpt lat="41.8453012950722" lon="123.42734899992617">
        <ele>0.0</ele>
        <time>2026-08-25T21:41:00Z</time>
        <extensions>
          <gpxtpx:TrackPointExtension>
            <gpxtpx:hr>143</gpxtpx:hr>
          </gpxtpx:TrackPointExtension>
        </extensions>
      </trkpt>
      <trkpt lat="41.845292163594394" lon="123.4272528625697">
        <ele>0.0</ele>
        <time>2026-08-25T21:41:03Z</time>
        <extensions>
          <gpxtpx:TrackPointExtension>
            <gpxtpx:hr>145</gpxtpx:hr>
          </gpxtpx:TrackPointExtension>
        </extensions>
      </trkpt>
      <trkpt lat="41.845288006691696" lon="123.4271376977752">
        <ele>0.0</ele>
        <time>2026-08-25T21:41:06Z</time>
        <extensions>
          <gpxtpx:TrackPointExtension>
            <gpxtpx:hr>143</gpxtpx:hr>
          </gpxtpx:TrackPointExtension>
        </extensions>
      </trkpt>
      <trkpt lat="41.84528085438526" lon="123.42702553846375">
        <ele>0.0</ele>
        <time>2026-08-25T21:41:09Z</time>
        <extensions>
          <gpxtpx:TrackPointExtension>
            <gpxtpx:hr>142</gpxtpx:hr>
          </gpxtpx:TrackPointExtension>
        </extensions>
      </trkpt>
      <trkpt lat="41.84528570140435" lon="123.42691237676252">
        <ele>0.0</ele>
        <time>2026-08-25T21:41:12Z</time>
        <extensions>
          <gpxtpx:TrackPointExtension>
            <gpxtpx:hr>143</gpxtpx:hr>
          </gpxtpx:TrackPointExtension>
        </extensions>
      </trkpt>
      <trkpt lat="41.845282546176925" lon="123.42679721411493">
        <ele>0.0</ele>
        <time>2026-08-25T21:41:15Z</time>
        <extensions>
          <gpxtpx:TrackPointExtension>
            <gpxtpx:hr>142</gpxtpx:hr>
          </gpxtpx:TrackPointExtension>
        </extensions>
      </trkpt>
      <trkpt lat="41.84528740503236" lon="123.42669206518953">
        <ele>0.0</ele>
        <time>2026-08-25T21:41:18Z</time>
        <extensions>
          <gpxtpx:TrackPointExtension>
            <gpxtpx:hr>142</gpxtpx:hr>
          </gpxtpx:TrackPointExtension>
        </extensions>
      </trkpt>
      <trkpt lat="41.84528925763189" lon="123.4265819103255">
        <ele>0.0</ele>
        <time>2026-08-25T21:41:21Z</time>
        <extensions>
          <gpxtpx:TrackPointExtension>
            <gpxtpx:hr>144</gpxtpx:hr>
          </gpxtpx:TrackPointExtension>
        </extensions>
      </trkpt>
      <trkpt lat="41.84528711336606" lon="123.42647375953058">
        <ele>0.0</ele>
        <time>2026-08-25T21:41:24Z</time>
        <extensions>
          <gpxtpx:TrackPointExtension>
            <gpxtpx:hr>145</gpxtpx:hr>
          </gpxtpx:TrackPointExtension>
        </extensions>
      </trkpt>
      <trkpt lat="41.84528396427185" lon="123.42636160400568">
        <ele>0.0</ele>
        <time>2026-08-25T21:41:27Z</time>
        <extensions>
          <gpxtpx:TrackPointExtension>
            <gpxtpx:hr>145</gpxtpx:hr>
          </gpxtpx:TrackPointExtension>
        </extensions>
      </trkpt>
      <trkpt lat="41.845277826268486" lon="123.42625746070597">
        <ele>0.0</ele>
        <time>2026-08-25T21:41:30Z</time>
        <extensions>
          <gpxtpx:TrackPointExtension>
            <gpxtpx:hr>144</gpxtpx:hr>
          </gpxtpx:TrackPointExtension>
        </extensions>
      </trkpt>
      <trkpt lat="41.84527568481681" lon="123.42615031334432">
        <ele>0.0</ele>
        <time>2026-08-25T21:41:33Z</time>
        <extensions>
          <gpxtpx:TrackPointExtension>
            <gpxtpx:hr>143</gpxtpx:hr>
          </gpxtpx:TrackPointExtension>
        </extensions>
      </trkpt>
      <trkpt lat="41.84528754402269" lon="123.42604316466972">
        <ele>0.0</ele>
        <time>2026-08-25T21:41:36Z</time>
        <extensions>
          <gpxtpx:TrackPointExtension>
            <gpxtpx:hr>144</gpxtpx:hr>
          </gpxtpx:TrackPointExtension>
        </extensions>
      </trkpt>
      <trkpt lat="41.84531040254053" lon="123.42593501374411">
        <ele>0.0</ele>
        <time>2026-08-25T21:41:39Z</time>
        <extensions>
          <gpxtpx:TrackPointExtension>
            <gpxtpx:hr>144</gpxtpx:hr>
          </gpxtpx:TrackPointExtension>
        </extensions>
      </trkpt>
      <trkpt lat="41.8453452812922" lon="123.42584188217474">
        <ele>0.0</ele>
        <time>2026-08-25T21:41:42Z</time>
        <extensions>
          <gpxtpx:TrackPointExtension>
            <gpxtpx:hr>145</gpxtpx:hr>
          </gpxtpx:TrackPointExtension>
        </extensions>
      </trkpt>
      <trkpt lat="41.84538916833873" lon="123.42575475795749">
        <ele>0.0</ele>
        <time>2026-08-25T21:41:45Z</time>
        <extensions>
          <gpxtpx:TrackPointExtension>
            <gpxtpx:hr>144</gpxtpx:hr>
          </gpxtpx:TrackPointExtension>
        </extensions>
      </trkpt>
      <trkpt lat="41.84543505833333" lon="123.42566963659944">
        <ele>0.0</ele>
        <time>2026-08-25T21:41:48Z</time>
        <extensions>
          <gpxtpx:TrackPointExtension>
            <gpxtpx:hr>143</gpxtpx:hr>
          </gpxtpx:TrackPointExtension>
        </extensions>
      </trkpt>
      <trkpt lat="41.84549096301164" lon="123.42559552902956">
        <ele>0.0</ele>
        <time>2026-08-25T21:41:51Z</time>
        <extensions>
          <gpxtpx:TrackPointExtension>
            <gpxtpx:hr>145</gpxtpx:hr>
          </gpxtpx:TrackPointExtension>
        </extensions>
      </trkpt>
      <trkpt lat="41.845546861465316" lon="123.42551641508503">
        <ele>0.0</ele>
        <time>2026-08-25T21:41:54Z</time>
        <extensions>
          <gpxtpx:TrackPointExtension>
            <gpxtpx:hr>145</gpxtpx:hr>
          </gpxtpx:TrackPointExtension>
        </extensions>
      </trkpt>
      <trkpt lat="41.84560677828804" lon="123.42545131963332">
        <ele>0.0</ele>
        <time>2026-08-25T21:41:57Z</time>
        <extensions>
          <gpxtpx:TrackPointExtension>
            <gpxtpx:hr>145</gpxtpx:hr>
          </gpxtpx:TrackPointExtension>
        </extensions>
      </trkpt>
      <trkpt lat="41.84566168751388" lon="123.42538021715143">
        <ele>0.0</ele>
        <time>2026-08-25T21:42:00Z</time>
        <extensions>
          <gpxtpx:TrackPointExtension>
            <gpxtpx:hr>145</gpxtpx:hr>
          </gpxtpx:TrackPointExtension>
        </extensions>
      </trkpt>
      <trkpt lat="41.845716598242305" lon="123.42531011629451">
        <ele>0.0</ele>
        <time>2026-08-25T21:42:03Z</time>
        <extensions>
          <gpxtpx:TrackPointExtension>
            <gpxtpx:hr>145</gpxtpx:hr>
          </gpxtpx:TrackPointExtension>
        </extensions>
      </trkpt>
      <trkpt lat="41.84576049240493" lon="123.42522700009319">
        <ele>0.0</ele>
        <time>2026-08-25T21:42:06Z</time>
        <extensions>
          <gpxtpx:TrackPointExtension>
            <gpxtpx:hr>144</gpxtpx:hr>
          </gpxtpx:TrackPointExtension>
        </extensions>
      </trkpt>
      <trkpt lat="41.84579737274122" lon="123.42513287080477">
        <ele>0.0</ele>
        <time>2026-08-25T21:42:09Z</time>
        <extensions>
          <gpxtpx:TrackPointExtension>
            <gpxtpx:hr>145</gpxtpx:hr>
          </gpxtpx:TrackPointExtension>
        </extensions>
      </trkpt>
      <trkpt lat="41.845777243848886" lon="123.42503174095239">
        <ele>0.0</ele>
        <time>2026-08-25T21:42:12Z</time>
        <extensions>
          <gpxtpx:TrackPointExtension>
            <gpxtpx:hr>144</gpxtpx:hr>
          </gpxtpx:TrackPointExtension>
        </extensions>
      </trkpt>
      <trkpt lat="41.84572414541258" lon="123.4249546477202">
        <ele>0.0</ele>
        <time>2026-08-25T21:42:15Z</time>
        <extensions>
          <gpxtpx:TrackPointExtension>
            <gpxtpx:hr>144</gpxtpx:hr>
          </gpxtpx:TrackPointExtension>
        </extensions>
      </trkpt>
      <trkpt lat="41.84559197297213" lon="123.42481949065593">
        <ele>0.0</ele>
        <time>2026-08-25T21:42:21Z</time>
        <extensions>
          <gpxtpx:TrackPointExtension>
            <gpxtpx:hr>157</gpxtpx:hr>
          </gpxtpx:TrackPointExtension>
        </extensions>
      </trkpt>
      <trkpt lat="41.845531896572375" lon="123.42475942138584">
        <ele>0.0</ele>
        <time>2026-08-25T21:42:24Z</time>
        <extensions>
          <gpxtpx:TrackPointExtension>
            <gpxtpx:hr>160</gpxtpx:hr>
          </gpxtpx:TrackPointExtension>
        </extensions>
      </trkpt>
      <trkpt lat="41.845469825335755" lon="123.4247033577781">
        <ele>0.0</ele>
        <time>2026-08-25T21:42:27Z</time>
        <extensions>
          <gpxtpx:TrackPointExtension>
            <gpxtpx:hr>165</gpxtpx:hr>
          </gpxtpx:TrackPointExtension>
        </extensions>
      </trkpt>
      <trkpt lat="41.8453997466117" lon="123.42464128776503">
        <ele>0.0</ele>
        <time>2026-08-25T21:42:30Z</time>
        <extensions>
          <gpxtpx:TrackPointExtension>
            <gpxtpx:hr>167</gpxtpx:hr>
          </gpxtpx:TrackPointExtension>
        </extensions>
      </trkpt>
      <trkpt lat="41.84534065191699" lon="123.42456619973228">
        <ele>0.0</ele>
        <time>2026-08-25T21:42:33Z</time>
        <extensions>
          <gpxtpx:TrackPointExtension>
            <gpxtpx:hr>176</gpxtpx:hr>
          </gpxtpx:TrackPointExtension>
        </extensions>
      </trkpt>
      <trkpt lat="41.845278563673745" lon="123.42449611885394">
        <ele>0.0</ele>
        <time>2026-08-25T21:42:36Z</time>
        <extensions>
          <gpxtpx:TrackPointExtension>
            <gpxtpx:hr>173</gpxtpx:hr>
          </gpxtpx:TrackPointExtension>
        </extensions>
      </trkpt>
      <trkpt lat="41.845211475585565" lon="123.42442603897646">
        <ele>0.0</ele>
        <time>2026-08-25T21:42:39Z</time>
        <extensions>
          <gpxtpx:TrackPointExtension>
            <gpxtpx:hr>172</gpxtpx:hr>
          </gpxtpx:TrackPointExtension>
        </extensions>
      </trkpt>
      <trkpt lat="41.8451533878197" lon="123.4243559581128">
        <ele>0.0</ele>
        <time>2026-08-25T21:42:42Z</time>
        <extensions>
          <gpxtpx:TrackPointExtension>
            <gpxtpx:hr>176</gpxtpx:hr>
          </gpxtpx:TrackPointExtension>
        </extensions>
      </trkpt>
      <trkpt lat="41.84509330272355" lon="123.42428788035764">
        <ele>0.0</ele>
        <time>2026-08-25T21:42:45Z</time>
        <extensions>
          <gpxtpx:TrackPointExtension>
            <gpxtpx:hr>179</gpxtpx:hr>
          </gpxtpx:TrackPointExtension>
        </extensions>
      </trkpt>
      <trkpt lat="41.845040212967" lon="123.42421579683389">
        <ele>0.0</ele>
        <time>2026-08-25T21:42:48Z</time>
        <extensions>
          <gpxtpx:TrackPointExtension>
            <gpxtpx:hr>181</gpxtpx:hr>
          </gpxtpx:TrackPointExtension>
        </extensions>
      </trkpt>
      <trkpt lat="41.8449851271134" lon="123.4241467176771">
        <ele>0.0</ele>
        <time>2026-08-25T21:42:51Z</time>
        <extensions>
          <gpxtpx:TrackPointExtension>
            <gpxtpx:hr>181</gpxtpx:hr>
          </gpxtpx:TrackPointExtension>
        </extensions>
      </trkpt>
      <trkpt lat="41.84492303400477" lon="123.42407163227331">
        <ele>0.0</ele>
        <time>2026-08-25T21:42:54Z</time>
        <extensions>
          <gpxtpx:TrackPointExtension>
            <gpxtpx:hr>179</gpxtpx:hr>
          </gpxtpx:TrackPointExtension>
        </extensions>
      </trkpt>
      <trkpt lat="41.84486295098254" lon="123.42400455691737">
        <ele>0.0</ele>
        <time>2026-08-25T21:42:57Z</time>
        <extensions>
          <gpxtpx:TrackPointExtension>
            <gpxtpx:hr>180</gpxtpx:hr>
          </gpxtpx:TrackPointExtension>
        </extensions>
      </trkpt>
      <trkpt lat="41.844801864473226" lon="123.42393447823353">
        <ele>0.0</ele>
        <time>2026-08-25T21:43:00Z</time>
        <extensions>
          <gpxtpx:TrackPointExtension>
            <gpxtpx:hr>182</gpxtpx:hr>
          </gpxtpx:TrackPointExtension>
        </extensions>
      </trkpt>
      <trkpt lat="41.844743784320244" lon="123.42386940562409">
        <ele>0.0</ele>
        <time>2026-08-25T21:43:03Z</time>
        <extensions>
          <gpxtpx:TrackPointExtension>
            <gpxtpx:hr>181</gpxtpx:hr>
          </gpxtpx:TrackPointExtension>
        </extensions>
      </trkpt>
      <trkpt lat="41.84468171283813" lon="123.42381134250117">
        <ele>0.0</ele>
        <time>2026-08-25T21:43:06Z</time>
        <extensions>
          <gpxtpx:TrackPointExtension>
            <gpxtpx:hr>180</gpxtpx:hr>
          </gpxtpx:TrackPointExtension>
        </extensions>
      </trkpt>
      <trkpt lat="41.84462163301443" lon="123.4237462706523">
        <ele>0.0</ele>
        <time>2026-08-25T21:43:09Z</time>
        <extensions>
          <gpxtpx:TrackPointExtension>
            <gpxtpx:hr>178</gpxtpx:hr>
          </gpxtpx:TrackPointExtension>
        </extensions>
      </trkpt>
      <trkpt lat="41.84456154731123" lon="123.42367619290332">
        <ele>0.0</ele>
        <time>2026-08-25T21:43:12Z</time>
        <extensions>
          <gpxtpx:TrackPointExtension>
            <gpxtpx:hr>182</gpxtpx:hr>
          </gpxtpx:TrackPointExtension>
        </extensions>
      </trkpt>
      <trkpt lat="41.844498471470715" lon="123.4236141256833">
        <ele>0.0</ele>
        <time>2026-08-25T21:43:15Z</time>
        <extensions>
          <gpxtpx:TrackPointExtension>
            <gpxtpx:hr>181</gpxtpx:hr>
          </gpxtpx:TrackPointExtension>
        </extensions>
      </trkpt>
      <trkpt lat="41.84444038619701" lon="123.42354404820183">
        <ele>0.0</ele>
        <time>2026-08-25T21:43:18Z</time>
        <extensions>
          <gpxtpx:TrackPointExtension>
            <gpxtpx:hr>183</gpxtpx:hr>
          </gpxtpx:TrackPointExtension>
        </extensions>
      </trkpt>
      <trkpt lat="41.844378305911086" lon="123.42347797645414">
        <ele>0.0</ele>
        <time>2026-08-25T21:43:21Z</time>
        <extensions>
          <gpxtpx:TrackPointExtension>
            <gpxtpx:hr>185</gpxtpx:hr>
          </gpxtpx:TrackPointExtension>
        </extensions>
      </trkpt>
      <trkpt lat="41.844318224638315" lon="123.42341090346822">
        <ele>0.0</ele>
        <time>2026-08-25T21:43:24Z</time>
        <extensions>
          <gpxtpx:TrackPointExtension>
            <gpxtpx:hr>182</gpxtpx:hr>
          </gpxtpx:TrackPointExtension>
        </extensions>
      </trkpt>
      <trkpt lat="41.84426314361923" lon="123.42334383004078">
        <ele>0.0</ele>
        <time>2026-08-25T21:43:27Z</time>
        <extensions>
          <gpxtpx:TrackPointExtension>
            <gpxtpx:hr>179</gpxtpx:hr>
          </gpxtpx:TrackPointExtension>
        </extensions>
      </trkpt>
      <trkpt lat="41.84421006760302" lon="123.423280761424">
        <ele>0.0</ele>
        <time>2026-08-25T21:43:30Z</time>
        <extensions>
          <gpxtpx:TrackPointExtension>
            <gpxtpx:hr>178</gpxtpx:hr>
          </gpxtpx:TrackPointExtension>
        </extensions>
      </trkpt>
      <trkpt lat="41.84415198335543" lon="123.42321068533526">
        <ele>0.0</ele>
        <time>2026-08-25T21:43:33Z</time>
        <extensions>
          <gpxtpx:TrackPointExtension>
            <gpxtpx:hr>176</gpxtpx:hr>
          </gpxtpx:TrackPointExtension>
        </extensions>
      </trkpt>
      <trkpt lat="41.84409491123466" lon="123.42315062138381">
        <ele>0.0</ele>
        <time>2026-08-25T21:43:36Z</time>
        <extensions>
          <gpxtpx:TrackPointExtension>
            <gpxtpx:hr>176</gpxtpx:hr>
          </gpxtpx:TrackPointExtension>
        </extensions>
      </trkpt>
      <trkpt lat="41.84403282615722" lon="123.42307954521252">
        <ele>0.0</ele>
        <time>2026-08-25T21:43:39Z</time>
        <extensions>
          <gpxtpx:TrackPointExtension>
            <gpxtpx:hr>177</gpxtpx:hr>
          </gpxtpx:TrackPointExtension>
        </extensions>
      </trkpt>
      <trkpt lat="41.843972743692234" lon="123.42301047143992">
        <ele>0.0</ele>
        <time>2026-08-25T21:43:42Z</time>
        <extensions>
          <gpxtpx:TrackPointExtension>
            <gpxtpx:hr>179</gpxtpx:hr>
          </gpxtpx:TrackPointExtension>
        </extensions>
      </trkpt>
      <trkpt lat="41.843912662618564" lon="123.42294239913879">
        <ele>0.0</ele>
        <time>2026-08-25T21:43:45Z</time>
        <extensions>
          <gpxtpx:TrackPointExtension>
            <gpxtpx:hr>178</gpxtpx:hr>
          </gpxtpx:TrackPointExtension>
        </extensions>
      </trkpt>
      <trkpt lat="41.84385458294901" lon="123.42287532801306">
        <ele>0.0</ele>
        <time>2026-08-25T21:43:48Z</time>
        <extensions>
          <gpxtpx:TrackPointExtension>
            <gpxtpx:hr>177</gpxtpx:hr>
          </gpxtpx:TrackPointExtension>
        </extensions>
      </trkpt>
      <trkpt lat="41.84379850820095" lon="123.42281226158659">
        <ele>0.0</ele>
        <time>2026-08-25T21:43:51Z</time>
        <extensions>
          <gpxtpx:TrackPointExtension>
            <gpxtpx:hr>175</gpxtpx:hr>
          </gpxtpx:TrackPointExtension>
        </extensions>
      </trkpt>
      <trkpt lat="41.843738441795885" lon="123.42275620419163">
        <ele>0.0</ele>
        <time>2026-08-25T21:43:54Z</time>
        <extensions>
          <gpxtpx:TrackPointExtension>
            <gpxtpx:hr>174</gpxtpx:hr>
          </gpxtpx:TrackPointExtension>
        </extensions>
      </trkpt>
      <trkpt lat="41.84368336622017" lon="123.42269213690095">
        <ele>0.0</ele>
        <time>2026-08-25T21:43:57Z</time>
        <extensions>
          <gpxtpx:TrackPointExtension>
            <gpxtpx:hr>172</gpxtpx:hr>
          </gpxtpx:TrackPointExtension>
        </extensions>
      </trkpt>
      <trkpt lat="41.84362328026667" lon="123.42261906005913">
        <ele>0.0</ele>
        <time>2026-08-25T21:44:00Z</time>
        <extensions>
          <gpxtpx:TrackPointExtension>
            <gpxtpx:hr>169</gpxtpx:hr>
          </gpxtpx:TrackPointExtension>
        </extensions>
      </trkpt>
      <trkpt lat="41.843569201596246" lon="123.42255198966265">
        <ele>0.0</ele>
        <time>2026-08-25T21:44:03Z</time>
        <extensions>
          <gpxtpx:TrackPointExtension>
            <gpxtpx:hr>166</gpxtpx:hr>
          </gpxtpx:TrackPointExtension>
        </extensions>
      </trkpt>
      <trkpt lat="41.84346005990154" lon="123.42243086484049">
        <ele>0.0</ele>
        <time>2026-08-25T21:44:09Z</time>
        <extensions>
          <gpxtpx:TrackPointExtension>
            <gpxtpx:hr>154</gpxtpx:hr>
          </gpxtpx:TrackPointExtension>
        </extensions>
      </trkpt>
      <trkpt lat="41.84342296232037" lon="123.42234677321419">
        <ele>0.0</ele>
        <time>2026-08-25T21:44:12Z</time>
        <extensions>
          <gpxtpx:TrackPointExtension>
            <gpxtpx:hr>146</gpxtpx:hr>
          </gpxtpx:TrackPointExtension>
        </extensions>
      </trkpt>
      <trkpt lat="41.84340785376458" lon="123.42225266743368">
        <ele>0.0</ele>
        <time>2026-08-25T21:44:15Z</time>
        <extensions>
          <gpxtpx:TrackPointExtension>
            <gpxtpx:hr>141</gpxtpx:hr>
          </gpxtpx:TrackPointExtension>
        </extensions>
      </trkpt>
      <trkpt lat="41.84338773980814" lon="123.42215355719682">
        <ele>0.0</ele>
        <time>2026-08-25T21:44:18Z</time>
        <extensions>
          <gpxtpx:TrackPointExtension>
            <gpxtpx:hr>143</gpxtpx:hr>
          </gpxtpx:TrackPointExtension>
        </extensions>
      </trkpt>
      <trkpt lat="41.84334665578089" lon="123.42208048001527">
        <ele>0.0</ele>
        <time>2026-08-25T21:44:21Z</time>
        <extensions>
          <gpxtpx:TrackPointExtension>
            <gpxtpx:hr>143</gpxtpx:hr>
          </gpxtpx:TrackPointExtension>
        </extensions>
      </trkpt>
      <trkpt lat="41.84328460371944" lon="123.42203543781113">
        <ele>0.0</ele>
        <time>2026-08-25T21:44:24Z</time>
        <extensions>
          <gpxtpx:TrackPointExtension>
            <gpxtpx:hr>143</gpxtpx:hr>
          </gpxtpx:TrackPointExtension>
        </extensions>
      </trkpt>
      <trkpt lat="41.84321461213173" lon="123.42204345680781">
        <ele>0.0</ele>
        <time>2026-08-25T21:44:27Z</time>
        <extensions>
          <gpxtpx:TrackPointExtension>
            <gpxtpx:hr>142</gpxtpx:hr>
          </gpxtpx:TrackPointExtension>
        </extensions>
      </trkpt>
      <trkpt lat="41.843141625089935" lon="123.42205548076696">
        <ele>0.0</ele>
        <time>2026-08-25T21:44:30Z</time>
        <extensions>
          <gpxtpx:TrackPointExtension>
            <gpxtpx:hr>141</gpxtpx:hr>
          </gpxtpx:TrackPointExtension>
        </extensions>
      </trkpt>
      <trkpt lat="41.84307263581355" lon="123.42206550189889">
        <ele>0.0</ele>
        <time>2026-08-25T21:44:33Z</time>
        <extensions>
          <gpxtpx:TrackPointExtension>
            <gpxtpx:hr>139</gpxtpx:hr>
          </gpxtpx:TrackPointExtension>
        </extensions>
      </trkpt>
      <trkpt lat="41.84300264653537" lon="123.42207552317872">
        <ele>0.0</ele>
        <time>2026-08-25T21:44:36Z</time>
        <extensions>
          <gpxtpx:TrackPointExtension>
            <gpxtpx:hr>138</gpxtpx:hr>
          </gpxtpx:TrackPointExtension>
        </extensions>
      </trkpt>
      <trkpt lat="41.84293664243973" lon="123.42207252914521">
        <ele>0.0</ele>
        <time>2026-08-25T21:44:39Z</time>
        <extensions>
          <gpxtpx:TrackPointExtension>
            <gpxtpx:hr>135</gpxtpx:hr>
          </gpxtpx:TrackPointExtension>
        </extensions>
      </trkpt>
      <trkpt lat="41.842866654316246" lon="123.42208355156414">
        <ele>0.0</ele>
        <time>2026-08-25T21:44:42Z</time>
        <extensions>
          <gpxtpx:TrackPointExtension>
            <gpxtpx:hr>135</gpxtpx:hr>
          </gpxtpx:TrackPointExtension>
        </extensions>
      </trkpt>
      <trkpt lat="41.842792661585825" lon="123.422090570016">
        <ele>0.0</ele>
        <time>2026-08-25T21:44:45Z</time>
        <extensions>
          <gpxtpx:TrackPointExtension>
            <gpxtpx:hr>135</gpxtpx:hr>
          </gpxtpx:TrackPointExtension>
        </extensions>
      </trkpt>
      <trkpt lat="41.84271966658334" lon="123.42209558605724">
        <ele>0.0</ele>
        <time>2026-08-25T21:44:48Z</time>
        <extensions>
          <gpxtpx:TrackPointExtension>
            <gpxtpx:hr>136</gpxtpx:hr>
          </gpxtpx:TrackPointExtension>
        </extensions>
      </trkpt>
      <trkpt lat="41.84265662251203" lon="123.42205755188725">
        <ele>0.0</ele>
        <time>2026-08-25T21:44:51Z</time>
        <extensions>
          <gpxtpx:TrackPointExtension>
            <gpxtpx:hr>136</gpxtpx:hr>
          </gpxtpx:TrackPointExtension>
        </extensions>
      </trkpt>
      <trkpt lat="41.84259956031623" lon="123.42200349886168">
        <ele>0.0</ele>
        <time>2026-08-25T21:44:54Z</time>
        <extensions>
          <gpxtpx:TrackPointExtension>
            <gpxtpx:hr>137</gpxtpx:hr>
          </gpxtpx:TrackPointExtension>
        </extensions>
      </trkpt>
      <trkpt lat="41.84253455626188" lon="123.42200050469911">
        <ele>0.0</ele>
        <time>2026-08-25T21:44:57Z</time>
        <extensions>
          <gpxtpx:TrackPointExtension>
            <gpxtpx:hr>138</gpxtpx:hr>
          </gpxtpx:TrackPointExtension>
        </extensions>
      </trkpt>
      <trkpt lat="41.84245455890721" lon="123.42200351944655">
        <ele>0.0</ele>
        <time>2026-08-25T21:45:00Z</time>
        <extensions>
          <gpxtpx:TrackPointExtension>
            <gpxtpx:hr>138</gpxtpx:hr>
          </gpxtpx:TrackPointExtension>
        </extensions>
      </trkpt>
      <trkpt lat="41.84237257750866" lon="123.42202055030933">
        <ele>0.0</ele>
        <time>2026-08-25T21:45:03Z</time>
        <extensions>
          <gpxtpx:TrackPointExtension>
            <gpxtpx:hr>137</gpxtpx:hr>
          </gpxtpx:TrackPointExtension>
        </extensions>
      </trkpt>
      <trkpt lat="41.84229659161891" lon="123.4220335758092">
        <ele>0.0</ele>
        <time>2026-08-25T21:45:06Z</time>
        <extensions>
          <gpxtpx:TrackPointExtension>
            <gpxtpx:hr>136</gpxtpx:hr>
          </gpxtpx:TrackPointExtension>
        </extensions>
      </trkpt>
      <trkpt lat="41.842222613756256" lon="123.42205360896605">
        <ele>0.0</ele>
        <time>2026-08-25T21:45:09Z</time>
        <extensions>
          <gpxtpx:TrackPointExtension>
            <gpxtpx:hr>137</gpxtpx:hr>
          </gpxtpx:TrackPointExtension>
        </extensions>
      </trkpt>
      <trkpt lat="41.842147630190254" lon="123.42206863661764">
        <ele>0.0</ele>
        <time>2026-08-25T21:45:12Z</time>
        <extensions>
          <gpxtpx:TrackPointExtension>
            <gpxtpx:hr>138</gpxtpx:hr>
          </gpxtpx:TrackPointExtension>
        </extensions>
      </trkpt>
      <trkpt lat="41.84207465237674" lon="123.42208866967444">
        <ele>0.0</ele>
        <time>2026-08-25T21:45:15Z</time>
        <extensions>
          <gpxtpx:TrackPointExtension>
            <gpxtpx:hr>139</gpxtpx:hr>
          </gpxtpx:TrackPointExtension>
        </extensions>
      </trkpt>
      <trkpt lat="41.841994666507425" lon="123.42210169579499">
        <ele>0.0</ele>
        <time>2026-08-25T21:45:18Z</time>
        <extensions>
          <gpxtpx:TrackPointExtension>
            <gpxtpx:hr>140</gpxtpx:hr>
          </gpxtpx:TrackPointExtension>
        </extensions>
      </trkpt>
      <trkpt lat="41.841924671583534" lon="123.4221067114132">
        <ele>0.0</ele>
        <time>2026-08-25T21:45:21Z</time>
        <extensions>
          <gpxtpx:TrackPointExtension>
            <gpxtpx:hr>142</gpxtpx:hr>
          </gpxtpx:TrackPointExtension>
        </extensions>
      </trkpt>
      <trkpt lat="41.84185168236276" lon="123.42211673314283">
        <ele>0.0</ele>
        <time>2026-08-25T21:45:24Z</time>
        <extensions>
          <gpxtpx:TrackPointExtension>
            <gpxtpx:hr>142</gpxtpx:hr>
          </gpxtpx:TrackPointExtension>
        </extensions>
      </trkpt>
      <trkpt lat="41.84177669198701" lon="123.42212575402476">
        <ele>0.0</ele>
        <time>2026-08-25T21:45:27Z</time>
        <extensions>
          <gpxtpx:TrackPointExtension>
            <gpxtpx:hr>142</gpxtpx:hr>
          </gpxtpx:TrackPointExtension>
        </extensions>
      </trkpt>
      <trkpt lat="41.84169670272037" lon="123.42213577675939">
        <ele>0.0</ele>
        <time>2026-08-25T21:45:30Z</time>
        <extensions>
          <gpxtpx:TrackPointExtension>
            <gpxtpx:hr>143</gpxtpx:hr>
          </gpxtpx:TrackPointExtension>
        </extensions>
      </trkpt>
      <trkpt lat="41.84162270320087" lon="123.42213678840233">
        <ele>0.0</ele>
        <time>2026-08-25T21:45:33Z</time>
        <extensions>
          <gpxtpx:TrackPointExtension>
            <gpxtpx:hr>142</gpxtpx:hr>
          </gpxtpx:TrackPointExtension>
        </extensions>
      </trkpt>
      <trkpt lat="41.84154969681905" lon="123.42213179307511">
        <ele>0.0</ele>
        <time>2026-08-25T21:45:36Z</time>
        <extensions>
          <gpxtpx:TrackPointExtension>
            <gpxtpx:hr>142</gpxtpx:hr>
          </gpxtpx:TrackPointExtension>
        </extensions>
      </trkpt>
      <trkpt lat="41.84147768701494" lon="123.42212379419502">
        <ele>0.0</ele>
        <time>2026-08-25T21:45:39Z</time>
        <extensions>
          <gpxtpx:TrackPointExtension>
            <gpxtpx:hr>142</gpxtpx:hr>
          </gpxtpx:TrackPointExtension>
        </extensions>
      </trkpt>
      <trkpt lat="41.841401671457646" lon="123.42211079020285">
        <ele>0.0</ele>
        <time>2026-08-25T21:45:42Z</time>
        <extensions>
          <gpxtpx:TrackPointExtension>
            <gpxtpx:hr>142</gpxtpx:hr>
          </gpxtpx:TrackPointExtension>
        </extensions>
      </trkpt>
      <trkpt lat="41.841316659267456" lon="123.42210079090614">
        <ele>0.0</ele>
        <time>2026-08-25T21:45:45Z</time>
        <extensions>
          <gpxtpx:TrackPointExtension>
            <gpxtpx:hr>142</gpxtpx:hr>
          </gpxtpx:TrackPointExtension>
        </extensions>
      </trkpt>
      <trkpt lat="41.841231658530376" lon="123.42210080297232">
        <ele>0.0</ele>
        <time>2026-08-25T21:45:48Z</time>
        <extensions>
          <gpxtpx:TrackPointExtension>
            <gpxtpx:hr>140</gpxtpx:hr>
          </gpxtpx:TrackPointExtension>
        </extensions>
      </trkpt>
      <trkpt lat="41.84115964761212" lon="123.42209180297158">
        <ele>0.0</ele>
        <time>2026-08-25T21:45:51Z</time>
        <extensions>
          <gpxtpx:TrackPointExtension>
            <gpxtpx:hr>141</gpxtpx:hr>
          </gpxtpx:TrackPointExtension>
        </extensions>
      </trkpt>
      <trkpt lat="41.84108162978924" lon="123.42207679701909">
        <ele>0.0</ele>
        <time>2026-08-25T21:45:54Z</time>
        <extensions>
          <gpxtpx:TrackPointExtension>
            <gpxtpx:hr>141</gpxtpx:hr>
          </gpxtpx:TrackPointExtension>
        </extensions>
      </trkpt>
      <trkpt lat="41.840996616493676" lon="123.42206579660882">
        <ele>0.0</ele>
        <time>2026-08-25T21:45:57Z</time>
        <extensions>
          <gpxtpx:TrackPointExtension>
            <gpxtpx:hr>142</gpxtpx:hr>
          </gpxtpx:TrackPointExtension>
        </extensions>
      </trkpt>
      <trkpt lat="41.84091162492445" lon="123.42207381774786">
        <ele>0.0</ele>
        <time>2026-08-25T21:46:00Z</time>
        <extensions>
          <gpxtpx:TrackPointExtension>
            <gpxtpx:hr>143</gpxtpx:hr>
          </gpxtpx:TrackPointExtension>
        </extensions>
      </trkpt>
      <trkpt lat="41.8408266299333" lon="123.42207883548642">
        <ele>0.0</ele>
        <time>2026-08-25T21:46:03Z</time>
        <extensions>
          <gpxtpx:TrackPointExtension>
            <gpxtpx:hr>144</gpxtpx:hr>
          </gpxtpx:TrackPointExtension>
        </extensions>
      </trkpt>
      <trkpt lat="41.84074462925577" lon="123.42207884712651">
        <ele>0.0</ele>
        <time>2026-08-25T21:46:06Z</time>
        <extensions>
          <gpxtpx:TrackPointExtension>
            <gpxtpx:hr>144</gpxtpx:hr>
          </gpxtpx:TrackPointExtension>
        </extensions>
      </trkpt>
      <trkpt lat="41.84065963199019" lon="123.42208186259667">
        <ele>0.0</ele>
        <time>2026-08-25T21:46:09Z</time>
        <extensions>
          <gpxtpx:TrackPointExtension>
            <gpxtpx:hr>143</gpxtpx:hr>
          </gpxtpx:TrackPointExtension>
        </extensions>
      </trkpt>
      <trkpt lat="41.840576647331595" lon="123.42209589027225">
        <ele>0.0</ele>
        <time>2026-08-25T21:46:12Z</time>
        <extensions>
          <gpxtpx:TrackPointExtension>
            <gpxtpx:hr>143</gpxtpx:hr>
          </gpxtpx:TrackPointExtension>
        </extensions>
      </trkpt>
      <trkpt lat="41.84049665584288" lon="123.42210391071562">
        <ele>0.0</ele>
        <time>2026-08-25T21:46:15Z</time>
        <extensions>
          <gpxtpx:TrackPointExtension>
            <gpxtpx:hr>142</gpxtpx:hr>
          </gpxtpx:TrackPointExtension>
        </extensions>
      </trkpt>
      <trkpt lat="41.840421657533064" lon="123.42210592363432">
        <ele>0.0</ele>
        <time>2026-08-25T21:46:18Z</time>
        <extensions>
          <gpxtpx:TrackPointExtension>
            <gpxtpx:hr>142</gpxtpx:hr>
          </gpxtpx:TrackPointExtension>
        </extensions>
      </trkpt>
      <trkpt lat="41.84033966375244" lon="123.4221119420929">
        <ele>0.0</ele>
        <time>2026-08-25T21:46:21Z</time>
        <extensions>
          <gpxtpx:TrackPointExtension>
            <gpxtpx:hr>141</gpxtpx:hr>
          </gpxtpx:TrackPointExtension>
        </extensions>
      </trkpt>
      <trkpt lat="41.84025966884947" lon="123.42211695913274">
        <ele>0.0</ele>
        <time>2026-08-25T21:46:24Z</time>
        <extensions>
          <gpxtpx:TrackPointExtension>
            <gpxtpx:hr>141</gpxtpx:hr>
          </gpxtpx:TrackPointExtension>
        </extensions>
      </trkpt>
      <trkpt lat="41.84018267054021" lon="123.42211897233673">
        <ele>0.0</ele>
        <time>2026-08-25T21:46:27Z</time>
        <extensions>
          <gpxtpx:TrackPointExtension>
            <gpxtpx:hr>141</gpxtpx:hr>
          </gpxtpx:TrackPointExtension>
        </extensions>
      </trkpt>
      <trkpt lat="41.84010467337379" lon="123.42212198682009">
        <ele>0.0</ele>
        <time>2026-08-25T21:46:30Z</time>
        <extensions>
          <gpxtpx:TrackPointExtension>
            <gpxtpx:hr>141</gpxtpx:hr>
          </gpxtpx:TrackPointExtension>
        </extensions>
      </trkpt>
      <trkpt lat="41.84002768997013" lon="123.42213701481525">
        <ele>0.0</ele>
        <time>2026-08-25T21:46:33Z</time>
        <extensions>
          <gpxtpx:TrackPointExtension>
            <gpxtpx:hr>141</gpxtpx:hr>
          </gpxtpx:TrackPointExtension>
        </extensions>
      </trkpt>
      <trkpt lat="41.83995071231543" lon="123.4221570485198">
        <ele>0.0</ele>
        <time>2026-08-25T21:46:36Z</time>
        <extensions>
          <gpxtpx:TrackPointExtension>
            <gpxtpx:hr>141</gpxtpx:hr>
          </gpxtpx:TrackPointExtension>
        </extensions>
      </trkpt>
      <trkpt lat="41.83987673241015" lon="123.42217507954147">
        <ele>0.0</ele>
        <time>2026-08-25T21:46:39Z</time>
        <extensions>
          <gpxtpx:TrackPointExtension>
            <gpxtpx:hr>142</gpxtpx:hr>
          </gpxtpx:TrackPointExtension>
        </extensions>
      </trkpt>
      <trkpt lat="41.83971974501899" lon="123.42218711551602">
        <ele>0.0</ele>
        <time>2026-08-25T21:46:45Z</time>
        <extensions>
          <gpxtpx:TrackPointExtension>
            <gpxtpx:hr>142</gpxtpx:hr>
          </gpxtpx:TrackPointExtension>
        </extensions>
      </trkpt>
      <trkpt lat="41.8396417467435" lon="123.42218912887003">
        <ele>0.0</ele>
        <time>2026-08-25T21:46:48Z</time>
        <extensions>
          <gpxtpx:TrackPointExtension>
            <gpxtpx:hr>142</gpxtpx:hr>
          </gpxtpx:TrackPointExtension>
        </extensions>
      </trkpt>
      <trkpt lat="41.839567753096304" lon="123.42219514622239">
        <ele>0.0</ele>
        <time>2026-08-25T21:46:51Z</time>
        <extensions>
          <gpxtpx:TrackPointExtension>
            <gpxtpx:hr>141</gpxtpx:hr>
          </gpxtpx:TrackPointExtension>
        </extensions>
      </trkpt>
      <trkpt lat="41.83949075483868" lon="123.4221971594353">
        <ele>0.0</ele>
        <time>2026-08-25T21:46:54Z</time>
        <extensions>
          <gpxtpx:TrackPointExtension>
            <gpxtpx:hr>142</gpxtpx:hr>
          </gpxtpx:TrackPointExtension>
        </extensions>
      </trkpt>
      <trkpt lat="41.83941676235196" lon="123.42220417793257">
        <ele>0.0</ele>
        <time>2026-08-25T21:46:57Z</time>
        <extensions>
          <gpxtpx:TrackPointExtension>
            <gpxtpx:hr>142</gpxtpx:hr>
          </gpxtpx:TrackPointExtension>
        </extensions>
      </trkpt>
      <trkpt lat="41.83933576867339" lon="123.42221019628379">
        <ele>0.0</ele>
        <time>2026-08-25T21:47:00Z</time>
        <extensions>
          <gpxtpx:TrackPointExtension>
            <gpxtpx:hr>142</gpxtpx:hr>
          </gpxtpx:TrackPointExtension>
        </extensions>
      </trkpt>
      <trkpt lat="41.83926277620729" lon="123.42221721464449">
        <ele>0.0</ele>
        <time>2026-08-25T21:47:03Z</time>
        <extensions>
          <gpxtpx:TrackPointExtension>
            <gpxtpx:hr>141</gpxtpx:hr>
          </gpxtpx:TrackPointExtension>
        </extensions>
      </trkpt>
      <trkpt lat="41.83918677797829" lon="123.42221922771792">
        <ele>0.0</ele>
        <time>2026-08-25T21:47:06Z</time>
        <extensions>
          <gpxtpx:TrackPointExtension>
            <gpxtpx:hr>137</gpxtpx:hr>
          </gpxtpx:TrackPointExtension>
        </extensions>
      </trkpt>
      <trkpt lat="41.839110780904086" lon="123.42222224193473">
        <ele>0.0</ele>
        <time>2026-08-25T21:47:09Z</time>
        <extensions>
          <gpxtpx:TrackPointExtension>
            <gpxtpx:hr>137</gpxtpx:hr>
          </gpxtpx:TrackPointExtension>
        </extensions>
      </trkpt>
      <trkpt lat="41.83903278267168" lon="123.42222425529256">
        <ele>0.0</ele>
        <time>2026-08-25T21:47:12Z</time>
        <extensions>
          <gpxtpx:TrackPointExtension>
            <gpxtpx:hr>136</gpxtpx:hr>
          </gpxtpx:TrackPointExtension>
        </extensions>
      </trkpt>
      <trkpt lat="41.83895679365906" lon="123.42223427751632">
        <ele>0.0</ele>
        <time>2026-08-25T21:47:15Z</time>
        <extensions>
          <gpxtpx:TrackPointExtension>
            <gpxtpx:hr>133</gpxtpx:hr>
          </gpxtpx:TrackPointExtension>
        </extensions>
      </trkpt>
      <trkpt lat="41.83887779888255" lon="123.42223929444987">
        <ele>0.0</ele>
        <time>2026-08-25T21:47:18Z</time>
        <extensions>
          <gpxtpx:TrackPointExtension>
            <gpxtpx:hr>133</gpxtpx:hr>
          </gpxtpx:TrackPointExtension>
        </extensions>
      </trkpt>
      <trkpt lat="41.83880480530272" lon="123.42224531167783">
        <ele>0.0</ele>
        <time>2026-08-25T21:47:21Z</time>
        <extensions>
          <gpxtpx:TrackPointExtension>
            <gpxtpx:hr>133</gpxtpx:hr>
          </gpxtpx:TrackPointExtension>
        </extensions>
      </trkpt>
      <trkpt lat="41.83872480938125" lon="123.42224932761165">
        <ele>0.0</ele>
        <time>2026-08-25T21:47:24Z</time>
        <extensions>
          <gpxtpx:TrackPointExtension>
            <gpxtpx:hr>126</gpxtpx:hr>
          </gpxtpx:TrackPointExtension>
        </extensions>
      </trkpt>
      <trkpt lat="41.83864781463641" lon="123.4222543442657">
        <ele>0.0</ele>
        <time>2026-08-25T21:47:27Z</time>
        <extensions>
          <gpxtpx:TrackPointExtension>
            <gpxtpx:hr>127</gpxtpx:hr>
          </gpxtpx:TrackPointExtension>
        </extensions>
      </trkpt>
      <trkpt lat="41.838570821049096" lon="123.42226036206664">
        <ele>0.0</ele>
        <time>2026-08-25T21:47:30Z</time>
        <extensions>
          <gpxtpx:TrackPointExtension>
            <gpxtpx:hr>126</gpxtpx:hr>
          </gpxtpx:TrackPointExtension>
        </extensions>
      </trkpt>
      <trkpt lat="41.83849081708583" lon="123.42225736998525">
        <ele>0.0</ele>
        <time>2026-08-25T21:47:33Z</time>
        <extensions>
          <gpxtpx:TrackPointExtension>
            <gpxtpx:hr>129</gpxtpx:hr>
          </gpxtpx:TrackPointExtension>
        </extensions>
      </trkpt>
      <trkpt lat="41.83841282004874" lon="123.42226038449236">
        <ele>0.0</ele>
        <time>2026-08-25T21:47:36Z</time>
        <extensions>
          <gpxtpx:TrackPointExtension>
            <gpxtpx:hr>133</gpxtpx:hr>
          </gpxtpx:TrackPointExtension>
        </extensions>
      </trkpt>
      <trkpt lat="41.838332828763185" lon="123.42226840501297">
        <ele>0.0</ele>
        <time>2026-08-25T21:47:39Z</time>
        <extensions>
          <gpxtpx:TrackPointExtension>
            <gpxtpx:hr>146</gpxtpx:hr>
          </gpxtpx:TrackPointExtension>
        </extensions>
      </trkpt>
      <trkpt lat="41.83826083868707" lon="123.42227742554836">
        <ele>0.0</ele>
        <time>2026-08-25T21:47:42Z</time>
        <extensions>
          <gpxtpx:TrackPointExtension>
            <gpxtpx:hr>148</gpxtpx:hr>
          </gpxtpx:TrackPointExtension>
        </extensions>
      </trkpt>
      <trkpt lat="41.83818584514312" lon="123.42228344307347">
        <ele>0.0</ele>
        <time>2026-08-25T21:47:45Z</time>
        <extensions>
          <gpxtpx:TrackPointExtension>
            <gpxtpx:hr>144</gpxtpx:hr>
          </gpxtpx:TrackPointExtension>
        </extensions>
      </trkpt>
      <trkpt lat="41.83811284931221" lon="123.4222874580225">
        <ele>0.0</ele>
        <time>2026-08-25T21:47:48Z</time>
        <extensions>
          <gpxtpx:TrackPointExtension>
            <gpxtpx:hr>142</gpxtpx:hr>
          </gpxtpx:TrackPointExtension>
        </extensions>
      </trkpt>
      <trkpt lat="41.838039848875674" lon="123.42228746838353">
        <ele>0.0</ele>
        <time>2026-08-25T21:47:51Z</time>
        <extensions>
          <gpxtpx:TrackPointExtension>
            <gpxtpx:hr>142</gpxtpx:hr>
          </gpxtpx:TrackPointExtension>
        </extensions>
      </trkpt>
      <trkpt lat="41.83796283804832" lon="123.4222784689907">
        <ele>0.0</ele>
        <time>2026-08-25T21:47:54Z</time>
        <extensions>
          <gpxtpx:TrackPointExtension>
            <gpxtpx:hr>141</gpxtpx:hr>
          </gpxtpx:TrackPointExtension>
        </extensions>
      </trkpt>
      <trkpt lat="41.83788481685897" lon="123.42226045943286">
        <ele>0.0</ele>
        <time>2026-08-25T21:47:57Z</time>
        <extensions>
          <gpxtpx:TrackPointExtension>
            <gpxtpx:hr>142</gpxtpx:hr>
          </gpxtpx:TrackPointExtension>
        </extensions>
      </trkpt>
      <trkpt lat="41.83780479912957" lon="123.42224545361182">
        <ele>0.0</ele>
        <time>2026-08-25T21:48:00Z</time>
        <extensions>
          <gpxtpx:TrackPointExtension>
            <gpxtpx:hr>141</gpxtpx:hr>
          </gpxtpx:TrackPointExtension>
        </extensions>
      </trkpt>
      <trkpt lat="41.837724784866005" lon="123.42223345123561">
        <ele>0.0</ele>
        <time>2026-08-25T21:48:03Z</time>
        <extensions>
          <gpxtpx:TrackPointExtension>
            <gpxtpx:hr>141</gpxtpx:hr>
          </gpxtpx:TrackPointExtension>
        </extensions>
      </trkpt>
      <trkpt lat="41.83765673276407" lon="123.42218840947397">
        <ele>0.0</ele>
        <time>2026-08-25T21:48:06Z</time>
        <extensions>
          <gpxtpx:TrackPointExtension>
            <gpxtpx:hr>139</gpxtpx:hr>
          </gpxtpx:TrackPointExtension>
        </extensions>
      </trkpt>
      <trkpt lat="41.83759770832913" lon="123.42216739389684">
        <ele>0.0</ele>
        <time>2026-08-25T21:48:09Z</time>
        <extensions>
          <gpxtpx:TrackPointExtension>
            <gpxtpx:hr>140</gpxtpx:hr>
          </gpxtpx:TrackPointExtension>
        </extensions>
      </trkpt>
      <trkpt lat="41.83753269420318" lon="123.42215538944792">
        <ele>0.0</ele>
        <time>2026-08-25T21:48:12Z</time>
        <extensions>
          <gpxtpx:TrackPointExtension>
            <gpxtpx:hr>140</gpxtpx:hr>
          </gpxtpx:TrackPointExtension>
        </extensions>
      </trkpt>
      <trkpt lat="41.837456670857826" lon="123.4221353774632">
        <ele>0.0</ele>
        <time>2026-08-25T21:48:15Z</time>
        <extensions>
          <gpxtpx:TrackPointExtension>
            <gpxtpx:hr>140</gpxtpx:hr>
          </gpxtpx:TrackPointExtension>
        </extensions>
      </trkpt>
      <trkpt lat="41.83738762124673" lon="123.42209233837923">
        <ele>0.0</ele>
        <time>2026-08-25T21:48:18Z</time>
        <extensions>
          <gpxtpx:TrackPointExtension>
            <gpxtpx:hr>137</gpxtpx:hr>
          </gpxtpx:TrackPointExtension>
        </extensions>
      </trkpt>
      <trkpt lat="41.83732156602593" lon="123.42204429331738">
        <ele>0.0</ele>
        <time>2026-08-25T21:48:21Z</time>
        <extensions>
          <gpxtpx:TrackPointExtension>
            <gpxtpx:hr>135</gpxtpx:hr>
          </gpxtpx:TrackPointExtension>
        </extensions>
      </trkpt>
      <trkpt lat="41.83725152114933" lon="123.42200525913077">
        <ele>0.0</ele>
        <time>2026-08-25T21:48:24Z</time>
        <extensions>
          <gpxtpx:TrackPointExtension>
            <gpxtpx:hr>137</gpxtpx:hr>
          </gpxtpx:TrackPointExtension>
        </extensions>
      </trkpt>
      <trkpt lat="41.837184477497665" lon="123.42196722573767">
        <ele>0.0</ele>
        <time>2026-08-25T21:48:27Z</time>
        <extensions>
          <gpxtpx:TrackPointExtension>
            <gpxtpx:hr>136</gpxtpx:hr>
          </gpxtpx:TrackPointExtension>
        </extensions>
      </trkpt>
      <trkpt lat="41.83712242370781" lon="123.42192018159396">
        <ele>0.0</ele>
        <time>2026-08-25T21:48:30Z</time>
        <extensions>
          <gpxtpx:TrackPointExtension>
            <gpxtpx:hr>136</gpxtpx:hr>
          </gpxtpx:TrackPointExtension>
        </extensions>
      </trkpt>
      <trkpt lat="41.83703240506612" lon="123.42190417637484">
        <ele>0.0</ele>
        <time>2026-08-25T21:48:36Z</time>
        <extensions>
          <gpxtpx:TrackPointExtension>
            <gpxtpx:hr>133</gpxtpx:hr>
          </gpxtpx:TrackPointExtension>
        </extensions>
      </trkpt>
      <trkpt lat="41.83701241973452" lon="123.42191719383158">
        <ele>0.0</ele>
        <time>2026-08-25T21:48:39Z</time>
        <extensions>
          <gpxtpx:TrackPointExtension>
            <gpxtpx:hr>135</gpxtpx:hr>
          </gpxtpx:TrackPointExtension>
        </extensions>
      </trkpt>
      <trkpt lat="41.83699142758428" lon="123.42192420468763">
        <ele>0.0</ele>
        <time>2026-08-25T21:48:42Z</time>
        <extensions>
          <gpxtpx:TrackPointExtension>
            <gpxtpx:hr>133</gpxtpx:hr>
          </gpxtpx:TrackPointExtension>
        </extensions>
      </trkpt>
      <trkpt lat="41.83627616726726" lon="123.42169705228007">
        <ele>0.0</ele>
        <time>2026-08-25T21:49:33Z</time>
        <extensions>
          <gpxtpx:TrackPointExtension>
            <gpxtpx:hr>124</gpxtpx:hr>
          </gpxtpx:TrackPointExtension>
        </extensions>
      </trkpt>
      <trkpt lat="41.836231203148486" lon="123.42172909426937">
        <ele>0.0</ele>
        <time>2026-08-25T21:49:36Z</time>
        <extensions>
          <gpxtpx:TrackPointExtension>
            <gpxtpx:hr>125</gpxtpx:hr>
          </gpxtpx:TrackPointExtension>
        </extensions>
      </trkpt>
      <trkpt lat="41.836231186230066" lon="123.42171407757304">
        <ele>0.0</ele>
        <time>2026-08-25T21:49:57Z</time>
        <extensions>
          <gpxtpx:TrackPointExtension>
            <gpxtpx:hr>120</gpxtpx:hr>
          </gpxtpx:TrackPointExtension>
        </extensions>
      </trkpt>
      <trkpt lat="41.83615919719233" lon="123.42172409892133">
        <ele>0.0</ele>
        <time>2026-08-25T21:50:00Z</time>
        <extensions>
          <gpxtpx:TrackPointExtension>
            <gpxtpx:hr>120</gpxtpx:hr>
          </gpxtpx:TrackPointExtension>
        </extensions>
      </trkpt>
      <trkpt lat="41.83607926008374" lon="123.42178017271121">
        <ele>0.0</ele>
        <time>2026-08-25T21:50:03Z</time>
        <extensions>
          <gpxtpx:TrackPointExtension>
            <gpxtpx:hr>119</gpxtpx:hr>
          </gpxtpx:TrackPointExtension>
        </extensions>
      </trkpt>
      <trkpt lat="41.836021342476556" lon="123.42185326261544">
        <ele>0.0</ele>
        <time>2026-08-25T21:50:06Z</time>
        <extensions>
          <gpxtpx:TrackPointExtension>
            <gpxtpx:hr>118</gpxtpx:hr>
          </gpxtpx:TrackPointExtension>
        </extensions>
      </trkpt>
      <trkpt lat="41.835964410334334" lon="123.42191333807318">
        <ele>0.0</ele>
        <time>2026-08-25T21:50:09Z</time>
        <extensions>
          <gpxtpx:TrackPointExtension>
            <gpxtpx:hr>119</gpxtpx:hr>
          </gpxtpx:TrackPointExtension>
        </extensions>
      </trkpt>
      <trkpt lat="41.83590448061785" lon="123.42197541642959">
        <ele>0.0</ele>
        <time>2026-08-25T21:50:12Z</time>
        <extensions>
          <gpxtpx:TrackPointExtension>
            <gpxtpx:hr>119</gpxtpx:hr>
          </gpxtpx:TrackPointExtension>
        </extensions>
      </trkpt>
      <trkpt lat="41.83586255799715" lon="123.42204349925575">
        <ele>0.0</ele>
        <time>2026-08-25T21:50:15Z</time>
        <extensions>
          <gpxtpx:TrackPointExtension>
            <gpxtpx:hr>118</gpxtpx:hr>
          </gpxtpx:TrackPointExtension>
        </extensions>
      </trkpt>
      <trkpt lat="41.835827653933094" lon="123.42212759955798">
        <ele>0.0</ele>
        <time>2026-08-25T21:50:18Z</time>
        <extensions>
          <gpxtpx:TrackPointExtension>
            <gpxtpx:hr>118</gpxtpx:hr>
          </gpxtpx:TrackPointExtension>
        </extensions>
      </trkpt>
      <trkpt lat="41.83577672598821" lon="123.42219067857525">
        <ele>0.0</ele>
        <time>2026-08-25T21:50:21Z</time>
        <extensions>
          <gpxtpx:TrackPointExtension>
            <gpxtpx:hr>118</gpxtpx:hr>
          </gpxtpx:TrackPointExtension>
        </extensions>
      </trkpt>
      <trkpt lat="41.83570674064123" lon="123.42220370335083">
        <ele>0.0</ele>
        <time>2026-08-25T21:50:24Z</time>
        <extensions>
          <gpxtpx:TrackPointExtension>
            <gpxtpx:hr>115</gpxtpx:hr>
          </gpxtpx:TrackPointExtension>
        </extensions>
      </trkpt>
      <trkpt lat="41.83563273805231" lon="123.42220171156885">
        <ele>0.0</ele>
        <time>2026-08-25T21:50:27Z</time>
        <extensions>
          <gpxtpx:TrackPointExtension>
            <gpxtpx:hr>116</gpxtpx:hr>
          </gpxtpx:TrackPointExtension>
        </extensions>
      </trkpt>
      <trkpt lat="41.83556175731443" lon="123.42221874106605">
        <ele>0.0</ele>
        <time>2026-08-25T21:50:30Z</time>
        <extensions>
          <gpxtpx:TrackPointExtension>
            <gpxtpx:hr>119</gpxtpx:hr>
          </gpxtpx:TrackPointExtension>
        </extensions>
      </trkpt>
      <trkpt lat="41.83548077655571" lon="123.42223577199968">
        <ele>0.0</ele>
        <time>2026-08-25T21:50:33Z</time>
        <extensions>
          <gpxtpx:TrackPointExtension>
            <gpxtpx:hr>120</gpxtpx:hr>
          </gpxtpx:TrackPointExtension>
        </extensions>
      </trkpt>
      <trkpt lat="41.8353997912112" lon="123.42224879837121">
        <ele>0.0</ele>
        <time>2026-08-25T21:50:36Z</time>
        <extensions>
          <gpxtpx:TrackPointExtension>
            <gpxtpx:hr>121</gpxtpx:hr>
          </gpxtpx:TrackPointExtension>
        </extensions>
      </trkpt>
      <trkpt lat="41.83531981394479" lon="123.4222688326309">
        <ele>0.0</ele>
        <time>2026-08-25T21:50:39Z</time>
        <extensions>
          <gpxtpx:TrackPointExtension>
            <gpxtpx:hr>121</gpxtpx:hr>
          </gpxtpx:TrackPointExtension>
        </extensions>
      </trkpt>
      <trkpt lat="41.835234819398444" lon="123.42227385042398">
        <ele>0.0</ele>
        <time>2026-08-25T21:50:42Z</time>
        <extensions>
          <gpxtpx:TrackPointExtension>
            <gpxtpx:hr>123</gpxtpx:hr>
          </gpxtpx:TrackPointExtension>
        </extensions>
      </trkpt>
      <trkpt lat="41.835155819119706" lon="123.42227386163519">
        <ele>0.0</ele>
        <time>2026-08-25T21:50:45Z</time>
        <extensions>
          <gpxtpx:TrackPointExtension>
            <gpxtpx:hr>123</gpxtpx:hr>
          </gpxtpx:TrackPointExtension>
        </extensions>
      </trkpt>
      <trkpt lat="41.83507982692175" lon="123.42228088044563">
        <ele>0.0</ele>
        <time>2026-08-25T21:50:48Z</time>
        <extensions>
          <gpxtpx:TrackPointExtension>
            <gpxtpx:hr>128</gpxtpx:hr>
          </gpxtpx:TrackPointExtension>
        </extensions>
      </trkpt>
      <trkpt lat="41.83500083817884" lon="123.42229090312611">
        <ele>0.0</ele>
        <time>2026-08-25T21:50:51Z</time>
        <extensions>
          <gpxtpx:TrackPointExtension>
            <gpxtpx:hr>129</gpxtpx:hr>
          </gpxtpx:TrackPointExtension>
        </extensions>
      </trkpt>
      <trkpt lat="41.834924839078596" lon="123.42229191505871">
        <ele>0.0</ele>
        <time>2026-08-25T21:50:54Z</time>
        <extensions>
          <gpxtpx:TrackPointExtension>
            <gpxtpx:hr>131</gpxtpx:hr>
          </gpxtpx:TrackPointExtension>
        </extensions>
      </trkpt>
      <trkpt lat="41.83484485034776" lon="123.4223019378876">
        <ele>0.0</ele>
        <time>2026-08-25T21:50:57Z</time>
        <extensions>
          <gpxtpx:TrackPointExtension>
            <gpxtpx:hr>133</gpxtpx:hr>
          </gpxtpx:TrackPointExtension>
        </extensions>
      </trkpt>
      <trkpt lat="41.83476587893989" lon="123.42232697781469">
        <ele>0.0</ele>
        <time>2026-08-25T21:51:00Z</time>
        <extensions>
          <gpxtpx:TrackPointExtension>
            <gpxtpx:hr>133</gpxtpx:hr>
          </gpxtpx:TrackPointExtension>
        </extensions>
      </trkpt>
      <trkpt lat="41.83467989483609" lon="123.42234100611635">
        <ele>0.0</ele>
        <time>2026-08-25T21:51:03Z</time>
        <extensions>
          <gpxtpx:TrackPointExtension>
            <gpxtpx:hr>135</gpxtpx:hr>
          </gpxtpx:TrackPointExtension>
        </extensions>
      </trkpt>
      <trkpt lat="41.834600907301855" lon="123.42235202998337">
        <ele>0.0</ele>
        <time>2026-08-25T21:51:06Z</time>
        <extensions>
          <gpxtpx:TrackPointExtension>
            <gpxtpx:hr>136</gpxtpx:hr>
          </gpxtpx:TrackPointExtension>
        </extensions>
      </trkpt>
      <trkpt lat="41.83451990359407" lon="123.42234903802559">
        <ele>0.0</ele>
        <time>2026-08-25T21:51:09Z</time>
        <extensions>
          <gpxtpx:TrackPointExtension>
            <gpxtpx:hr>137</gpxtpx:hr>
          </gpxtpx:TrackPointExtension>
        </extensions>
      </trkpt>
      <trkpt lat="41.834440894122835" lon="123.42234104003256">
        <ele>0.0</ele>
        <time>2026-08-25T21:51:12Z</time>
        <extensions>
          <gpxtpx:TrackPointExtension>
            <gpxtpx:hr>138</gpxtpx:hr>
          </gpxtpx:TrackPointExtension>
        </extensions>
      </trkpt>
      <trkpt lat="41.83436288812653" lon="123.42233604535097">
        <ele>0.0</ele>
        <time>2026-08-25T21:51:15Z</time>
        <extensions>
          <gpxtpx:TrackPointExtension>
            <gpxtpx:hr>138</gpxtpx:hr>
          </gpxtpx:TrackPointExtension>
        </extensions>
      </trkpt>
      <trkpt lat="41.83429289717073" lon="123.42234406448584">
        <ele>0.0</ele>
        <time>2026-08-25T21:51:18Z</time>
        <extensions>
          <gpxtpx:TrackPointExtension>
            <gpxtpx:hr>140</gpxtpx:hr>
          </gpxtpx:TrackPointExtension>
        </extensions>
      </trkpt>
      <trkpt lat="41.83420790502621" lon="123.42235108460224">
        <ele>0.0</ele>
        <time>2026-08-25T21:51:21Z</time>
        <extensions>
          <gpxtpx:TrackPointExtension>
            <gpxtpx:hr>141</gpxtpx:hr>
          </gpxtpx:TrackPointExtension>
        </extensions>
      </trkpt>
      <trkpt lat="41.834119909415364" lon="123.42235510169377">
        <ele>0.0</ele>
        <time>2026-08-25T21:51:24Z</time>
        <extensions>
          <gpxtpx:TrackPointExtension>
            <gpxtpx:hr>140</gpxtpx:hr>
          </gpxtpx:TrackPointExtension>
        </extensions>
      </trkpt>
      <trkpt lat="41.83403991729951" lon="123.42236212110512">
        <ele>0.0</ele>
        <time>2026-08-25T21:51:27Z</time>
        <extensions>
          <gpxtpx:TrackPointExtension>
            <gpxtpx:hr>141</gpxtpx:hr>
          </gpxtpx:TrackPointExtension>
        </extensions>
      </trkpt>
      <trkpt lat="41.83396493792405" lon="123.4223801524844">
        <ele>0.0</ele>
        <time>2026-08-25T21:51:30Z</time>
        <extensions>
          <gpxtpx:TrackPointExtension>
            <gpxtpx:hr>141</gpxtpx:hr>
          </gpxtpx:TrackPointExtension>
        </extensions>
      </trkpt>
      <trkpt lat="41.833882940037505" lon="123.42238216642578">
        <ele>0.0</ele>
        <time>2026-08-25T21:51:33Z</time>
        <extensions>
          <gpxtpx:TrackPointExtension>
            <gpxtpx:hr>145</gpxtpx:hr>
          </gpxtpx:TrackPointExtension>
        </extensions>
      </trkpt>
      <trkpt lat="41.83379595487287" lon="123.42239519376129">
        <ele>0.0</ele>
        <time>2026-08-25T21:51:36Z</time>
        <extensions>
          <gpxtpx:TrackPointExtension>
            <gpxtpx:hr>142</gpxtpx:hr>
          </gpxtpx:TrackPointExtension>
        </extensions>
      </trkpt>
      <trkpt lat="41.83371796511133" lon="123.42240421521328">
        <ele>0.0</ele>
        <time>2026-08-25T21:51:39Z</time>
        <extensions>
          <gpxtpx:TrackPointExtension>
            <gpxtpx:hr>142</gpxtpx:hr>
          </gpxtpx:TrackPointExtension>
        </extensions>
      </trkpt>
      <trkpt lat="41.83364296610189" lon="123.42240522700997">
        <ele>0.0</ele>
        <time>2026-08-25T21:51:42Z</time>
        <extensions>
          <gpxtpx:TrackPointExtension>
            <gpxtpx:hr>143</gpxtpx:hr>
          </gpxtpx:TrackPointExtension>
        </extensions>
      </trkpt>
      <trkpt lat="41.833560968240235" lon="123.42240724095414">
        <ele>0.0</ele>
        <time>2026-08-25T21:51:45Z</time>
        <extensions>
          <gpxtpx:TrackPointExtension>
            <gpxtpx:hr>142</gpxtpx:hr>
          </gpxtpx:TrackPointExtension>
        </extensions>
      </trkpt>
      <trkpt lat="41.83347996459761" lon="123.42240424898588">
        <ele>0.0</ele>
        <time>2026-08-25T21:51:48Z</time>
        <extensions>
          <gpxtpx:TrackPointExtension>
            <gpxtpx:hr>143</gpxtpx:hr>
          </gpxtpx:TrackPointExtension>
        </extensions>
      </trkpt>
      <trkpt lat="41.83339997022487" lon="123.42240926610864">
        <ele>0.0</ele>
        <time>2026-08-25T21:51:51Z</time>
        <extensions>
          <gpxtpx:TrackPointExtension>
            <gpxtpx:hr>143</gpxtpx:hr>
          </gpxtpx:TrackPointExtension>
        </extensions>
      </trkpt>
      <trkpt lat="41.83332097701878" lon="123.4224152842456">
        <ele>0.0</ele>
        <time>2026-08-25T21:51:54Z</time>
        <extensions>
          <gpxtpx:TrackPointExtension>
            <gpxtpx:hr>144</gpxtpx:hr>
          </gpxtpx:TrackPointExtension>
        </extensions>
      </trkpt>
      <trkpt lat="41.833245964140055" lon="123.42240428219054">
        <ele>0.0</ele>
        <time>2026-08-25T21:51:57Z</time>
        <extensions>
          <gpxtpx:TrackPointExtension>
            <gpxtpx:hr>142</gpxtpx:hr>
          </gpxtpx:TrackPointExtension>
        </extensions>
      </trkpt>
      <trkpt lat="41.83317296400696" lon="123.42240429254919">
        <ele>0.0</ele>
        <time>2026-08-25T21:52:00Z</time>
        <extensions>
          <gpxtpx:TrackPointExtension>
            <gpxtpx:hr>142</gpxtpx:hr>
          </gpxtpx:TrackPointExtension>
        </extensions>
      </trkpt>
      <trkpt lat="41.83309596734481" lon="123.42240730693763">
        <ele>0.0</ele>
        <time>2026-08-25T21:52:03Z</time>
        <extensions>
          <gpxtpx:TrackPointExtension>
            <gpxtpx:hr>142</gpxtpx:hr>
          </gpxtpx:TrackPointExtension>
        </extensions>
      </trkpt>
      <trkpt lat="41.83302296953689" lon="123.42240931960464">
        <ele>0.0</ele>
        <time>2026-08-25T21:52:06Z</time>
        <extensions>
          <gpxtpx:TrackPointExtension>
            <gpxtpx:hr>143</gpxtpx:hr>
          </gpxtpx:TrackPointExtension>
        </extensions>
      </trkpt>
      <trkpt lat="41.83294497519992" lon="123.42241433644485">
        <ele>0.0</ele>
        <time>2026-08-25T21:52:09Z</time>
        <extensions>
          <gpxtpx:TrackPointExtension>
            <gpxtpx:hr>142</gpxtpx:hr>
          </gpxtpx:TrackPointExtension>
        </extensions>
      </trkpt>
      <trkpt lat="41.83287098087541" lon="123.42241935271892">
        <ele>0.0</ele>
        <time>2026-08-25T21:52:12Z</time>
        <extensions>
          <gpxtpx:TrackPointExtension>
            <gpxtpx:hr>154</gpxtpx:hr>
          </gpxtpx:TrackPointExtension>
        </extensions>
      </trkpt>
      <trkpt lat="41.83279498771236" lon="123.42242537043343">
        <ele>0.0</ele>
        <time>2026-08-25T21:52:15Z</time>
        <extensions>
          <gpxtpx:TrackPointExtension>
            <gpxtpx:hr>152</gpxtpx:hr>
          </gpxtpx:TrackPointExtension>
        </extensions>
      </trkpt>
      <trkpt lat="41.83271799571336" lon="123.4224323894476">
        <ele>0.0</ele>
        <time>2026-08-25T21:52:18Z</time>
        <extensions>
          <gpxtpx:TrackPointExtension>
            <gpxtpx:hr>151</gpxtpx:hr>
          </gpxtpx:TrackPointExtension>
        </extensions>
      </trkpt>
      <trkpt lat="41.83264500372695" lon="123.42243940789706">
        <ele>0.0</ele>
        <time>2026-08-25T21:52:21Z</time>
        <extensions>
          <gpxtpx:TrackPointExtension>
            <gpxtpx:hr>153</gpxtpx:hr>
          </gpxtpx:TrackPointExtension>
        </extensions>
      </trkpt>
      <trkpt lat="41.83257100710828" lon="123.42244242186578">
        <ele>0.0</ele>
        <time>2026-08-25T21:52:24Z</time>
        <extensions>
          <gpxtpx:TrackPointExtension>
            <gpxtpx:hr>154</gpxtpx:hr>
          </gpxtpx:TrackPointExtension>
        </extensions>
      </trkpt>
      <trkpt lat="41.83250000122392" lon="123.42243742615973">
        <ele>0.0</ele>
        <time>2026-08-25T21:52:27Z</time>
        <extensions>
          <gpxtpx:TrackPointExtension>
            <gpxtpx:hr>154</gpxtpx:hr>
          </gpxtpx:TrackPointExtension>
        </extensions>
      </trkpt>
      <trkpt lat="41.832427995343856" lon="123.42243243059708">
        <ele>0.0</ele>
        <time>2026-08-25T21:52:30Z</time>
        <extensions>
          <gpxtpx:TrackPointExtension>
            <gpxtpx:hr>153</gpxtpx:hr>
          </gpxtpx:TrackPointExtension>
        </extensions>
      </trkpt>
      <trkpt lat="41.83234999293913" lon="123.42243043935359">
        <ele>0.0</ele>
        <time>2026-08-25T21:52:33Z</time>
        <extensions>
          <gpxtpx:TrackPointExtension>
            <gpxtpx:hr>154</gpxtpx:hr>
          </gpxtpx:TrackPointExtension>
        </extensions>
      </trkpt>
      <trkpt lat="41.832270975478934" lon="123.4224154332369">
        <ele>0.0</ele>
        <time>2026-08-25T21:52:36Z</time>
        <extensions>
          <gpxtpx:TrackPointExtension>
            <gpxtpx:hr>157</gpxtpx:hr>
          </gpxtpx:TrackPointExtension>
        </extensions>
      </trkpt>
      <trkpt lat="41.83219496035191" lon="123.4224024290156">
        <ele>0.0</ele>
        <time>2026-08-25T21:52:39Z</time>
        <extensions>
          <gpxtpx:TrackPointExtension>
            <gpxtpx:hr>158</gpxtpx:hr>
          </gpxtpx:TrackPointExtension>
        </extensions>
      </trkpt>
      <trkpt lat="41.832120954496695" lon="123.42239743374715">
        <ele>0.0</ele>
        <time>2026-08-25T21:52:42Z</time>
        <extensions>
          <gpxtpx:TrackPointExtension>
            <gpxtpx:hr>168</gpxtpx:hr>
          </gpxtpx:TrackPointExtension>
        </extensions>
      </trkpt>
      <trkpt lat="41.83204094979959" lon="123.42239344048483">
        <ele>0.0</ele>
        <time>2026-08-25T21:52:45Z</time>
        <extensions>
          <gpxtpx:TrackPointExtension>
            <gpxtpx:hr>164</gpxtpx:hr>
          </gpxtpx:TrackPointExtension>
        </extensions>
      </trkpt>
      <trkpt lat="41.83196297289161" lon="123.42241347463056">
        <ele>0.0</ele>
        <time>2026-08-25T21:52:48Z</time>
        <extensions>
          <gpxtpx:TrackPointExtension>
            <gpxtpx:hr>161</gpxtpx:hr>
          </gpxtpx:TrackPointExtension>
        </extensions>
      </trkpt>
      <trkpt lat="41.831882980942275" lon="123.42242049406485">
        <ele>0.0</ele>
        <time>2026-08-25T21:52:51Z</time>
        <extensions>
          <gpxtpx:TrackPointExtension>
            <gpxtpx:hr>134</gpxtpx:hr>
          </gpxtpx:TrackPointExtension>
        </extensions>
      </trkpt>
      <trkpt lat="41.83180499595478" lon="123.42243352015143">
        <ele>0.0</ele>
        <time>2026-08-25T21:52:54Z</time>
        <extensions>
          <gpxtpx:TrackPointExtension>
            <gpxtpx:hr>136</gpxtpx:hr>
          </gpxtpx:TrackPointExtension>
        </extensions>
      </trkpt>
      <trkpt lat="41.831726023736785" lon="123.42245755911489">
        <ele>0.0</ele>
        <time>2026-08-25T21:52:57Z</time>
        <extensions>
          <gpxtpx:TrackPointExtension>
            <gpxtpx:hr>138</gpxtpx:hr>
          </gpxtpx:TrackPointExtension>
        </extensions>
      </trkpt>
      <trkpt lat="41.831651052712296" lon="123.42248259870387">
        <ele>0.0</ele>
        <time>2026-08-25T21:53:00Z</time>
        <extensions>
          <gpxtpx:TrackPointExtension>
            <gpxtpx:hr>138</gpxtpx:hr>
          </gpxtpx:TrackPointExtension>
        </extensions>
      </trkpt>
      <trkpt lat="41.83157507126165" lon="123.42249862803328">
        <ele>0.0</ele>
        <time>2026-08-25T21:53:03Z</time>
        <extensions>
          <gpxtpx:TrackPointExtension>
            <gpxtpx:hr>138</gpxtpx:hr>
          </gpxtpx:TrackPointExtension>
        </extensions>
      </trkpt>
      <trkpt lat="41.831496094476464" lon="123.42251866244635">
        <ele>0.0</ele>
        <time>2026-08-25T21:53:06Z</time>
        <extensions>
          <gpxtpx:TrackPointExtension>
            <gpxtpx:hr>139</gpxtpx:hr>
          </gpxtpx:TrackPointExtension>
        </extensions>
      </trkpt>
      <trkpt lat="41.83142312237028" lon="123.42254270068047">
        <ele>0.0</ele>
        <time>2026-08-25T21:53:09Z</time>
        <extensions>
          <gpxtpx:TrackPointExtension>
            <gpxtpx:hr>139</gpxtpx:hr>
          </gpxtpx:TrackPointExtension>
        </extensions>
      </trkpt>
      <trkpt lat="41.831346149128265" lon="123.42256573835292">
        <ele>0.0</ele>
        <time>2026-08-25T21:53:12Z</time>
        <extensions>
          <gpxtpx:TrackPointExtension>
            <gpxtpx:hr>140</gpxtpx:hr>
          </gpxtpx:TrackPointExtension>
        </extensions>
      </trkpt>
      <trkpt lat="41.831271168921226" lon="123.42258276878434">
        <ele>0.0</ele>
        <time>2026-08-25T21:53:15Z</time>
        <extensions>
          <gpxtpx:TrackPointExtension>
            <gpxtpx:hr>139</gpxtpx:hr>
          </gpxtpx:TrackPointExtension>
        </extensions>
      </trkpt>
      <trkpt lat="41.83120311069495" lon="123.42253272027583">
        <ele>0.0</ele>
        <time>2026-08-25T21:53:18Z</time>
        <extensions>
          <gpxtpx:TrackPointExtension>
            <gpxtpx:hr>137</gpxtpx:hr>
          </gpxtpx:TrackPointExtension>
        </extensions>
      </trkpt>
      <trkpt lat="41.831131081622594" lon="123.42250770146944">
        <ele>0.0</ele>
        <time>2026-08-25T21:53:21Z</time>
        <extensions>
          <gpxtpx:TrackPointExtension>
            <gpxtpx:hr>136</gpxtpx:hr>
          </gpxtpx:TrackPointExtension>
        </extensions>
      </trkpt>
      <trkpt lat="41.83106307929856" lon="123.42250570879742">
        <ele>0.0</ele>
        <time>2026-08-25T21:53:24Z</time>
        <extensions>
          <gpxtpx:TrackPointExtension>
            <gpxtpx:hr>137</gpxtpx:hr>
          </gpxtpx:TrackPointExtension>
        </extensions>
      </trkpt>
      <trkpt lat="41.83099807581646" lon="123.4225027145401">
        <ele>0.0</ele>
        <time>2026-08-25T21:53:27Z</time>
        <extensions>
          <gpxtpx:TrackPointExtension>
            <gpxtpx:hr>136</gpxtpx:hr>
          </gpxtpx:TrackPointExtension>
        </extensions>
      </trkpt>
      <trkpt lat="41.83092807117735" lon="123.4224987198331">
        <ele>0.0</ele>
        <time>2026-08-25T21:53:30Z</time>
        <extensions>
          <gpxtpx:TrackPointExtension>
            <gpxtpx:hr>135</gpxtpx:hr>
          </gpxtpx:TrackPointExtension>
        </extensions>
      </trkpt>
      <trkpt lat="41.830861071189375" lon="123.42249872933928">
        <ele>0.0</ele>
        <time>2026-08-25T21:53:33Z</time>
        <extensions>
          <gpxtpx:TrackPointExtension>
            <gpxtpx:hr>136</gpxtpx:hr>
          </gpxtpx:TrackPointExtension>
        </extensions>
      </trkpt>
      <trkpt lat="41.83079307352924" lon="123.4225007413066">
        <ele>0.0</ele>
        <time>2026-08-25T21:53:36Z</time>
        <extensions>
          <gpxtpx:TrackPointExtension>
            <gpxtpx:hr>136</gpxtpx:hr>
          </gpxtpx:TrackPointExtension>
        </extensions>
      </trkpt>
      <trkpt lat="41.83072307355011" lon="123.42250075123836">
        <ele>0.0</ele>
        <time>2026-08-25T21:53:39Z</time>
        <extensions>
          <gpxtpx:TrackPointExtension>
            <gpxtpx:hr>137</gpxtpx:hr>
          </gpxtpx:TrackPointExtension>
        </extensions>
      </trkpt>
      <trkpt lat="41.83065107357602" lon="123.42250076145385">
        <ele>0.0</ele>
        <time>2026-08-25T21:53:42Z</time>
        <extensions>
          <gpxtpx:TrackPointExtension>
            <gpxtpx:hr>137</gpxtpx:hr>
          </gpxtpx:TrackPointExtension>
        </extensions>
      </trkpt>
      <trkpt lat="41.83058005966656" lon="123.42248875761527">
        <ele>0.0</ele>
        <time>2026-08-25T21:53:45Z</time>
        <extensions>
          <gpxtpx:TrackPointExtension>
            <gpxtpx:hr>135</gpxtpx:hr>
          </gpxtpx:TrackPointExtension>
        </extensions>
      </trkpt>
      <trkpt lat="41.83051003648199" lon="123.42246874437929">
        <ele>0.0</ele>
        <time>2026-08-25T21:53:48Z</time>
        <extensions>
          <gpxtpx:TrackPointExtension>
            <gpxtpx:hr>135</gpxtpx:hr>
          </gpxtpx:TrackPointExtension>
        </extensions>
      </trkpt>
      <trkpt lat="41.83043300752565" lon="123.4224437263783">
        <ele>0.0</ele>
        <time>2026-08-25T21:53:51Z</time>
        <extensions>
          <gpxtpx:TrackPointExtension>
            <gpxtpx:hr>136</gpxtpx:hr>
          </gpxtpx:TrackPointExtension>
        </extensions>
      </trkpt>
      <trkpt lat="41.830362980913925" lon="123.42242070973136">
        <ele>0.0</ele>
        <time>2026-08-25T21:53:54Z</time>
        <extensions>
          <gpxtpx:TrackPointExtension>
            <gpxtpx:hr>135</gpxtpx:hr>
          </gpxtpx:TrackPointExtension>
        </extensions>
      </trkpt>
      <trkpt lat="41.83029992887272" lon="123.42237566676005">
        <ele>0.0</ele>
        <time>2026-08-25T21:53:57Z</time>
        <extensions>
          <gpxtpx:TrackPointExtension>
            <gpxtpx:hr>133</gpxtpx:hr>
          </gpxtpx:TrackPointExtension>
        </extensions>
      </trkpt>
      <trkpt lat="41.83026284228993" lon="123.42230058576341">
        <ele>0.0</ele>
        <time>2026-08-25T21:54:00Z</time>
        <extensions>
          <gpxtpx:TrackPointExtension>
            <gpxtpx:hr>132</gpxtpx:hr>
          </gpxtpx:TrackPointExtension>
        </extensions>
      </trkpt>
      <trkpt lat="41.83022974100622" lon="123.42221248968046">
        <ele>0.0</ele>
        <time>2026-08-25T21:54:03Z</time>
        <extensions>
          <gpxtpx:TrackPointExtension>
            <gpxtpx:hr>128</gpxtpx:hr>
          </gpxtpx:TrackPointExtension>
        </extensions>
      </trkpt>
      <trkpt lat="41.83021262745182" lon="123.42211337928764">
        <ele>0.0</ele>
        <time>2026-08-25T21:54:06Z</time>
        <extensions>
          <gpxtpx:TrackPointExtension>
            <gpxtpx:hr>127</gpxtpx:hr>
          </gpxtpx:TrackPointExtension>
        </extensions>
      </trkpt>
      <trkpt lat="41.83019951888583" lon="123.42201827343867">
        <ele>0.0</ele>
        <time>2026-08-25T21:54:09Z</time>
        <extensions>
          <gpxtpx:TrackPointExtension>
            <gpxtpx:hr>131</gpxtpx:hr>
          </gpxtpx:TrackPointExtension>
        </extensions>
      </trkpt>
      <trkpt lat="41.830194407298436" lon="123.42192016362213">
        <ele>0.0</ele>
        <time>2026-08-25T21:54:12Z</time>
        <extensions>
          <gpxtpx:TrackPointExtension>
            <gpxtpx:hr>135</gpxtpx:hr>
          </gpxtpx:TrackPointExtension>
        </extensions>
      </trkpt>
      <trkpt lat="41.8301812961375" lon="123.42182205551815">
        <ele>0.0</ele>
        <time>2026-08-25T21:54:15Z</time>
        <extensions>
          <gpxtpx:TrackPointExtension>
            <gpxtpx:hr>136</gpxtpx:hr>
          </gpxtpx:TrackPointExtension>
        </extensions>
      </trkpt>
      <trkpt lat="41.83017818313311" lon="123.42172194434694">
        <ele>0.0</ele>
        <time>2026-08-25T21:54:18Z</time>
        <extensions>
          <gpxtpx:TrackPointExtension>
            <gpxtpx:hr>139</gpxtpx:hr>
          </gpxtpx:TrackPointExtension>
        </extensions>
      </trkpt>
      <trkpt lat="41.830169067201055" lon="123.42161883130832">
        <ele>0.0</ele>
        <time>2026-08-25T21:54:21Z</time>
        <extensions>
          <gpxtpx:TrackPointExtension>
            <gpxtpx:hr>138</gpxtpx:hr>
          </gpxtpx:TrackPointExtension>
        </extensions>
      </trkpt>
      <trkpt lat="41.83016794948962" lon="123.42151371557225">
        <ele>0.0</ele>
        <time>2026-08-25T21:54:24Z</time>
        <extensions>
          <gpxtpx:TrackPointExtension>
            <gpxtpx:hr>137</gpxtpx:hr>
          </gpxtpx:TrackPointExtension>
        </extensions>
      </trkpt>
      <trkpt lat="41.830155834498704" lon="123.42141060424943">
        <ele>0.0</ele>
        <time>2026-08-25T21:54:27Z</time>
        <extensions>
          <gpxtpx:TrackPointExtension>
            <gpxtpx:hr>137</gpxtpx:hr>
          </gpxtpx:TrackPointExtension>
        </extensions>
      </trkpt>
      <trkpt lat="41.83014771885998" lon="123.42130649191031">
        <ele>0.0</ele>
        <time>2026-08-25T21:54:30Z</time>
        <extensions>
          <gpxtpx:TrackPointExtension>
            <gpxtpx:hr>137</gpxtpx:hr>
          </gpxtpx:TrackPointExtension>
        </extensions>
      </trkpt>
      <trkpt lat="41.830137608118264" lon="123.42120638483428">
        <ele>0.0</ele>
        <time>2026-08-25T21:54:33Z</time>
        <extensions>
          <gpxtpx:TrackPointExtension>
            <gpxtpx:hr>137</gpxtpx:hr>
          </gpxtpx:TrackPointExtension>
        </extensions>
      </trkpt>
      <trkpt lat="41.830129489007795" lon="123.42109826947227">
        <ele>0.0</ele>
        <time>2026-08-25T21:54:36Z</time>
        <extensions>
          <gpxtpx:TrackPointExtension>
            <gpxtpx:hr>137</gpxtpx:hr>
          </gpxtpx:TrackPointExtension>
        </extensions>
      </trkpt>
      <trkpt lat="41.83012637917319" lon="123.42099816265764">
        <ele>0.0</ele>
        <time>2026-08-25T21:54:39Z</time>
        <extensions>
          <gpxtpx:TrackPointExtension>
            <gpxtpx:hr>137</gpxtpx:hr>
          </gpxtpx:TrackPointExtension>
        </extensions>
      </trkpt>
      <trkpt lat="41.83011627196737" lon="123.42090005956676">
        <ele>0.0</ele>
        <time>2026-08-25T21:54:42Z</time>
        <extensions>
          <gpxtpx:TrackPointExtension>
            <gpxtpx:hr>136</gpxtpx:hr>
          </gpxtpx:TrackPointExtension>
        </extensions>
      </trkpt>
      <trkpt lat="41.83011115974204" lon="123.42079695105929">
        <ele>0.0</ele>
        <time>2026-08-25T21:54:45Z</time>
        <extensions>
          <gpxtpx:TrackPointExtension>
            <gpxtpx:hr>136</gpxtpx:hr>
          </gpxtpx:TrackPointExtension>
        </extensions>
      </trkpt>
      <trkpt lat="41.83010604690024" lon="123.4206928421417">
        <ele>0.0</ele>
        <time>2026-08-25T21:54:48Z</time>
        <extensions>
          <gpxtpx:TrackPointExtension>
            <gpxtpx:hr>137</gpxtpx:hr>
          </gpxtpx:TrackPointExtension>
        </extensions>
      </trkpt>
      <trkpt lat="41.83010093022165" lon="123.42058472969954">
        <ele>0.0</ele>
        <time>2026-08-25T21:54:51Z</time>
        <extensions>
          <gpxtpx:TrackPointExtension>
            <gpxtpx:hr>136</gpxtpx:hr>
          </gpxtpx:TrackPointExtension>
        </extensions>
      </trkpt>
      <trkpt lat="41.83010081727187" lon="123.420479620367">
        <ele>0.0</ele>
        <time>2026-08-25T21:54:54Z</time>
        <extensions>
          <gpxtpx:TrackPointExtension>
            <gpxtpx:hr>135</gpxtpx:hr>
          </gpxtpx:TrackPointExtension>
        </extensions>
      </trkpt>
      <trkpt lat="41.83010270694324" lon="123.42037651348107">
        <ele>0.0</ele>
        <time>2026-08-25T21:54:57Z</time>
        <extensions>
          <gpxtpx:TrackPointExtension>
            <gpxtpx:hr>136</gpxtpx:hr>
          </gpxtpx:TrackPointExtension>
        </extensions>
      </trkpt>
      <trkpt lat="41.830098602409116" lon="123.42027841321737">
        <ele>0.0</ele>
        <time>2026-08-25T21:55:00Z</time>
        <extensions>
          <gpxtpx:TrackPointExtension>
            <gpxtpx:hr>135</gpxtpx:hr>
          </gpxtpx:TrackPointExtension>
        </extensions>
      </trkpt>
      <trkpt lat="41.83009248240121" lon="123.42016529852579">
        <ele>0.0</ele>
        <time>2026-08-25T21:55:03Z</time>
        <extensions>
          <gpxtpx:TrackPointExtension>
            <gpxtpx:hr>136</gpxtpx:hr>
          </gpxtpx:TrackPointExtension>
        </extensions>
      </trkpt>
      <trkpt lat="41.83007936612617" lon="123.42005518863787">
        <ele>0.0</ele>
        <time>2026-08-25T21:55:06Z</time>
        <extensions>
          <gpxtpx:TrackPointExtension>
            <gpxtpx:hr>136</gpxtpx:hr>
          </gpxtpx:TrackPointExtension>
        </extensions>
      </trkpt>
      <trkpt lat="41.830077245126084" lon="123.41994007289388">
        <ele>0.0</ele>
        <time>2026-08-25T21:55:09Z</time>
        <extensions>
          <gpxtpx:TrackPointExtension>
            <gpxtpx:hr>136</gpxtpx:hr>
          </gpxtpx:TrackPointExtension>
        </extensions>
      </trkpt>
      <trkpt lat="41.830064130987374" lon="123.41983096550452">
        <ele>0.0</ele>
        <time>2026-08-25T21:55:12Z</time>
        <extensions>
          <gpxtpx:TrackPointExtension>
            <gpxtpx:hr>136</gpxtpx:hr>
          </gpxtpx:TrackPointExtension>
        </extensions>
      </trkpt>
      <trkpt lat="41.83006101632398" lon="123.41972085642412">
        <ele>0.0</ele>
        <time>2026-08-25T21:55:15Z</time>
        <extensions>
          <gpxtpx:TrackPointExtension>
            <gpxtpx:hr>137</gpxtpx:hr>
          </gpxtpx:TrackPointExtension>
        </extensions>
      </trkpt>
      <trkpt lat="41.8300559011614" lon="123.41960974737606">
        <ele>0.0</ele>
        <time>2026-08-25T21:55:18Z</time>
        <extensions>
          <gpxtpx:TrackPointExtension>
            <gpxtpx:hr>137</gpxtpx:hr>
          </gpxtpx:TrackPointExtension>
        </extensions>
      </trkpt>
      <trkpt lat="41.83005179272394" lon="123.419504644807">
        <ele>0.0</ele>
        <time>2026-08-25T21:55:21Z</time>
        <extensions>
          <gpxtpx:TrackPointExtension>
            <gpxtpx:hr>138</gpxtpx:hr>
          </gpxtpx:TrackPointExtension>
        </extensions>
      </trkpt>
      <trkpt lat="41.83004668682617" lon="123.41940154499466">
        <ele>0.0</ele>
        <time>2026-08-25T21:55:24Z</time>
        <extensions>
          <gpxtpx:TrackPointExtension>
            <gpxtpx:hr>139</gpxtpx:hr>
          </gpxtpx:TrackPointExtension>
        </extensions>
      </trkpt>
      <trkpt lat="41.830045577308574" lon="123.41929444139306">
        <ele>0.0</ele>
        <time>2026-08-25T21:55:27Z</time>
        <extensions>
          <gpxtpx:TrackPointExtension>
            <gpxtpx:hr>140</gpxtpx:hr>
          </gpxtpx:TrackPointExtension>
        </extensions>
      </trkpt>
      <trkpt lat="41.83004047338355" lon="123.4191923438545">
        <ele>0.0</ele>
        <time>2026-08-25T21:55:30Z</time>
        <extensions>
          <gpxtpx:TrackPointExtension>
            <gpxtpx:hr>140</gpxtpx:hr>
          </gpxtpx:TrackPointExtension>
        </extensions>
      </trkpt>
      <trkpt lat="41.83003335878954" lon="123.41907923674263">
        <ele>0.0</ele>
        <time>2026-08-25T21:55:33Z</time>
        <extensions>
          <gpxtpx:TrackPointExtension>
            <gpxtpx:hr>140</gpxtpx:hr>
          </gpxtpx:TrackPointExtension>
        </extensions>
      </trkpt>
      <trkpt lat="41.83002215634928" lon="123.41887804792886">
        <ele>0.0</ele>
        <time>2026-08-25T21:55:39Z</time>
        <extensions>
          <gpxtpx:TrackPointExtension>
            <gpxtpx:hr>141</gpxtpx:hr>
          </gpxtpx:TrackPointExtension>
        </extensions>
      </trkpt>
      <trkpt lat="41.830012046322096" lon="123.41876794620329">
        <ele>0.0</ele>
        <time>2026-08-25T21:55:42Z</time>
        <extensions>
          <gpxtpx:TrackPointExtension>
            <gpxtpx:hr>141</gpxtpx:hr>
          </gpxtpx:TrackPointExtension>
        </extensions>
      </trkpt>
      <trkpt lat="41.8300069368262" lon="123.41865784450444">
        <ele>0.0</ele>
        <time>2026-08-25T21:55:45Z</time>
        <extensions>
          <gpxtpx:TrackPointExtension>
            <gpxtpx:hr>142</gpxtpx:hr>
          </gpxtpx:TrackPointExtension>
        </extensions>
      </trkpt>
      <trkpt lat="41.830001840716136" lon="123.41856075551956">
        <ele>0.0</ele>
        <time>2026-08-25T21:55:48Z</time>
        <extensions>
          <gpxtpx:TrackPointExtension>
            <gpxtpx:hr>141</gpxtpx:hr>
          </gpxtpx:TrackPointExtension>
        </extensions>
      </trkpt>
      <trkpt lat="41.82999573911832" lon="123.41845766175577">
        <ele>0.0</ele>
        <time>2026-08-25T21:55:51Z</time>
        <extensions>
          <gpxtpx:TrackPointExtension>
            <gpxtpx:hr>144</gpxtpx:hr>
          </gpxtpx:TrackPointExtension>
        </extensions>
      </trkpt>
      <trkpt lat="41.82998063114352" lon="123.4183475635529">
        <ele>0.0</ele>
        <time>2026-08-25T21:55:54Z</time>
        <extensions>
          <gpxtpx:TrackPointExtension>
            <gpxtpx:hr>144</gpxtpx:hr>
          </gpxtpx:TrackPointExtension>
        </extensions>
      </trkpt>
      <trkpt lat="41.82998352173941" lon="123.41823546172851">
        <ele>0.0</ele>
        <time>2026-08-25T21:55:57Z</time>
        <extensions>
          <gpxtpx:TrackPointExtension>
            <gpxtpx:hr>145</gpxtpx:hr>
          </gpxtpx:TrackPointExtension>
        </extensions>
      </trkpt>
      <trkpt lat="41.82999140707183" lon="123.41811735458954">
        <ele>0.0</ele>
        <time>2026-08-25T21:56:00Z</time>
        <extensions>
          <gpxtpx:TrackPointExtension>
            <gpxtpx:hr>145</gpxtpx:hr>
          </gpxtpx:TrackPointExtension>
        </extensions>
      </trkpt>
      <trkpt lat="41.82998729592551" lon="123.41800225266586">
        <ele>0.0</ele>
        <time>2026-08-25T21:56:03Z</time>
        <extensions>
          <gpxtpx:TrackPointExtension>
            <gpxtpx:hr>144</gpxtpx:hr>
          </gpxtpx:TrackPointExtension>
        </extensions>
      </trkpt>
      <trkpt lat="41.829987197831564" lon="123.4179001624355">
        <ele>0.0</ele>
        <time>2026-08-25T21:56:06Z</time>
        <extensions>
          <gpxtpx:TrackPointExtension>
            <gpxtpx:hr>144</gpxtpx:hr>
          </gpxtpx:TrackPointExtension>
        </extensions>
      </trkpt>
      <trkpt lat="41.82998209447589" lon="123.41779206829919">
        <ele>0.0</ele>
        <time>2026-08-25T21:56:09Z</time>
        <extensions>
          <gpxtpx:TrackPointExtension>
            <gpxtpx:hr>144</gpxtpx:hr>
          </gpxtpx:TrackPointExtension>
        </extensions>
      </trkpt>
      <trkpt lat="41.82997798878818" lon="123.41768097212825">
        <ele>0.0</ele>
        <time>2026-08-25T21:56:12Z</time>
        <extensions>
          <gpxtpx:TrackPointExtension>
            <gpxtpx:hr>145</gpxtpx:hr>
          </gpxtpx:TrackPointExtension>
        </extensions>
      </trkpt>
      <trkpt lat="41.8299718855397" lon="123.41757187871637">
        <ele>0.0</ele>
        <time>2026-08-25T21:56:15Z</time>
        <extensions>
          <gpxtpx:TrackPointExtension>
            <gpxtpx:hr>146</gpxtpx:hr>
          </gpxtpx:TrackPointExtension>
        </extensions>
      </trkpt>
      <trkpt lat="41.829964780940536" lon="123.41746078446263">
        <ele>0.0</ele>
        <time>2026-08-25T21:56:18Z</time>
        <extensions>
          <gpxtpx:TrackPointExtension>
            <gpxtpx:hr>147</gpxtpx:hr>
          </gpxtpx:TrackPointExtension>
        </extensions>
      </trkpt>
      <trkpt lat="41.82995468063267" lon="123.41735369477972">
        <ele>0.0</ele>
        <time>2026-08-25T21:56:21Z</time>
        <extensions>
          <gpxtpx:TrackPointExtension>
            <gpxtpx:hr>145</gpxtpx:hr>
          </gpxtpx:TrackPointExtension>
        </extensions>
      </trkpt>
      <trkpt lat="41.829951575245666" lon="123.4172405997543">
        <ele>0.0</ele>
        <time>2026-08-25T21:56:24Z</time>
        <extensions>
          <gpxtpx:TrackPointExtension>
            <gpxtpx:hr>146</gpxtpx:hr>
          </gpxtpx:TrackPointExtension>
        </extensions>
      </trkpt>
      <trkpt lat="41.829949477828265" lon="123.41713551204425">
        <ele>0.0</ele>
        <time>2026-08-25T21:56:27Z</time>
        <extensions>
          <gpxtpx:TrackPointExtension>
            <gpxtpx:hr>146</gpxtpx:hr>
          </gpxtpx:TrackPointExtension>
        </extensions>
      </trkpt>
      <trkpt lat="41.82995337721294" lon="123.4170264208436">
        <ele>0.0</ele>
        <time>2026-08-25T21:56:30Z</time>
        <extensions>
          <gpxtpx:TrackPointExtension>
            <gpxtpx:hr>146</gpxtpx:hr>
          </gpxtpx:TrackPointExtension>
        </extensions>
      </trkpt>
      <trkpt lat="41.82994827347291" lon="123.41691332836184">
        <ele>0.0</ele>
        <time>2026-08-25T21:56:33Z</time>
        <extensions>
          <gpxtpx:TrackPointExtension>
            <gpxtpx:hr>146</gpxtpx:hr>
          </gpxtpx:TrackPointExtension>
        </extensions>
      </trkpt>
      <trkpt lat="41.8299361684877" lon="123.41679823602661">
        <ele>0.0</ele>
        <time>2026-08-25T21:56:36Z</time>
        <extensions>
          <gpxtpx:TrackPointExtension>
            <gpxtpx:hr>145</gpxtpx:hr>
          </gpxtpx:TrackPointExtension>
        </extensions>
      </trkpt>
      <trkpt lat="41.82993006770754" lon="123.41668714687835">
        <ele>0.0</ele>
        <time>2026-08-25T21:56:39Z</time>
        <extensions>
          <gpxtpx:TrackPointExtension>
            <gpxtpx:hr>146</gpxtpx:hr>
          </gpxtpx:TrackPointExtension>
        </extensions>
      </trkpt>
      <trkpt lat="41.82993096837011" lon="123.4165770582914">
        <ele>0.0</ele>
        <time>2026-08-25T21:56:42Z</time>
        <extensions>
          <gpxtpx:TrackPointExtension>
            <gpxtpx:hr>145</gpxtpx:hr>
          </gpxtpx:TrackPointExtension>
        </extensions>
      </trkpt>
      <trkpt lat="41.82992786330739" lon="123.41645996545728">
        <ele>0.0</ele>
        <time>2026-08-25T21:56:45Z</time>
        <extensions>
          <gpxtpx:TrackPointExtension>
            <gpxtpx:hr>144</gpxtpx:hr>
          </gpxtpx:TrackPointExtension>
        </extensions>
      </trkpt>
      <trkpt lat="41.82992276954248" lon="123.41635488318624">
        <ele>0.0</ele>
        <time>2026-08-25T21:56:48Z</time>
        <extensions>
          <gpxtpx:TrackPointExtension>
            <gpxtpx:hr>145</gpxtpx:hr>
          </gpxtpx:TrackPointExtension>
        </extensions>
      </trkpt>
      <trkpt lat="41.82990967184806" lon="123.41624479882408">
        <ele>0.0</ele>
        <time>2026-08-25T21:56:51Z</time>
        <extensions>
          <gpxtpx:TrackPointExtension>
            <gpxtpx:hr>146</gpxtpx:hr>
          </gpxtpx:TrackPointExtension>
        </extensions>
      </trkpt>
      <trkpt lat="41.82990258085485" lon="123.41614171976849">
        <ele>0.0</ele>
        <time>2026-08-25T21:56:54Z</time>
        <extensions>
          <gpxtpx:TrackPointExtension>
            <gpxtpx:hr>146</gpxtpx:hr>
          </gpxtpx:TrackPointExtension>
        </extensions>
      </trkpt>
      <trkpt lat="41.829901486822976" lon="123.41603463744123">
        <ele>0.0</ele>
        <time>2026-08-25T21:56:57Z</time>
        <extensions>
          <gpxtpx:TrackPointExtension>
            <gpxtpx:hr>146</gpxtpx:hr>
          </gpxtpx:TrackPointExtension>
        </extensions>
      </trkpt>
      <trkpt lat="41.82989631417156" lon="123.41583648739638">
        <ele>0.0</ele>
        <time>2026-08-25T21:57:03Z</time>
        <extensions>
          <gpxtpx:TrackPointExtension>
            <gpxtpx:hr>145</gpxtpx:hr>
          </gpxtpx:TrackPointExtension>
        </extensions>
      </trkpt>
      <trkpt lat="41.82988423023882" lon="123.4157394161232">
        <ele>0.0</ele>
        <time>2026-08-25T21:57:06Z</time>
        <extensions>
          <gpxtpx:TrackPointExtension>
            <gpxtpx:hr>146</gpxtpx:hr>
          </gpxtpx:TrackPointExtension>
        </extensions>
      </trkpt>
      <trkpt lat="41.82987813985039" lon="123.41563433863035">
        <ele>0.0</ele>
        <time>2026-08-25T21:57:09Z</time>
        <extensions>
          <gpxtpx:TrackPointExtension>
            <gpxtpx:hr>145</gpxtpx:hr>
          </gpxtpx:TrackPointExtension>
        </extensions>
      </trkpt>
      <trkpt lat="41.829876057637065" lon="123.41553826787711">
        <ele>0.0</ele>
        <time>2026-08-25T21:57:12Z</time>
        <extensions>
          <gpxtpx:TrackPointExtension>
            <gpxtpx:hr>144</gpxtpx:hr>
          </gpxtpx:TrackPointExtension>
        </extensions>
      </trkpt>
      <trkpt lat="41.82987895968902" lon="123.41542318309945">
        <ele>0.0</ele>
        <time>2026-08-25T21:57:15Z</time>
        <extensions>
          <gpxtpx:TrackPointExtension>
            <gpxtpx:hr>143</gpxtpx:hr>
          </gpxtpx:TrackPointExtension>
        </extensions>
      </trkpt>
      <trkpt lat="41.829882869084535" lon="123.41531610477715">
        <ele>0.0</ele>
        <time>2026-08-25T21:57:18Z</time>
        <extensions>
          <gpxtpx:TrackPointExtension>
            <gpxtpx:hr>143</gpxtpx:hr>
          </gpxtpx:TrackPointExtension>
        </extensions>
      </trkpt>
      <trkpt lat="41.829869780689144" lon="123.41521103100543">
        <ele>0.0</ele>
        <time>2026-08-25T21:57:21Z</time>
        <extensions>
          <gpxtpx:TrackPointExtension>
            <gpxtpx:hr>144</gpxtpx:hr>
          </gpxtpx:TrackPointExtension>
        </extensions>
      </trkpt>
      <trkpt lat="41.829865684430274" lon="123.4150959495315">
        <ele>0.0</ele>
        <time>2026-08-25T21:57:24Z</time>
        <extensions>
          <gpxtpx:TrackPointExtension>
            <gpxtpx:hr>144</gpxtpx:hr>
          </gpxtpx:TrackPointExtension>
        </extensions>
      </trkpt>
      <trkpt lat="41.829859580474015" lon="123.41497086212931">
        <ele>0.0</ele>
        <time>2026-08-25T21:57:27Z</time>
        <extensions>
          <gpxtpx:TrackPointExtension>
            <gpxtpx:hr>144</gpxtpx:hr>
          </gpxtpx:TrackPointExtension>
        </extensions>
      </trkpt>
      <trkpt lat="41.829852488748884" lon="123.41485978555866">
        <ele>0.0</ele>
        <time>2026-08-25T21:57:30Z</time>
        <extensions>
          <gpxtpx:TrackPointExtension>
            <gpxtpx:hr>144</gpxtpx:hr>
          </gpxtpx:TrackPointExtension>
        </extensions>
      </trkpt>
      <trkpt lat="41.82985040330384" lon="123.41475571385698">
        <ele>0.0</ele>
        <time>2026-08-25T21:57:33Z</time>
        <extensions>
          <gpxtpx:TrackPointExtension>
            <gpxtpx:hr>145</gpxtpx:hr>
          </gpxtpx:TrackPointExtension>
        </extensions>
      </trkpt>
      <trkpt lat="41.82984930124482" lon="123.41463062835791">
        <ele>0.0</ele>
        <time>2026-08-25T21:57:36Z</time>
        <extensions>
          <gpxtpx:TrackPointExtension>
            <gpxtpx:hr>146</gpxtpx:hr>
          </gpxtpx:TrackPointExtension>
        </extensions>
      </trkpt>
      <trkpt lat="41.82984619907969" lon="123.41450454343035">
        <ele>0.0</ele>
        <time>2026-08-25T21:57:39Z</time>
        <extensions>
          <gpxtpx:TrackPointExtension>
            <gpxtpx:hr>146</gpxtpx:hr>
          </gpxtpx:TrackPointExtension>
        </extensions>
      </trkpt>
      <trkpt lat="41.829836095226376" lon="123.41437545847637">
        <ele>0.0</ele>
        <time>2026-08-25T21:57:42Z</time>
        <extensions>
          <gpxtpx:TrackPointExtension>
            <gpxtpx:hr>148</gpxtpx:hr>
          </gpxtpx:TrackPointExtension>
        </extensions>
      </trkpt>
      <trkpt lat="41.82982099531056" lon="123.41425037788754">
        <ele>0.0</ele>
        <time>2026-08-25T21:57:45Z</time>
        <extensions>
          <gpxtpx:TrackPointExtension>
            <gpxtpx:hr>149</gpxtpx:hr>
          </gpxtpx:TrackPointExtension>
        </extensions>
      </trkpt>
      <trkpt lat="41.82981189767079" lon="123.41412729870913">
        <ele>0.0</ele>
        <time>2026-08-25T21:57:48Z</time>
        <extensions>
          <gpxtpx:TrackPointExtension>
            <gpxtpx:hr>150</gpxtpx:hr>
          </gpxtpx:TrackPointExtension>
        </extensions>
      </trkpt>
      <trkpt lat="41.8298037952099" lon="123.41399721582242">
        <ele>0.0</ele>
        <time>2026-08-25T21:57:51Z</time>
        <extensions>
          <gpxtpx:TrackPointExtension>
            <gpxtpx:hr>149</gpxtpx:hr>
          </gpxtpx:TrackPointExtension>
        </extensions>
      </trkpt>
      <trkpt lat="41.82980069661957" lon="123.41387113580427">
        <ele>0.0</ele>
        <time>2026-08-25T21:57:54Z</time>
        <extensions>
          <gpxtpx:TrackPointExtension>
            <gpxtpx:hr>152</gpxtpx:hr>
          </gpxtpx:TrackPointExtension>
        </extensions>
      </trkpt>
      <trkpt lat="41.82981260182102" lon="123.41374905714186">
        <ele>0.0</ele>
        <time>2026-08-25T21:57:57Z</time>
        <extensions>
          <gpxtpx:TrackPointExtension>
            <gpxtpx:hr>153</gpxtpx:hr>
          </gpxtpx:TrackPointExtension>
        </extensions>
      </trkpt>
      <trkpt lat="41.82982551691704" lon="123.41363898669323">
        <ele>0.0</ele>
        <time>2026-08-25T21:58:00Z</time>
        <extensions>
          <gpxtpx:TrackPointExtension>
            <gpxtpx:hr>156</gpxtpx:hr>
          </gpxtpx:TrackPointExtension>
        </extensions>
      </trkpt>
      <trkpt lat="41.82981543105266" lon="123.41352691902901">
        <ele>0.0</ele>
        <time>2026-08-25T21:58:03Z</time>
        <extensions>
          <gpxtpx:TrackPointExtension>
            <gpxtpx:hr>159</gpxtpx:hr>
          </gpxtpx:TrackPointExtension>
        </extensions>
      </trkpt>
      <trkpt lat="41.82980735410303" lon="123.41342585852875">
        <ele>0.0</ele>
        <time>2026-08-25T21:58:06Z</time>
        <extensions>
          <gpxtpx:TrackPointExtension>
            <gpxtpx:hr>159</gpxtpx:hr>
          </gpxtpx:TrackPointExtension>
        </extensions>
      </trkpt>
      <trkpt lat="41.82979728441183" lon="123.413333804352">
        <ele>0.0</ele>
        <time>2026-08-25T21:58:09Z</time>
        <extensions>
          <gpxtpx:TrackPointExtension>
            <gpxtpx:hr>160</gpxtpx:hr>
          </gpxtpx:TrackPointExtension>
        </extensions>
      </trkpt>
      <trkpt lat="41.8297852128488" lon="123.41323874919392">
        <ele>0.0</ele>
        <time>2026-08-25T21:58:12Z</time>
        <extensions>
          <gpxtpx:TrackPointExtension>
            <gpxtpx:hr>162</gpxtpx:hr>
          </gpxtpx:TrackPointExtension>
        </extensions>
      </trkpt>
      <trkpt lat="41.829775137954165" lon="123.41313869136023">
        <ele>0.0</ele>
        <time>2026-08-25T21:58:15Z</time>
        <extensions>
          <gpxtpx:TrackPointExtension>
            <gpxtpx:hr>160</gpxtpx:hr>
          </gpxtpx:TrackPointExtension>
        </extensions>
      </trkpt>
      <trkpt lat="41.82976405831461" lon="123.41303163020368">
        <ele>0.0</ele>
        <time>2026-08-25T21:58:18Z</time>
        <extensions>
          <gpxtpx:TrackPointExtension>
            <gpxtpx:hr>153</gpxtpx:hr>
          </gpxtpx:TrackPointExtension>
        </extensions>
      </trkpt>
      <trkpt lat="41.829759978444066" lon="123.41292356818303">
        <ele>0.0</ele>
        <time>2026-08-25T21:58:21Z</time>
        <extensions>
          <gpxtpx:TrackPointExtension>
            <gpxtpx:hr>152</gpxtpx:hr>
          </gpxtpx:TrackPointExtension>
        </extensions>
      </trkpt>
      <trkpt lat="41.82975989982516" lon="123.4128165068834">
        <ele>0.0</ele>
        <time>2026-08-25T21:58:24Z</time>
        <extensions>
          <gpxtpx:TrackPointExtension>
            <gpxtpx:hr>152</gpxtpx:hr>
          </gpxtpx:TrackPointExtension>
        </extensions>
      </trkpt>
      <trkpt lat="41.82975982390342" lon="123.41271244797929">
        <ele>0.0</ele>
        <time>2026-08-25T21:58:27Z</time>
        <extensions>
          <gpxtpx:TrackPointExtension>
            <gpxtpx:hr>152</gpxtpx:hr>
          </gpxtpx:TrackPointExtension>
        </extensions>
      </trkpt>
      <trkpt lat="41.829758741240944" lon="123.41259838431998">
        <ele>0.0</ele>
        <time>2026-08-25T21:58:30Z</time>
        <extensions>
          <gpxtpx:TrackPointExtension>
            <gpxtpx:hr>154</gpxtpx:hr>
          </gpxtpx:TrackPointExtension>
        </extensions>
      </trkpt>
      <trkpt lat="41.82974866563157" lon="123.41249332768503">
        <ele>0.0</ele>
        <time>2026-08-25T21:58:33Z</time>
        <extensions>
          <gpxtpx:TrackPointExtension>
            <gpxtpx:hr>153</gpxtpx:hr>
          </gpxtpx:TrackPointExtension>
        </extensions>
      </trkpt>
      <trkpt lat="41.82974358837278" lon="123.41238526939124">
        <ele>0.0</ele>
        <time>2026-08-25T21:58:36Z</time>
        <extensions>
          <gpxtpx:TrackPointExtension>
            <gpxtpx:hr>152</gpxtpx:hr>
          </gpxtpx:TrackPointExtension>
        </extensions>
      </trkpt>
      <trkpt lat="41.829738518721825" lon="123.41228721718377">
        <ele>0.0</ele>
        <time>2026-08-25T21:58:39Z</time>
        <extensions>
          <gpxtpx:TrackPointExtension>
            <gpxtpx:hr>152</gpxtpx:hr>
          </gpxtpx:TrackPointExtension>
        </extensions>
      </trkpt>
      <trkpt lat="41.829746439633425" lon="123.4121751562966">
        <ele>0.0</ele>
        <time>2026-08-25T21:58:42Z</time>
        <extensions>
          <gpxtpx:TrackPointExtension>
            <gpxtpx:hr>154</gpxtpx:hr>
          </gpxtpx:TrackPointExtension>
        </extensions>
      </trkpt>
      <trkpt lat="41.829745361119436" lon="123.41206309746184">
        <ele>0.0</ele>
        <time>2026-08-25T21:58:45Z</time>
        <extensions>
          <gpxtpx:TrackPointExtension>
            <gpxtpx:hr>152</gpxtpx:hr>
          </gpxtpx:TrackPointExtension>
        </extensions>
      </trkpt>
      <trkpt lat="41.82974128594723" lon="123.41195504189288">
        <ele>0.0</ele>
        <time>2026-08-25T21:58:48Z</time>
        <extensions>
          <gpxtpx:TrackPointExtension>
            <gpxtpx:hr>152</gpxtpx:hr>
          </gpxtpx:TrackPointExtension>
        </extensions>
      </trkpt>
      <trkpt lat="41.82973621474526" lon="123.41185198973587">
        <ele>0.0</ele>
        <time>2026-08-25T21:58:51Z</time>
        <extensions>
          <gpxtpx:TrackPointExtension>
            <gpxtpx:hr>151</gpxtpx:hr>
          </gpxtpx:TrackPointExtension>
        </extensions>
      </trkpt>
      <trkpt lat="41.82973715496941" lon="123.41176494544962">
        <ele>0.0</ele>
        <time>2026-08-25T21:58:54Z</time>
        <extensions>
          <gpxtpx:TrackPointExtension>
            <gpxtpx:hr>150</gpxtpx:hr>
          </gpxtpx:TrackPointExtension>
        </extensions>
      </trkpt>
      <trkpt lat="41.82973708668342" lon="123.41166489528656">
        <ele>0.0</ele>
        <time>2026-08-25T21:58:57Z</time>
        <extensions>
          <gpxtpx:TrackPointExtension>
            <gpxtpx:hr>151</gpxtpx:hr>
          </gpxtpx:TrackPointExtension>
        </extensions>
      </trkpt>
      <trkpt lat="41.82973200871648" lon="123.41154983907268">
        <ele>0.0</ele>
        <time>2026-08-25T21:59:00Z</time>
        <extensions>
          <gpxtpx:TrackPointExtension>
            <gpxtpx:hr>151</gpxtpx:hr>
          </gpxtpx:TrackPointExtension>
        </extensions>
      </trkpt>
      <trkpt lat="41.82972292799847" lon="123.41142978182285">
        <ele>0.0</ele>
        <time>2026-08-25T21:59:03Z</time>
        <extensions>
          <gpxtpx:TrackPointExtension>
            <gpxtpx:hr>152</gpxtpx:hr>
          </gpxtpx:TrackPointExtension>
        </extensions>
      </trkpt>
      <trkpt lat="41.829716852578414" lon="123.41131672837444">
        <ele>0.0</ele>
        <time>2026-08-25T21:59:06Z</time>
        <extensions>
          <gpxtpx:TrackPointExtension>
            <gpxtpx:hr>151</gpxtpx:hr>
          </gpxtpx:TrackPointExtension>
        </extensions>
      </trkpt>
      <trkpt lat="41.82970678367838" lon="123.41121268051606">
        <ele>0.0</ele>
        <time>2026-08-25T21:59:09Z</time>
        <extensions>
          <gpxtpx:TrackPointExtension>
            <gpxtpx:hr>150</gpxtpx:hr>
          </gpxtpx:TrackPointExtension>
        </extensions>
      </trkpt>
      <trkpt lat="41.82969670805633" lon="123.41109762822364">
        <ele>0.0</ele>
        <time>2026-08-25T21:59:12Z</time>
        <extensions>
          <gpxtpx:TrackPointExtension>
            <gpxtpx:hr>150</gpxtpx:hr>
          </gpxtpx:TrackPointExtension>
        </extensions>
      </trkpt>
      <trkpt lat="41.8296826323845" lon="123.41098157686014">
        <ele>0.0</ele>
        <time>2026-08-25T21:59:15Z</time>
        <extensions>
          <gpxtpx:TrackPointExtension>
            <gpxtpx:hr>149</gpxtpx:hr>
          </gpxtpx:TrackPointExtension>
        </extensions>
      </trkpt>
      <trkpt lat="41.82967656504782" lon="123.41087753058672">
        <ele>0.0</ele>
        <time>2026-08-25T21:59:18Z</time>
        <extensions>
          <gpxtpx:TrackPointExtension>
            <gpxtpx:hr>149</gpxtpx:hr>
          </gpxtpx:TrackPointExtension>
        </extensions>
      </trkpt>
      <trkpt lat="41.829676492427865" lon="123.41076448014086">
        <ele>0.0</ele>
        <time>2026-08-25T21:59:21Z</time>
        <extensions>
          <gpxtpx:TrackPointExtension>
            <gpxtpx:hr>150</gpxtpx:hr>
          </gpxtpx:TrackPointExtension>
        </extensions>
      </trkpt>
      <trkpt lat="41.82967143055497" lon="123.41066743817733">
        <ele>0.0</ele>
        <time>2026-08-25T21:59:24Z</time>
        <extensions>
          <gpxtpx:TrackPointExtension>
            <gpxtpx:hr>149</gpxtpx:hr>
          </gpxtpx:TrackPointExtension>
        </extensions>
      </trkpt>
      <trkpt lat="41.82966336405977" lon="123.41056239377589">
        <ele>0.0</ele>
        <time>2026-08-25T21:59:27Z</time>
        <extensions>
          <gpxtpx:TrackPointExtension>
            <gpxtpx:hr>147</gpxtpx:hr>
          </gpxtpx:TrackPointExtension>
        </extensions>
      </trkpt>
      <trkpt lat="41.82965629805973" lon="123.41045734991398">
        <ele>0.0</ele>
        <time>2026-08-25T21:59:30Z</time>
        <extensions>
          <gpxtpx:TrackPointExtension>
            <gpxtpx:hr>145</gpxtpx:hr>
          </gpxtpx:TrackPointExtension>
        </extensions>
      </trkpt>
      <trkpt lat="41.829649233799344" lon="123.41035430756868">
        <ele>0.0</ele>
        <time>2026-08-25T21:59:33Z</time>
        <extensions>
          <gpxtpx:TrackPointExtension>
            <gpxtpx:hr>146</gpxtpx:hr>
          </gpxtpx:TrackPointExtension>
        </extensions>
      </trkpt>
      <trkpt lat="41.8296401706362" lon="123.41025226657456">
        <ele>0.0</ele>
        <time>2026-08-25T21:59:36Z</time>
        <extensions>
          <gpxtpx:TrackPointExtension>
            <gpxtpx:hr>148</gpxtpx:hr>
          </gpxtpx:TrackPointExtension>
        </extensions>
      </trkpt>
      <trkpt lat="41.82963310855159" lon="123.41015122634465">
        <ele>0.0</ele>
        <time>2026-08-25T21:59:39Z</time>
        <extensions>
          <gpxtpx:TrackPointExtension>
            <gpxtpx:hr>148</gpxtpx:hr>
          </gpxtpx:TrackPointExtension>
        </extensions>
      </trkpt>
      <trkpt lat="41.829635042052786" lon="123.41004218227903">
        <ele>0.0</ele>
        <time>2026-08-25T21:59:42Z</time>
        <extensions>
          <gpxtpx:TrackPointExtension>
            <gpxtpx:hr>151</gpxtpx:hr>
          </gpxtpx:TrackPointExtension>
        </extensions>
      </trkpt>
      <trkpt lat="41.82961797189519" lon="123.40992613890684">
        <ele>0.0</ele>
        <time>2026-08-25T21:59:45Z</time>
        <extensions>
          <gpxtpx:TrackPointExtension>
            <gpxtpx:hr>152</gpxtpx:hr>
          </gpxtpx:TrackPointExtension>
        </extensions>
      </trkpt>
      <trkpt lat="41.82960289756546" lon="123.40980209301307">
        <ele>0.0</ele>
        <time>2026-08-25T21:59:48Z</time>
        <extensions>
          <gpxtpx:TrackPointExtension>
            <gpxtpx:hr>151</gpxtpx:hr>
          </gpxtpx:TrackPointExtension>
        </extensions>
      </trkpt>
      <trkpt lat="41.82958982629102" lon="123.40968204928973">
        <ele>0.0</ele>
        <time>2026-08-25T21:59:51Z</time>
        <extensions>
          <gpxtpx:TrackPointExtension>
            <gpxtpx:hr>146</gpxtpx:hr>
          </gpxtpx:TrackPointExtension>
        </extensions>
      </trkpt>
      <trkpt lat="41.82958275976048" lon="123.40956900818661">
        <ele>0.0</ele>
        <time>2026-08-25T21:59:54Z</time>
        <extensions>
          <gpxtpx:TrackPointExtension>
            <gpxtpx:hr>148</gpxtpx:hr>
          </gpxtpx:TrackPointExtension>
        </extensions>
      </trkpt>
      <trkpt lat="41.82958069728665" lon="123.40946196933653">
        <ele>0.0</ele>
        <time>2026-08-25T21:59:57Z</time>
        <extensions>
          <gpxtpx:TrackPointExtension>
            <gpxtpx:hr>145</gpxtpx:hr>
          </gpxtpx:TrackPointExtension>
        </extensions>
      </trkpt>
      <trkpt lat="41.8295775927801" lon="123.40928090517559">
        <ele>0.0</ele>
        <time>2026-08-25T22:00:02Z</time>
        <extensions>
          <gpxtpx:TrackPointExtension>
            <gpxtpx:hr>146</gpxtpx:hr>
          </gpxtpx:TrackPointExtension>
        </extensions>
      </trkpt>
      <trkpt lat="41.829572524879325" lon="123.4091618645263">
        <ele>0.0</ele>
        <time>2026-08-25T22:00:05Z</time>
        <extensions>
          <gpxtpx:TrackPointExtension>
            <gpxtpx:hr>144</gpxtpx:hr>
          </gpxtpx:TrackPointExtension>
        </extensions>
      </trkpt>
      <trkpt lat="41.82957246380131" lon="123.40905382774814">
        <ele>0.0</ele>
        <time>2026-08-25T22:00:08Z</time>
        <extensions>
          <gpxtpx:TrackPointExtension>
            <gpxtpx:hr>144</gpxtpx:hr>
          </gpxtpx:TrackPointExtension>
        </extensions>
      </trkpt>
      <trkpt lat="41.82956740102262" lon="123.40894179107983">
        <ele>0.0</ele>
        <time>2026-08-25T22:00:11Z</time>
        <extensions>
          <gpxtpx:TrackPointExtension>
            <gpxtpx:hr>146</gpxtpx:hr>
          </gpxtpx:TrackPointExtension>
        </extensions>
      </trkpt>
      <trkpt lat="41.82955933825994" lon="123.40882875529005">
        <ele>0.0</ele>
        <time>2026-08-25T22:00:14Z</time>
        <extensions>
          <gpxtpx:TrackPointExtension>
            <gpxtpx:hr>149</gpxtpx:hr>
          </gpxtpx:TrackPointExtension>
        </extensions>
      </trkpt>
      <trkpt lat="41.82954927662303" lon="123.40871672089031">
        <ele>0.0</ele>
        <time>2026-08-25T22:00:17Z</time>
        <extensions>
          <gpxtpx:TrackPointExtension>
            <gpxtpx:hr>150</gpxtpx:hr>
          </gpxtpx:TrackPointExtension>
        </extensions>
      </trkpt>
      <trkpt lat="41.82954721662643" lon="123.40860668674921">
        <ele>0.0</ele>
        <time>2026-08-25T22:00:20Z</time>
        <extensions>
          <gpxtpx:TrackPointExtension>
            <gpxtpx:hr>151</gpxtpx:hr>
          </gpxtpx:TrackPointExtension>
        </extensions>
      </trkpt>
      <trkpt lat="41.829539158258974" lon="123.40849865481414">
        <ele>0.0</ele>
        <time>2026-08-25T22:00:23Z</time>
        <extensions>
          <gpxtpx:TrackPointExtension>
            <gpxtpx:hr>150</gpxtpx:hr>
          </gpxtpx:TrackPointExtension>
        </extensions>
      </trkpt>
      <trkpt lat="41.82953709827632" lon="123.408386621564">
        <ele>0.0</ele>
        <time>2026-08-25T22:00:26Z</time>
        <extensions>
          <gpxtpx:TrackPointExtension>
            <gpxtpx:hr>151</gpxtpx:hr>
          </gpxtpx:TrackPointExtension>
        </extensions>
      </trkpt>
      <trkpt lat="41.82953104361801" lon="123.40828359226141">
        <ele>0.0</ele>
        <time>2026-08-25T22:00:29Z</time>
        <extensions>
          <gpxtpx:TrackPointExtension>
            <gpxtpx:hr>149</gpxtpx:hr>
          </gpxtpx:TrackPointExtension>
        </extensions>
      </trkpt>
      <trkpt lat="41.82952098577759" lon="123.408173562202">
        <ele>0.0</ele>
        <time>2026-08-25T22:00:32Z</time>
        <extensions>
          <gpxtpx:TrackPointExtension>
            <gpxtpx:hr>149</gpxtpx:hr>
          </gpxtpx:TrackPointExtension>
        </extensions>
      </trkpt>
      <trkpt lat="41.8295119284809" lon="123.40806353274881">
        <ele>0.0</ele>
        <time>2026-08-25T22:00:35Z</time>
        <extensions>
          <gpxtpx:TrackPointExtension>
            <gpxtpx:hr>149</gpxtpx:hr>
          </gpxtpx:TrackPointExtension>
        </extensions>
      </trkpt>
      <trkpt lat="41.82951387685212" lon="123.4079635051765">
        <ele>0.0</ele>
        <time>2026-08-25T22:00:38Z</time>
        <extensions>
          <gpxtpx:TrackPointExtension>
            <gpxtpx:hr>148</gpxtpx:hr>
          </gpxtpx:TrackPointExtension>
        </extensions>
      </trkpt>
      <trkpt lat="41.82951182058635" lon="123.4078534761576">
        <ele>0.0</ele>
        <time>2026-08-25T22:00:41Z</time>
        <extensions>
          <gpxtpx:TrackPointExtension>
            <gpxtpx:hr>149</gpxtpx:hr>
          </gpxtpx:TrackPointExtension>
        </extensions>
      </trkpt>
      <trkpt lat="41.829505765879254" lon="123.40774544896747">
        <ele>0.0</ele>
        <time>2026-08-25T22:00:44Z</time>
        <extensions>
          <gpxtpx:TrackPointExtension>
            <gpxtpx:hr>148</gpxtpx:hr>
          </gpxtpx:TrackPointExtension>
        </extensions>
      </trkpt>
      <trkpt lat="41.82949870820467" lon="123.40763042089465">
        <ele>0.0</ele>
        <time>2026-08-25T22:00:47Z</time>
        <extensions>
          <gpxtpx:TrackPointExtension>
            <gpxtpx:hr>145</gpxtpx:hr>
          </gpxtpx:TrackPointExtension>
        </extensions>
      </trkpt>
      <trkpt lat="41.82949565112019" lon="123.4075153930714">
        <ele>0.0</ele>
        <time>2026-08-25T22:00:50Z</time>
        <extensions>
          <gpxtpx:TrackPointExtension>
            <gpxtpx:hr>142</gpxtpx:hr>
          </gpxtpx:TrackPointExtension>
        </extensions>
      </trkpt>
      <trkpt lat="41.82949059854468" lon="123.40740836823167">
        <ele>0.0</ele>
        <time>2026-08-25T22:00:53Z</time>
        <extensions>
          <gpxtpx:TrackPointExtension>
            <gpxtpx:hr>143</gpxtpx:hr>
          </gpxtpx:TrackPointExtension>
        </extensions>
      </trkpt>
      <trkpt lat="41.8294825435845" lon="123.40729534315375">
        <ele>0.0</ele>
        <time>2026-08-25T22:00:56Z</time>
        <extensions>
          <gpxtpx:TrackPointExtension>
            <gpxtpx:hr>144</gpxtpx:hr>
          </gpxtpx:TrackPointExtension>
        </extensions>
      </trkpt>
      <trkpt lat="41.82948248823063" lon="123.40718031728613">
        <ele>0.0</ele>
        <time>2026-08-25T22:00:59Z</time>
        <extensions>
          <gpxtpx:TrackPointExtension>
            <gpxtpx:hr>149</gpxtpx:hr>
          </gpxtpx:TrackPointExtension>
        </extensions>
      </trkpt>
      <trkpt lat="41.82947543395548" lon="123.40706629344443">
        <ele>0.0</ele>
        <time>2026-08-25T22:01:02Z</time>
        <extensions>
          <gpxtpx:TrackPointExtension>
            <gpxtpx:hr>150</gpxtpx:hr>
          </gpxtpx:TrackPointExtension>
        </extensions>
      </trkpt>
      <trkpt lat="41.82947238166555" lon="123.4069552704601">
        <ele>0.0</ele>
        <time>2026-08-25T22:01:05Z</time>
        <extensions>
          <gpxtpx:TrackPointExtension>
            <gpxtpx:hr>152</gpxtpx:hr>
          </gpxtpx:TrackPointExtension>
        </extensions>
      </trkpt>
      <trkpt lat="41.82946732946948" lon="123.40684324832074">
        <ele>0.0</ele>
        <time>2026-08-25T22:01:08Z</time>
        <extensions>
          <gpxtpx:TrackPointExtension>
            <gpxtpx:hr>151</gpxtpx:hr>
          </gpxtpx:TrackPointExtension>
        </extensions>
      </trkpt>
      <trkpt lat="41.82946327783667" lon="123.40673122681457">
        <ele>0.0</ele>
        <time>2026-08-25T22:01:11Z</time>
        <extensions>
          <gpxtpx:TrackPointExtension>
            <gpxtpx:hr>151</gpxtpx:hr>
          </gpxtpx:TrackPointExtension>
        </extensions>
      </trkpt>
      <trkpt lat="41.829450226781155" lon="123.40661920736179">
        <ele>0.0</ele>
        <time>2026-08-25T22:01:14Z</time>
        <extensions>
          <gpxtpx:TrackPointExtension>
            <gpxtpx:hr>148</gpxtpx:hr>
          </gpxtpx:TrackPointExtension>
        </extensions>
      </trkpt>
      <trkpt lat="41.829443173591905" lon="123.40650118675435">
        <ele>0.0</ele>
        <time>2026-08-25T22:01:17Z</time>
        <extensions>
          <gpxtpx:TrackPointExtension>
            <gpxtpx:hr>150</gpxtpx:hr>
          </gpxtpx:TrackPointExtension>
        </extensions>
      </trkpt>
      <trkpt lat="41.82943812235531" lon="123.40638616723986">
        <ele>0.0</ele>
        <time>2026-08-25T22:01:20Z</time>
        <extensions>
          <gpxtpx:TrackPointExtension>
            <gpxtpx:hr>151</gpxtpx:hr>
          </gpxtpx:TrackPointExtension>
        </extensions>
      </trkpt>
      <trkpt lat="41.829435071710996" lon="123.40627114825833">
        <ele>0.0</ele>
        <time>2026-08-25T22:01:23Z</time>
        <extensions>
          <gpxtpx:TrackPointExtension>
            <gpxtpx:hr>151</gpxtpx:hr>
          </gpxtpx:TrackPointExtension>
        </extensions>
      </trkpt>
      <trkpt lat="41.82943402079366" lon="123.40615412949364">
        <ele>0.0</ele>
        <time>2026-08-25T22:01:26Z</time>
        <extensions>
          <gpxtpx:TrackPointExtension>
            <gpxtpx:hr>152</gpxtpx:hr>
          </gpxtpx:TrackPointExtension>
        </extensions>
      </trkpt>
      <trkpt lat="41.82943497219893" lon="123.40604111189396">
        <ele>0.0</ele>
        <time>2026-08-25T22:01:29Z</time>
        <extensions>
          <gpxtpx:TrackPointExtension>
            <gpxtpx:hr>156</gpxtpx:hr>
          </gpxtpx:TrackPointExtension>
        </extensions>
      </trkpt>
      <trkpt lat="41.829426923346716" lon="123.40592609607317">
        <ele>0.0</ele>
        <time>2026-08-25T22:01:32Z</time>
        <extensions>
          <gpxtpx:TrackPointExtension>
            <gpxtpx:hr>157</gpxtpx:hr>
          </gpxtpx:TrackPointExtension>
        </extensions>
      </trkpt>
      <trkpt lat="41.8294218738339" lon="123.4058080802329">
        <ele>0.0</ele>
        <time>2026-08-25T22:01:35Z</time>
        <extensions>
          <gpxtpx:TrackPointExtension>
            <gpxtpx:hr>154</gpxtpx:hr>
          </gpxtpx:TrackPointExtension>
        </extensions>
      </trkpt>
      <trkpt lat="41.82941682947875" lon="123.40570106667874">
        <ele>0.0</ele>
        <time>2026-08-25T22:01:38Z</time>
        <extensions>
          <gpxtpx:TrackPointExtension>
            <gpxtpx:hr>154</gpxtpx:hr>
          </gpxtpx:TrackPointExtension>
        </extensions>
      </trkpt>
      <trkpt lat="41.82941378645046" lon="123.40559605379431">
        <ele>0.0</ele>
        <time>2026-08-25T22:01:41Z</time>
        <extensions>
          <gpxtpx:TrackPointExtension>
            <gpxtpx:hr>156</gpxtpx:hr>
          </gpxtpx:TrackPointExtension>
        </extensions>
      </trkpt>
      <trkpt lat="41.82940674593801" lon="123.40549604274459">
        <ele>0.0</ele>
        <time>2026-08-25T22:01:44Z</time>
        <extensions>
          <gpxtpx:TrackPointExtension>
            <gpxtpx:hr>154</gpxtpx:hr>
          </gpxtpx:TrackPointExtension>
        </extensions>
      </trkpt>
      <trkpt lat="41.8293987038848" lon="123.40539103189901">
        <ele>0.0</ele>
        <time>2026-08-25T22:01:47Z</time>
        <extensions>
          <gpxtpx:TrackPointExtension>
            <gpxtpx:hr>153</gpxtpx:hr>
          </gpxtpx:TrackPointExtension>
        </extensions>
      </trkpt>
      <trkpt lat="41.829394663502256" lon="123.40528902147925">
        <ele>0.0</ele>
        <time>2026-08-25T22:01:50Z</time>
        <extensions>
          <gpxtpx:TrackPointExtension>
            <gpxtpx:hr>151</gpxtpx:hr>
          </gpxtpx:TrackPointExtension>
        </extensions>
      </trkpt>
      <trkpt lat="41.829388625147" lon="123.40519101237918">
        <ele>0.0</ele>
        <time>2026-08-25T22:01:53Z</time>
        <extensions>
          <gpxtpx:TrackPointExtension>
            <gpxtpx:hr>152</gpxtpx:hr>
          </gpxtpx:TrackPointExtension>
        </extensions>
      </trkpt>
      <trkpt lat="41.8293865837556" lon="123.40508400247379">
        <ele>0.0</ele>
        <time>2026-08-25T22:01:56Z</time>
        <extensions>
          <gpxtpx:TrackPointExtension>
            <gpxtpx:hr>154</gpxtpx:hr>
          </gpxtpx:TrackPointExtension>
        </extensions>
      </trkpt>
      <trkpt lat="41.82937954440499" lon="123.40498099432668">
        <ele>0.0</ele>
        <time>2026-08-25T22:01:59Z</time>
        <extensions>
          <gpxtpx:TrackPointExtension>
            <gpxtpx:hr>155</gpxtpx:hr>
          </gpxtpx:TrackPointExtension>
        </extensions>
      </trkpt>
      <trkpt lat="41.82937350215463" lon="123.4048689859815">
        <ele>0.0</ele>
        <time>2026-08-25T22:02:02Z</time>
        <extensions>
          <gpxtpx:TrackPointExtension>
            <gpxtpx:hr>153</gpxtpx:hr>
          </gpxtpx:TrackPointExtension>
        </extensions>
      </trkpt>
      <trkpt lat="41.82936846379607" lon="123.40476597891629">
        <ele>0.0</ele>
        <time>2026-08-25T22:02:05Z</time>
        <extensions>
          <gpxtpx:TrackPointExtension>
            <gpxtpx:hr>154</gpxtpx:hr>
          </gpxtpx:TrackPointExtension>
        </extensions>
      </trkpt>
      <trkpt lat="41.82936642335192" lon="123.40465597161906">
        <ele>0.0</ele>
        <time>2026-08-25T22:02:08Z</time>
        <extensions>
          <gpxtpx:TrackPointExtension>
            <gpxtpx:hr>153</gpxtpx:hr>
          </gpxtpx:TrackPointExtension>
        </extensions>
      </trkpt>
      <trkpt lat="41.8293563838234" lon="123.4045469662629">
        <ele>0.0</ele>
        <time>2026-08-25T22:02:11Z</time>
        <extensions>
          <gpxtpx:TrackPointExtension>
            <gpxtpx:hr>156</gpxtpx:hr>
          </gpxtpx:TrackPointExtension>
        </extensions>
      </trkpt>
      <trkpt lat="41.829351342334014" lon="123.40443096056596">
        <ele>0.0</ele>
        <time>2026-08-25T22:02:14Z</time>
        <extensions>
          <gpxtpx:TrackPointExtension>
            <gpxtpx:hr>153</gpxtpx:hr>
          </gpxtpx:TrackPointExtension>
        </extensions>
      </trkpt>
      <trkpt lat="41.82934330320344" lon="123.40431995634785">
        <ele>0.0</ele>
        <time>2026-08-25T22:02:17Z</time>
        <extensions>
          <gpxtpx:TrackPointExtension>
            <gpxtpx:hr>149</gpxtpx:hr>
          </gpxtpx:TrackPointExtension>
        </extensions>
      </trkpt>
      <trkpt lat="41.82934326564966" lon="123.40421195186711">
        <ele>0.0</ele>
        <time>2026-08-25T22:02:20Z</time>
        <extensions>
          <gpxtpx:TrackPointExtension>
            <gpxtpx:hr>149</gpxtpx:hr>
          </gpxtpx:TrackPointExtension>
        </extensions>
      </trkpt>
      <trkpt lat="41.82933822726546" lon="123.40409994868969">
        <ele>0.0</ele>
        <time>2026-08-25T22:02:23Z</time>
        <extensions>
          <gpxtpx:TrackPointExtension>
            <gpxtpx:hr>152</gpxtpx:hr>
          </gpxtpx:TrackPointExtension>
        </extensions>
      </trkpt>
      <trkpt lat="41.82933419313308" lon="123.40399894641476">
        <ele>0.0</ele>
        <time>2026-08-25T22:02:26Z</time>
        <extensions>
          <gpxtpx:TrackPointExtension>
            <gpxtpx:hr>151</gpxtpx:hr>
          </gpxtpx:TrackPointExtension>
        </extensions>
      </trkpt>
      <trkpt lat="41.82932915681169" lon="123.40388994476166">
        <ele>0.0</ele>
        <time>2026-08-25T22:02:29Z</time>
        <extensions>
          <gpxtpx:TrackPointExtension>
            <gpxtpx:hr>151</gpxtpx:hr>
          </gpxtpx:TrackPointExtension>
        </extensions>
      </trkpt>
      <trkpt lat="41.82932612232445" lon="123.40378494360318">
        <ele>0.0</ele>
        <time>2026-08-25T22:02:32Z</time>
        <extensions>
          <gpxtpx:TrackPointExtension>
            <gpxtpx:hr>149</gpxtpx:hr>
          </gpxtpx:TrackPointExtension>
        </extensions>
      </trkpt>
      <trkpt lat="41.82932308736762" lon="123.4036769431077">
        <ele>0.0</ele>
        <time>2026-08-25T22:02:35Z</time>
        <extensions>
          <gpxtpx:TrackPointExtension>
            <gpxtpx:hr>144</gpxtpx:hr>
          </gpxtpx:TrackPointExtension>
        </extensions>
      </trkpt>
      <trkpt lat="41.829326054507554" lon="123.40357394247177">
        <ele>0.0</ele>
        <time>2026-08-25T22:02:38Z</time>
        <extensions>
          <gpxtpx:TrackPointExtension>
            <gpxtpx:hr>144</gpxtpx:hr>
          </gpxtpx:TrackPointExtension>
        </extensions>
      </trkpt>
      <trkpt lat="41.82933802398274" lon="123.40347694116696">
        <ele>0.0</ele>
        <time>2026-08-25T22:02:41Z</time>
        <extensions>
          <gpxtpx:TrackPointExtension>
            <gpxtpx:hr>143</gpxtpx:hr>
          </gpxtpx:TrackPointExtension>
        </extensions>
      </trkpt>
      <trkpt lat="41.82935099449439" lon="123.40338194027316">
        <ele>0.0</ele>
        <time>2026-08-25T22:02:44Z</time>
        <extensions>
          <gpxtpx:TrackPointExtension>
            <gpxtpx:hr>142</gpxtpx:hr>
          </gpxtpx:TrackPointExtension>
        </extensions>
      </trkpt>
      <trkpt lat="41.82933396120651" lon="123.4032729444645">
        <ele>0.0</ele>
        <time>2026-08-25T22:02:47Z</time>
        <extensions>
          <gpxtpx:TrackPointExtension>
            <gpxtpx:hr>136</gpxtpx:hr>
          </gpxtpx:TrackPointExtension>
        </extensions>
      </trkpt>
      <trkpt lat="41.829317928748054" lon="123.40316494921844">
        <ele>0.0</ele>
        <time>2026-08-25T22:02:50Z</time>
        <extensions>
          <gpxtpx:TrackPointExtension>
            <gpxtpx:hr>136</gpxtpx:hr>
          </gpxtpx:TrackPointExtension>
        </extensions>
      </trkpt>
      <trkpt lat="41.82930389680931" lon="123.40305695440577">
        <ele>0.0</ele>
        <time>2026-08-25T22:02:53Z</time>
        <extensions>
          <gpxtpx:TrackPointExtension>
            <gpxtpx:hr>136</gpxtpx:hr>
          </gpxtpx:TrackPointExtension>
        </extensions>
      </trkpt>
      <trkpt lat="41.82929086568031" lon="123.40294996012881">
        <ele>0.0</ele>
        <time>2026-08-25T22:02:56Z</time>
        <extensions>
          <gpxtpx:TrackPointExtension>
            <gpxtpx:hr>136</gpxtpx:hr>
          </gpxtpx:TrackPointExtension>
        </extensions>
      </trkpt>
      <trkpt lat="41.82927783421261" lon="123.40283996669436">
        <ele>0.0</ele>
        <time>2026-08-25T22:02:59Z</time>
        <extensions>
          <gpxtpx:TrackPointExtension>
            <gpxtpx:hr>137</gpxtpx:hr>
          </gpxtpx:TrackPointExtension>
        </extensions>
      </trkpt>
      <trkpt lat="41.82927580271196" lon="123.40272797254767">
        <ele>0.0</ele>
        <time>2026-08-25T22:03:02Z</time>
        <extensions>
          <gpxtpx:TrackPointExtension>
            <gpxtpx:hr>137</gpxtpx:hr>
          </gpxtpx:TrackPointExtension>
        </extensions>
      </trkpt>
      <trkpt lat="41.82927277095328" lon="123.40261297949432">
        <ele>0.0</ele>
        <time>2026-08-25T22:03:05Z</time>
        <extensions>
          <gpxtpx:TrackPointExtension>
            <gpxtpx:hr>136</gpxtpx:hr>
          </gpxtpx:TrackPointExtension>
        </extensions>
      </trkpt>
      <trkpt lat="41.82927073978487" lon="123.40249798711153">
        <ele>0.0</ele>
        <time>2026-08-25T22:03:08Z</time>
        <extensions>
          <gpxtpx:TrackPointExtension>
            <gpxtpx:hr>133</gpxtpx:hr>
          </gpxtpx:TrackPointExtension>
        </extensions>
      </trkpt>
      <trkpt lat="41.82925071002663" lon="123.40238599787463">
        <ele>0.0</ele>
        <time>2026-08-25T22:03:11Z</time>
        <extensions>
          <gpxtpx:TrackPointExtension>
            <gpxtpx:hr>133</gpxtpx:hr>
          </gpxtpx:TrackPointExtension>
        </extensions>
      </trkpt>
      <trkpt lat="41.82923867849271" lon="123.40226500900391">
        <ele>0.0</ele>
        <time>2026-08-25T22:03:14Z</time>
        <extensions>
          <gpxtpx:TrackPointExtension>
            <gpxtpx:hr>136</gpxtpx:hr>
          </gpxtpx:TrackPointExtension>
        </extensions>
      </trkpt>
      <trkpt lat="41.82922764660176" lon="123.4021400212467">
        <ele>0.0</ele>
        <time>2026-08-25T22:03:17Z</time>
        <extensions>
          <gpxtpx:TrackPointExtension>
            <gpxtpx:hr>135</gpxtpx:hr>
          </gpxtpx:TrackPointExtension>
        </extensions>
      </trkpt>
      <trkpt lat="41.82922561811344" lon="123.40202603210759">
        <ele>0.0</ele>
        <time>2026-08-25T22:03:20Z</time>
        <extensions>
          <gpxtpx:TrackPointExtension>
            <gpxtpx:hr>134</gpxtpx:hr>
          </gpxtpx:TrackPointExtension>
        </extensions>
      </trkpt>
      <trkpt lat="41.82922258923878" lon="123.40190804432156">
        <ele>0.0</ele>
        <time>2026-08-25T22:03:23Z</time>
        <extensions>
          <gpxtpx:TrackPointExtension>
            <gpxtpx:hr>136</gpxtpx:hr>
          </gpxtpx:TrackPointExtension>
        </extensions>
      </trkpt>
      <trkpt lat="41.82922056193235" lon="123.40179405680516">
        <ele>0.0</ele>
        <time>2026-08-25T22:03:26Z</time>
        <extensions>
          <gpxtpx:TrackPointExtension>
            <gpxtpx:hr>136</gpxtpx:hr>
          </gpxtpx:TrackPointExtension>
        </extensions>
      </trkpt>
      <trkpt lat="41.82921553590721" lon="123.40168307015963">
        <ele>0.0</ele>
        <time>2026-08-25T22:03:29Z</time>
        <extensions>
          <gpxtpx:TrackPointExtension>
            <gpxtpx:hr>137</gpxtpx:hr>
          </gpxtpx:TrackPointExtension>
        </extensions>
      </trkpt>
      <trkpt lat="41.82920550862502" lon="123.40156408597457">
        <ele>0.0</ele>
        <time>2026-08-25T22:03:32Z</time>
        <extensions>
          <gpxtpx:TrackPointExtension>
            <gpxtpx:hr>141</gpxtpx:hr>
          </gpxtpx:TrackPointExtension>
        </extensions>
      </trkpt>
      <trkpt lat="41.829195482861195" lon="123.40144910213039">
        <ele>0.0</ele>
        <time>2026-08-25T22:03:35Z</time>
        <extensions>
          <gpxtpx:TrackPointExtension>
            <gpxtpx:hr>143</gpxtpx:hr>
          </gpxtpx:TrackPointExtension>
        </extensions>
      </trkpt>
      <trkpt lat="41.82919345854091" lon="123.40133811740615">
        <ele>0.0</ele>
        <time>2026-08-25T22:03:38Z</time>
        <extensions>
          <gpxtpx:TrackPointExtension>
            <gpxtpx:hr>143</gpxtpx:hr>
          </gpxtpx:TrackPointExtension>
        </extensions>
      </trkpt>
      <trkpt lat="41.82918843562242" lon="123.40123113328222">
        <ele>0.0</ele>
        <time>2026-08-25T22:03:41Z</time>
        <extensions>
          <gpxtpx:TrackPointExtension>
            <gpxtpx:hr>148</gpxtpx:hr>
          </gpxtpx:TrackPointExtension>
        </extensions>
      </trkpt>
      <trkpt lat="41.829185413211384" lon="123.40112414957547">
        <ele>0.0</ele>
        <time>2026-08-25T22:03:44Z</time>
        <extensions>
          <gpxtpx:TrackPointExtension>
            <gpxtpx:hr>146</gpxtpx:hr>
          </gpxtpx:TrackPointExtension>
        </extensions>
      </trkpt>
      <trkpt lat="41.82917839131746" lon="123.40101716713777">
        <ele>0.0</ele>
        <time>2026-08-25T22:03:47Z</time>
        <extensions>
          <gpxtpx:TrackPointExtension>
            <gpxtpx:hr>147</gpxtpx:hr>
          </gpxtpx:TrackPointExtension>
        </extensions>
      </trkpt>
      <trkpt lat="41.82916736915066" lon="123.40090618662809">
        <ele>0.0</ele>
        <time>2026-08-25T22:03:50Z</time>
        <extensions>
          <gpxtpx:TrackPointExtension>
            <gpxtpx:hr>147</gpxtpx:hr>
          </gpxtpx:TrackPointExtension>
        </extensions>
      </trkpt>
      <trkpt lat="41.829158347722235" lon="123.40079620641669">
        <ele>0.0</ele>
        <time>2026-08-25T22:03:53Z</time>
        <extensions>
          <gpxtpx:TrackPointExtension>
            <gpxtpx:hr>154</gpxtpx:hr>
          </gpxtpx:TrackPointExtension>
        </extensions>
      </trkpt>
      <trkpt lat="41.829150326081326" lon="123.40068222751745">
        <ele>0.0</ele>
        <time>2026-08-25T22:03:56Z</time>
        <extensions>
          <gpxtpx:TrackPointExtension>
            <gpxtpx:hr>156</gpxtpx:hr>
          </gpxtpx:TrackPointExtension>
        </extensions>
      </trkpt>
      <trkpt lat="41.829147305375734" lon="123.4005702483319">
        <ele>0.0</ele>
        <time>2026-08-25T22:03:59Z</time>
        <extensions>
          <gpxtpx:TrackPointExtension>
            <gpxtpx:hr>155</gpxtpx:hr>
          </gpxtpx:TrackPointExtension>
        </extensions>
      </trkpt>
      <trkpt lat="41.829138285593686" lon="123.40046027038085">
        <ele>0.0</ele>
        <time>2026-08-25T22:04:02Z</time>
        <extensions>
          <gpxtpx:TrackPointExtension>
            <gpxtpx:hr>157</gpxtpx:hr>
          </gpxtpx:TrackPointExtension>
        </extensions>
      </trkpt>
      <trkpt lat="41.82913826719891" lon="123.40035529089744">
        <ele>0.0</ele>
        <time>2026-08-25T22:04:05Z</time>
        <extensions>
          <gpxtpx:TrackPointExtension>
            <gpxtpx:hr>158</gpxtpx:hr>
          </gpxtpx:TrackPointExtension>
        </extensions>
      </trkpt>
      <trkpt lat="41.82914225046641" lon="123.400257310086">
        <ele>0.0</ele>
        <time>2026-08-25T22:04:08Z</time>
        <extensions>
          <gpxtpx:TrackPointExtension>
            <gpxtpx:hr>160</gpxtpx:hr>
          </gpxtpx:TrackPointExtension>
        </extensions>
      </trkpt>
      <trkpt lat="41.829143233837996" lon="123.40015733070852">
        <ele>0.0</ele>
        <time>2026-08-25T22:04:11Z</time>
        <extensions>
          <gpxtpx:TrackPointExtension>
            <gpxtpx:hr>157</gpxtpx:hr>
          </gpxtpx:TrackPointExtension>
        </extensions>
      </trkpt>
      <trkpt lat="41.82914021559001" lon="123.40004435533338">
        <ele>0.0</ele>
        <time>2026-08-25T22:04:14Z</time>
        <extensions>
          <gpxtpx:TrackPointExtension>
            <gpxtpx:hr>156</gpxtpx:hr>
          </gpxtpx:TrackPointExtension>
        </extensions>
      </trkpt>
      <trkpt lat="41.829127198851296" lon="123.39993738081196">
        <ele>0.0</ele>
        <time>2026-08-25T22:04:17Z</time>
        <extensions>
          <gpxtpx:TrackPointExtension>
            <gpxtpx:hr>153</gpxtpx:hr>
          </gpxtpx:TrackPointExtension>
        </extensions>
      </trkpt>
      <trkpt lat="41.82911818231586" lon="123.39982840688262">
        <ele>0.0</ele>
        <time>2026-08-25T22:04:20Z</time>
        <extensions>
          <gpxtpx:TrackPointExtension>
            <gpxtpx:hr>153</gpxtpx:hr>
          </gpxtpx:TrackPointExtension>
        </extensions>
      </trkpt>
      <trkpt lat="41.82911716759781" lon="123.39972843040766">
        <ele>0.0</ele>
        <time>2026-08-25T22:04:23Z</time>
        <extensions>
          <gpxtpx:TrackPointExtension>
            <gpxtpx:hr>155</gpxtpx:hr>
          </gpxtpx:TrackPointExtension>
        </extensions>
      </trkpt>
      <trkpt lat="41.82911015193094" lon="123.39961845782746">
        <ele>0.0</ele>
        <time>2026-08-25T22:04:26Z</time>
        <extensions>
          <gpxtpx:TrackPointExtension>
            <gpxtpx:hr>155</gpxtpx:hr>
          </gpxtpx:TrackPointExtension>
        </extensions>
      </trkpt>
      <trkpt lat="41.82910813638745" lon="123.39950548602609">
        <ele>0.0</ele>
        <time>2026-08-25T22:04:29Z</time>
        <extensions>
          <gpxtpx:TrackPointExtension>
            <gpxtpx:hr>154</gpxtpx:hr>
          </gpxtpx:TrackPointExtension>
        </extensions>
      </trkpt>
      <trkpt lat="41.829095121299424" lon="123.39939151682242">
        <ele>0.0</ele>
        <time>2026-08-25T22:04:32Z</time>
        <extensions>
          <gpxtpx:TrackPointExtension>
            <gpxtpx:hr>152</gpxtpx:hr>
          </gpxtpx:TrackPointExtension>
        </extensions>
      </trkpt>
      <trkpt lat="41.82909310689426" lon="123.39927854658411">
        <ele>0.0</ele>
        <time>2026-08-25T22:04:35Z</time>
        <extensions>
          <gpxtpx:TrackPointExtension>
            <gpxtpx:hr>151</gpxtpx:hr>
          </gpxtpx:TrackPointExtension>
        </extensions>
      </trkpt>
      <trkpt lat="41.829098093643985" lon="123.39917057477425">
        <ele>0.0</ele>
        <time>2026-08-25T22:04:38Z</time>
        <extensions>
          <gpxtpx:TrackPointExtension>
            <gpxtpx:hr>153</gpxtpx:hr>
          </gpxtpx:TrackPointExtension>
        </extensions>
      </trkpt>
      <trkpt lat="41.82909808126588" lon="123.39906560355247">
        <ele>0.0</ele>
        <time>2026-08-25T22:04:41Z</time>
        <extensions>
          <gpxtpx:TrackPointExtension>
            <gpxtpx:hr>149</gpxtpx:hr>
          </gpxtpx:TrackPointExtension>
        </extensions>
      </trkpt>
      <trkpt lat="41.829093069274094" lon="123.3989596339954">
        <ele>0.0</ele>
        <time>2026-08-25T22:04:44Z</time>
        <extensions>
          <gpxtpx:TrackPointExtension>
            <gpxtpx:hr>148</gpxtpx:hr>
          </gpxtpx:TrackPointExtension>
        </extensions>
      </trkpt>
      <trkpt lat="41.82907305727572" lon="123.39884866870361">
        <ele>0.0</ele>
        <time>2026-08-25T22:04:47Z</time>
        <extensions>
          <gpxtpx:TrackPointExtension>
            <gpxtpx:hr>148</gpxtpx:hr>
          </gpxtpx:TrackPointExtension>
        </extensions>
      </trkpt>
      <trkpt lat="41.829068045898325" lon="123.39873870173389">
        <ele>0.0</ele>
        <time>2026-08-25T22:04:50Z</time>
        <extensions>
          <gpxtpx:TrackPointExtension>
            <gpxtpx:hr>150</gpxtpx:hr>
          </gpxtpx:TrackPointExtension>
        </extensions>
      </trkpt>
      <trkpt lat="41.82906503457269" lon="123.39862373673579">
        <ele>0.0</ele>
        <time>2026-08-25T22:04:53Z</time>
        <extensions>
          <gpxtpx:TrackPointExtension>
            <gpxtpx:hr>149</gpxtpx:hr>
          </gpxtpx:TrackPointExtension>
        </extensions>
      </trkpt>
      <trkpt lat="41.829053024120924" lon="123.39851177288624">
        <ele>0.0</ele>
        <time>2026-08-25T22:04:56Z</time>
        <extensions>
          <gpxtpx:TrackPointExtension>
            <gpxtpx:hr>151</gpxtpx:hr>
          </gpxtpx:TrackPointExtension>
        </extensions>
      </trkpt>
      <trkpt lat="41.82906601461146" lon="123.39840480466063">
        <ele>0.0</ele>
        <time>2026-08-25T22:04:59Z</time>
        <extensions>
          <gpxtpx:TrackPointExtension>
            <gpxtpx:hr>153</gpxtpx:hr>
          </gpxtpx:TrackPointExtension>
        </extensions>
      </trkpt>
      <trkpt lat="41.82906600481748" lon="123.39828784221889">
        <ele>0.0</ele>
        <time>2026-08-25T22:05:02Z</time>
        <extensions>
          <gpxtpx:TrackPointExtension>
            <gpxtpx:hr>152</gpxtpx:hr>
          </gpxtpx:TrackPointExtension>
        </extensions>
      </trkpt>
      <trkpt lat="41.829054996180474" lon="123.39817787984991">
        <ele>0.0</ele>
        <time>2026-08-25T22:05:05Z</time>
        <extensions>
          <gpxtpx:TrackPointExtension>
            <gpxtpx:hr>151</gpxtpx:hr>
          </gpxtpx:TrackPointExtension>
        </extensions>
      </trkpt>
      <trkpt lat="41.82904798764357" lon="123.39806191967565">
        <ele>0.0</ele>
        <time>2026-08-25T22:05:08Z</time>
        <extensions>
          <gpxtpx:TrackPointExtension>
            <gpxtpx:hr>150</gpxtpx:hr>
          </gpxtpx:TrackPointExtension>
        </extensions>
      </trkpt>
      <trkpt lat="41.82903997996719" lon="123.39794995907879">
        <ele>0.0</ele>
        <time>2026-08-25T22:05:11Z</time>
        <extensions>
          <gpxtpx:TrackPointExtension>
            <gpxtpx:hr>151</gpxtpx:hr>
          </gpxtpx:TrackPointExtension>
        </extensions>
      </trkpt>
      <trkpt lat="41.82904497294437" lon="123.39783999669284">
        <ele>0.0</ele>
        <time>2026-08-25T22:05:14Z</time>
        <extensions>
          <gpxtpx:TrackPointExtension>
            <gpxtpx:hr>151</gpxtpx:hr>
          </gpxtpx:TrackPointExtension>
        </extensions>
      </trkpt>
      <trkpt lat="41.82904296663746" lon="123.39773303495924">
        <ele>0.0</ele>
        <time>2026-08-25T22:05:17Z</time>
        <extensions>
          <gpxtpx:TrackPointExtension>
            <gpxtpx:hr>152</gpxtpx:hr>
          </gpxtpx:TrackPointExtension>
        </extensions>
      </trkpt>
      <trkpt lat="41.82903796058192" lon="123.39762107616946">
        <ele>0.0</ele>
        <time>2026-08-25T22:05:20Z</time>
        <extensions>
          <gpxtpx:TrackPointExtension>
            <gpxtpx:hr>153</gpxtpx:hr>
          </gpxtpx:TrackPointExtension>
        </extensions>
      </trkpt>
      <trkpt lat="41.829030954943015" lon="123.39750611953883">
        <ele>0.0</ele>
        <time>2026-08-25T22:05:23Z</time>
        <extensions>
          <gpxtpx:TrackPointExtension>
            <gpxtpx:hr>153</gpxtpx:hr>
          </gpxtpx:TrackPointExtension>
        </extensions>
      </trkpt>
      <trkpt lat="41.829020949892346" lon="123.39739116413465">
        <ele>0.0</ele>
        <time>2026-08-25T22:05:26Z</time>
        <extensions>
          <gpxtpx:TrackPointExtension>
            <gpxtpx:hr>154</gpxtpx:hr>
          </gpxtpx:TrackPointExtension>
        </extensions>
      </trkpt>
      <trkpt lat="41.82901894559306" lon="123.39728120646599">
        <ele>0.0</ele>
        <time>2026-08-25T22:05:29Z</time>
        <extensions>
          <gpxtpx:TrackPointExtension>
            <gpxtpx:hr>155</gpxtpx:hr>
          </gpxtpx:TrackPointExtension>
        </extensions>
      </trkpt>
      <trkpt lat="41.82901394192769" lon="123.39717424877863">
        <ele>0.0</ele>
        <time>2026-08-25T22:05:32Z</time>
        <extensions>
          <gpxtpx:TrackPointExtension>
            <gpxtpx:hr>153</gpxtpx:hr>
          </gpxtpx:TrackPointExtension>
        </extensions>
      </trkpt>
      <trkpt lat="41.829005938771644" lon="123.39706729220933">
        <ele>0.0</ele>
        <time>2026-08-25T22:05:35Z</time>
        <extensions>
          <gpxtpx:TrackPointExtension>
            <gpxtpx:hr>153</gpxtpx:hr>
          </gpxtpx:TrackPointExtension>
        </extensions>
      </trkpt>
      <trkpt lat="41.82900293604289" lon="123.39695733683703">
        <ele>0.0</ele>
        <time>2026-08-25T22:05:38Z</time>
        <extensions>
          <gpxtpx:TrackPointExtension>
            <gpxtpx:hr>153</gpxtpx:hr>
          </gpxtpx:TrackPointExtension>
        </extensions>
      </trkpt>
      <trkpt lat="41.82899293224018" lon="123.39674142717925">
        <ele>0.0</ele>
        <time>2026-08-25T22:05:44Z</time>
        <extensions>
          <gpxtpx:TrackPointExtension>
            <gpxtpx:hr>154</gpxtpx:hr>
          </gpxtpx:TrackPointExtension>
        </extensions>
      </trkpt>
      <trkpt lat="41.82898593110315" lon="123.39663247411501">
        <ele>0.0</ele>
        <time>2026-08-25T22:05:47Z</time>
        <extensions>
          <gpxtpx:TrackPointExtension>
            <gpxtpx:hr>153</gpxtpx:hr>
          </gpxtpx:TrackPointExtension>
        </extensions>
      </trkpt>
      <trkpt lat="41.82898093051642" lon="123.39653251760377">
        <ele>0.0</ele>
        <time>2026-08-25T22:05:50Z</time>
        <extensions>
          <gpxtpx:TrackPointExtension>
            <gpxtpx:hr>156</gpxtpx:hr>
          </gpxtpx:TrackPointExtension>
        </extensions>
      </trkpt>
      <trkpt lat="41.82896893039328" lon="123.39641956837325">
        <ele>0.0</ele>
        <time>2026-08-25T22:05:53Z</time>
        <extensions>
          <gpxtpx:TrackPointExtension>
            <gpxtpx:hr>153</gpxtpx:hr>
          </gpxtpx:TrackPointExtension>
        </extensions>
      </trkpt>
      <trkpt lat="41.82896393079351" lon="123.3963106171411">
        <ele>0.0</ele>
        <time>2026-08-25T22:05:56Z</time>
        <extensions>
          <gpxtpx:TrackPointExtension>
            <gpxtpx:hr>155</gpxtpx:hr>
          </gpxtpx:TrackPointExtension>
        </extensions>
      </trkpt>
      <trkpt lat="41.82895593178568" lon="123.39619566975615">
        <ele>0.0</ele>
        <time>2026-08-25T22:05:59Z</time>
        <extensions>
          <gpxtpx:TrackPointExtension>
            <gpxtpx:hr>153</gpxtpx:hr>
          </gpxtpx:TrackPointExtension>
        </extensions>
      </trkpt>
      <trkpt lat="41.82894893324444" lon="123.39608771982073">
        <ele>0.0</ele>
        <time>2026-08-25T22:06:02Z</time>
        <extensions>
          <gpxtpx:TrackPointExtension>
            <gpxtpx:hr>152</gpxtpx:hr>
          </gpxtpx:TrackPointExtension>
        </extensions>
      </trkpt>
      <trkpt lat="41.82895193527825" lon="123.39597577102431">
        <ele>0.0</ele>
        <time>2026-08-25T22:06:05Z</time>
        <extensions>
          <gpxtpx:TrackPointExtension>
            <gpxtpx:hr>151</gpxtpx:hr>
          </gpxtpx:TrackPointExtension>
        </extensions>
      </trkpt>
      <trkpt lat="41.82895693775586" lon="123.39586782081462">
        <ele>0.0</ele>
        <time>2026-08-25T22:06:08Z</time>
        <extensions>
          <gpxtpx:TrackPointExtension>
            <gpxtpx:hr>152</gpxtpx:hr>
          </gpxtpx:TrackPointExtension>
        </extensions>
      </trkpt>
      <trkpt lat="41.82896894067118" lon="123.39576186935783">
        <ele>0.0</ele>
        <time>2026-08-25T22:06:11Z</time>
        <extensions>
          <gpxtpx:TrackPointExtension>
            <gpxtpx:hr>151</gpxtpx:hr>
          </gpxtpx:TrackPointExtension>
        </extensions>
      </trkpt>
      <trkpt lat="41.82895194437475" lon="123.39564892608023">
        <ele>0.0</ele>
        <time>2026-08-25T22:06:14Z</time>
        <extensions>
          <gpxtpx:TrackPointExtension>
            <gpxtpx:hr>151</gpxtpx:hr>
          </gpxtpx:TrackPointExtension>
        </extensions>
      </trkpt>
      <trkpt lat="41.828938948311695" lon="123.39554397907726">
        <ele>0.0</ele>
        <time>2026-08-25T22:06:17Z</time>
        <extensions>
          <gpxtpx:TrackPointExtension>
            <gpxtpx:hr>150</gpxtpx:hr>
          </gpxtpx:TrackPointExtension>
        </extensions>
      </trkpt>
      <trkpt lat="41.828926952905775" lon="123.39543503458114">
        <ele>0.0</ele>
        <time>2026-08-25T22:06:20Z</time>
        <extensions>
          <gpxtpx:TrackPointExtension>
            <gpxtpx:hr>150</gpxtpx:hr>
          </gpxtpx:TrackPointExtension>
        </extensions>
      </trkpt>
      <trkpt lat="41.828918958060704" lon="123.39532509073344">
        <ele>0.0</ele>
        <time>2026-08-25T22:06:23Z</time>
        <extensions>
          <gpxtpx:TrackPointExtension>
            <gpxtpx:hr>154</gpxtpx:hr>
          </gpxtpx:TrackPointExtension>
        </extensions>
      </trkpt>
      <trkpt lat="41.82891096326042" lon="123.39522414302348">
        <ele>0.0</ele>
        <time>2026-08-25T22:06:26Z</time>
        <extensions>
          <gpxtpx:TrackPointExtension>
            <gpxtpx:hr>154</gpxtpx:hr>
          </gpxtpx:TrackPointExtension>
        </extensions>
      </trkpt>
      <trkpt lat="41.8289019697814" lon="123.39510820380717">
        <ele>0.0</ele>
        <time>2026-08-25T22:06:29Z</time>
        <extensions>
          <gpxtpx:TrackPointExtension>
            <gpxtpx:hr>155</gpxtpx:hr>
          </gpxtpx:TrackPointExtension>
        </extensions>
      </trkpt>
      <trkpt lat="41.828888976706175" lon="123.39499526439504">
        <ele>0.0</ele>
        <time>2026-08-25T22:06:32Z</time>
        <extensions>
          <gpxtpx:TrackPointExtension>
            <gpxtpx:hr>154</gpxtpx:hr>
          </gpxtpx:TrackPointExtension>
        </extensions>
      </trkpt>
      <trkpt lat="41.828881983766486" lon="123.39488832171685">
        <ele>0.0</ele>
        <time>2026-08-25T22:06:35Z</time>
        <extensions>
          <gpxtpx:TrackPointExtension>
            <gpxtpx:hr>156</gpxtpx:hr>
          </gpxtpx:TrackPointExtension>
        </extensions>
      </trkpt>
      <trkpt lat="41.82887899212218" lon="123.39477038505608">
        <ele>0.0</ele>
        <time>2026-08-25T22:06:38Z</time>
        <extensions>
          <gpxtpx:TrackPointExtension>
            <gpxtpx:hr>154</gpxtpx:hr>
          </gpxtpx:TrackPointExtension>
        </extensions>
      </trkpt>
      <trkpt lat="41.82886700024087" lon="123.39466344452836">
        <ele>0.0</ele>
        <time>2026-08-25T22:06:41Z</time>
        <extensions>
          <gpxtpx:TrackPointExtension>
            <gpxtpx:hr>154</gpxtpx:hr>
          </gpxtpx:TrackPointExtension>
        </extensions>
      </trkpt>
      <trkpt lat="41.828864009337494" lon="123.39455050670547">
        <ele>0.0</ele>
        <time>2026-08-25T22:06:44Z</time>
        <extensions>
          <gpxtpx:TrackPointExtension>
            <gpxtpx:hr>155</gpxtpx:hr>
          </gpxtpx:TrackPointExtension>
        </extensions>
      </trkpt>
      <trkpt lat="41.8288600190794" lon="123.39443657034427">
        <ele>0.0</ele>
        <time>2026-08-25T22:06:47Z</time>
        <extensions>
          <gpxtpx:TrackPointExtension>
            <gpxtpx:hr>150</gpxtpx:hr>
          </gpxtpx:TrackPointExtension>
        </extensions>
      </trkpt>
      <trkpt lat="41.82885702966312" lon="123.39431963630796">
        <ele>0.0</ele>
        <time>2026-08-25T22:06:50Z</time>
        <extensions>
          <gpxtpx:TrackPointExtension>
            <gpxtpx:hr>151</gpxtpx:hr>
          </gpxtpx:TrackPointExtension>
        </extensions>
      </trkpt>
      <trkpt lat="41.8288550401546" lon="123.39420969895389">
        <ele>0.0</ele>
        <time>2026-08-25T22:06:53Z</time>
        <extensions>
          <gpxtpx:TrackPointExtension>
            <gpxtpx:hr>147</gpxtpx:hr>
          </gpxtpx:TrackPointExtension>
        </extensions>
      </trkpt>
      <trkpt lat="41.82885005076766" lon="123.394103760441">
        <ele>0.0</ele>
        <time>2026-08-25T22:06:56Z</time>
        <extensions>
          <gpxtpx:TrackPointExtension>
            <gpxtpx:hr>148</gpxtpx:hr>
          </gpxtpx:TrackPointExtension>
        </extensions>
      </trkpt>
      <trkpt lat="41.82884306219333" lon="123.39399482463085">
        <ele>0.0</ele>
        <time>2026-08-25T22:06:59Z</time>
        <extensions>
          <gpxtpx:TrackPointExtension>
            <gpxtpx:hr>145</gpxtpx:hr>
          </gpxtpx:TrackPointExtension>
        </extensions>
      </trkpt>
      <trkpt lat="41.828838073683784" lon="123.39388988688721">
        <ele>0.0</ele>
        <time>2026-08-25T22:07:02Z</time>
        <extensions>
          <gpxtpx:TrackPointExtension>
            <gpxtpx:hr>147</gpxtpx:hr>
          </gpxtpx:TrackPointExtension>
        </extensions>
      </trkpt>
      <trkpt lat="41.82883008484598" lon="123.39379194605883">
        <ele>0.0</ele>
        <time>2026-08-25T22:07:05Z</time>
        <extensions>
          <gpxtpx:TrackPointExtension>
            <gpxtpx:hr>147</gpxtpx:hr>
          </gpxtpx:TrackPointExtension>
        </extensions>
      </trkpt>
      <trkpt lat="41.82884009783405" lon="123.39368201046268">
        <ele>0.0</ele>
        <time>2026-08-25T22:07:08Z</time>
        <extensions>
          <gpxtpx:TrackPointExtension>
            <gpxtpx:hr>148</gpxtpx:hr>
          </gpxtpx:TrackPointExtension>
        </extensions>
      </trkpt>
      <trkpt lat="41.82883211288886" lon="123.39356008544462">
        <ele>0.0</ele>
        <time>2026-08-25T22:07:11Z</time>
        <extensions>
          <gpxtpx:TrackPointExtension>
            <gpxtpx:hr>150</gpxtpx:hr>
          </gpxtpx:TrackPointExtension>
        </extensions>
      </trkpt>
      <trkpt lat="41.828815128212106" lon="123.39344116074096">
        <ele>0.0</ele>
        <time>2026-08-25T22:07:14Z</time>
        <extensions>
          <gpxtpx:TrackPointExtension>
            <gpxtpx:hr>150</gpxtpx:hr>
          </gpxtpx:TrackPointExtension>
        </extensions>
      </trkpt>
      <trkpt lat="41.82880614304418" lon="123.39333023076051">
        <ele>0.0</ele>
        <time>2026-08-25T22:07:17Z</time>
        <extensions>
          <gpxtpx:TrackPointExtension>
            <gpxtpx:hr>146</gpxtpx:hr>
          </gpxtpx:TrackPointExtension>
        </extensions>
      </trkpt>
      <trkpt lat="41.82879315785457" lon="123.3932232995634">
        <ele>0.0</ele>
        <time>2026-08-25T22:07:20Z</time>
        <extensions>
          <gpxtpx:TrackPointExtension>
            <gpxtpx:hr>144</gpxtpx:hr>
          </gpxtpx:TrackPointExtension>
        </extensions>
      </trkpt>
      <trkpt lat="41.82880317340476" lon="123.39311436705165">
        <ele>0.0</ele>
        <time>2026-08-25T22:07:23Z</time>
        <extensions>
          <gpxtpx:TrackPointExtension>
            <gpxtpx:hr>141</gpxtpx:hr>
          </gpxtpx:TrackPointExtension>
        </extensions>
      </trkpt>
      <trkpt lat="41.82879618845313" lon="123.39301243316626">
        <ele>0.0</ele>
        <time>2026-08-25T22:07:26Z</time>
        <extensions>
          <gpxtpx:TrackPointExtension>
            <gpxtpx:hr>144</gpxtpx:hr>
          </gpxtpx:TrackPointExtension>
        </extensions>
      </trkpt>
      <trkpt lat="41.82878120489115" lon="123.3929045049195">
        <ele>0.0</ele>
        <time>2026-08-25T22:07:29Z</time>
        <extensions>
          <gpxtpx:TrackPointExtension>
            <gpxtpx:hr>142</gpxtpx:hr>
          </gpxtpx:TrackPointExtension>
        </extensions>
      </trkpt>
      <trkpt lat="41.828778221808605" lon="123.39279657566048">
        <ele>0.0</ele>
        <time>2026-08-25T22:07:32Z</time>
        <extensions>
          <gpxtpx:TrackPointExtension>
            <gpxtpx:hr>144</gpxtpx:hr>
          </gpxtpx:TrackPointExtension>
        </extensions>
      </trkpt>
      <trkpt lat="41.828775240211044" lon="123.39268265105727">
        <ele>0.0</ele>
        <time>2026-08-25T22:07:35Z</time>
        <extensions>
          <gpxtpx:TrackPointExtension>
            <gpxtpx:hr>150</gpxtpx:hr>
          </gpxtpx:TrackPointExtension>
        </extensions>
      </trkpt>
      <trkpt lat="41.82877525883" lon="123.39257072546201">
        <ele>0.0</ele>
        <time>2026-08-25T22:07:38Z</time>
        <extensions>
          <gpxtpx:TrackPointExtension>
            <gpxtpx:hr>151</gpxtpx:hr>
          </gpxtpx:TrackPointExtension>
        </extensions>
      </trkpt>
      <trkpt lat="41.82875929629463" lon="123.39235487332297">
        <ele>0.0</ele>
        <time>2026-08-25T22:07:44Z</time>
        <extensions>
          <gpxtpx:TrackPointExtension>
            <gpxtpx:hr>145</gpxtpx:hr>
          </gpxtpx:TrackPointExtension>
        </extensions>
      </trkpt>
      <trkpt lat="41.82874431652423" lon="123.39224295202851">
        <ele>0.0</ele>
        <time>2026-08-25T22:07:47Z</time>
        <extensions>
          <gpxtpx:TrackPointExtension>
            <gpxtpx:hr>143</gpxtpx:hr>
          </gpxtpx:TrackPointExtension>
        </extensions>
      </trkpt>
      <trkpt lat="41.82872333599329" lon="123.3921380274723">
        <ele>0.0</ele>
        <time>2026-08-25T22:07:50Z</time>
        <extensions>
          <gpxtpx:TrackPointExtension>
            <gpxtpx:hr>147</gpxtpx:hr>
          </gpxtpx:TrackPointExtension>
        </extensions>
      </trkpt>
      <trkpt lat="41.82868835519818" lon="123.39203710275657">
        <ele>0.0</ele>
        <time>2026-08-25T22:07:53Z</time>
        <extensions>
          <gpxtpx:TrackPointExtension>
            <gpxtpx:hr>151</gpxtpx:hr>
          </gpxtpx:TrackPointExtension>
        </extensions>
      </trkpt>
      <trkpt lat="41.82869337613166" lon="123.39192917790216">
        <ele>0.0</ele>
        <time>2026-08-25T22:07:56Z</time>
        <extensions>
          <gpxtpx:TrackPointExtension>
            <gpxtpx:hr>152</gpxtpx:hr>
          </gpxtpx:TrackPointExtension>
        </extensions>
      </trkpt>
      <trkpt lat="41.82872439650861" lon="123.391826246486">
        <ele>0.0</ele>
        <time>2026-08-25T22:07:59Z</time>
        <extensions>
          <gpxtpx:TrackPointExtension>
            <gpxtpx:hr>154</gpxtpx:hr>
          </gpxtpx:TrackPointExtension>
        </extensions>
      </trkpt>
      <trkpt lat="41.82873641614971" lon="123.39172931408659">
        <ele>0.0</ele>
        <time>2026-08-25T22:08:02Z</time>
        <extensions>
          <gpxtpx:TrackPointExtension>
            <gpxtpx:hr>152</gpxtpx:hr>
          </gpxtpx:TrackPointExtension>
        </extensions>
      </trkpt>
      <trkpt lat="41.82873743768" lon="123.3916253888651">
        <ele>0.0</ele>
        <time>2026-08-25T22:08:05Z</time>
        <extensions>
          <gpxtpx:TrackPointExtension>
            <gpxtpx:hr>151</gpxtpx:hr>
          </gpxtpx:TrackPointExtension>
        </extensions>
      </trkpt>
      <trkpt lat="41.828737460530625" lon="123.39151746734062">
        <ele>0.0</ele>
        <time>2026-08-25T22:08:08Z</time>
        <extensions>
          <gpxtpx:TrackPointExtension>
            <gpxtpx:hr>148</gpxtpx:hr>
          </gpxtpx:TrackPointExtension>
        </extensions>
      </trkpt>
      <trkpt lat="41.828731484329545" lon="123.39140754882595">
        <ele>0.0</ele>
        <time>2026-08-25T22:08:11Z</time>
        <extensions>
          <gpxtpx:TrackPointExtension>
            <gpxtpx:hr>149</gpxtpx:hr>
          </gpxtpx:TrackPointExtension>
        </extensions>
      </trkpt>
      <trkpt lat="41.82872250954551" lon="123.3912936344194">
        <ele>0.0</ele>
        <time>2026-08-25T22:08:14Z</time>
        <extensions>
          <gpxtpx:TrackPointExtension>
            <gpxtpx:hr>153</gpxtpx:hr>
          </gpxtpx:TrackPointExtension>
        </extensions>
      </trkpt>
      <trkpt lat="41.828712535775644" lon="123.3911777224173">
        <ele>0.0</ele>
        <time>2026-08-25T22:08:17Z</time>
        <extensions>
          <gpxtpx:TrackPointExtension>
            <gpxtpx:hr>152</gpxtpx:hr>
          </gpxtpx:TrackPointExtension>
        </extensions>
      </trkpt>
      <trkpt lat="41.82870456280974" lon="123.39106081167745">
        <ele>0.0</ele>
        <time>2026-08-25T22:08:20Z</time>
        <extensions>
          <gpxtpx:TrackPointExtension>
            <gpxtpx:hr>152</gpxtpx:hr>
          </gpxtpx:TrackPointExtension>
        </extensions>
      </trkpt>
      <trkpt lat="41.82869959042181" lon="123.39094390131447">
        <ele>0.0</ele>
        <time>2026-08-25T22:08:23Z</time>
        <extensions>
          <gpxtpx:TrackPointExtension>
            <gpxtpx:hr>152</gpxtpx:hr>
          </gpxtpx:TrackPointExtension>
        </extensions>
      </trkpt>
      <trkpt lat="41.828687618145274" lon="123.39082899120648">
        <ele>0.0</ele>
        <time>2026-08-25T22:08:26Z</time>
        <extensions>
          <gpxtpx:TrackPointExtension>
            <gpxtpx:hr>153</gpxtpx:hr>
          </gpxtpx:TrackPointExtension>
        </extensions>
      </trkpt>
      <trkpt lat="41.828687645167044" lon="123.39071907628563">
        <ele>0.0</ele>
        <time>2026-08-25T22:08:29Z</time>
        <extensions>
          <gpxtpx:TrackPointExtension>
            <gpxtpx:hr>154</gpxtpx:hr>
          </gpxtpx:TrackPointExtension>
        </extensions>
      </trkpt>
      <trkpt lat="41.82868267321974" lon="123.39060716434875">
        <ele>0.0</ele>
        <time>2026-08-25T22:08:32Z</time>
        <extensions>
          <gpxtpx:TrackPointExtension>
            <gpxtpx:hr>153</gpxtpx:hr>
          </gpxtpx:TrackPointExtension>
        </extensions>
      </trkpt>
      <trkpt lat="41.82868070051287" lon="123.39050024877146">
        <ele>0.0</ele>
        <time>2026-08-25T22:08:35Z</time>
        <extensions>
          <gpxtpx:TrackPointExtension>
            <gpxtpx:hr>152</gpxtpx:hr>
          </gpxtpx:TrackPointExtension>
        </extensions>
      </trkpt>
      <trkpt lat="41.82867472830107" lon="123.39039333443085">
        <ele>0.0</ele>
        <time>2026-08-25T22:08:38Z</time>
        <extensions>
          <gpxtpx:TrackPointExtension>
            <gpxtpx:hr>152</gpxtpx:hr>
          </gpxtpx:TrackPointExtension>
        </extensions>
      </trkpt>
      <trkpt lat="41.82866575631559" lon="123.39028742038259">
        <ele>0.0</ele>
        <time>2026-08-25T22:08:41Z</time>
        <extensions>
          <gpxtpx:TrackPointExtension>
            <gpxtpx:hr>152</gpxtpx:hr>
          </gpxtpx:TrackPointExtension>
        </extensions>
      </trkpt>
      <trkpt lat="41.828655787520084" lon="123.39017151521574">
        <ele>0.0</ele>
        <time>2026-08-25T22:08:44Z</time>
        <extensions>
          <gpxtpx:TrackPointExtension>
            <gpxtpx:hr>151</gpxtpx:hr>
          </gpxtpx:TrackPointExtension>
        </extensions>
      </trkpt>
      <trkpt lat="41.82864381764329" lon="123.39006160622573">
        <ele>0.0</ele>
        <time>2026-08-25T22:08:47Z</time>
        <extensions>
          <gpxtpx:TrackPointExtension>
            <gpxtpx:hr>150</gpxtpx:hr>
          </gpxtpx:TrackPointExtension>
        </extensions>
      </trkpt>
      <trkpt lat="41.828635845467176" lon="123.38996168916108">
        <ele>0.0</ele>
        <time>2026-08-25T22:08:50Z</time>
        <extensions>
          <gpxtpx:TrackPointExtension>
            <gpxtpx:hr>149</gpxtpx:hr>
          </gpxtpx:TrackPointExtension>
        </extensions>
      </trkpt>
      <trkpt lat="41.82862287457883" lon="123.38985877586876">
        <ele>0.0</ele>
        <time>2026-08-25T22:08:53Z</time>
        <extensions>
          <gpxtpx:TrackPointExtension>
            <gpxtpx:hr>152</gpxtpx:hr>
          </gpxtpx:TrackPointExtension>
        </extensions>
      </trkpt>
      <trkpt lat="41.82862390815904" lon="123.38974187287333">
        <ele>0.0</ele>
        <time>2026-08-25T22:08:56Z</time>
        <extensions>
          <gpxtpx:TrackPointExtension>
            <gpxtpx:hr>152</gpxtpx:hr>
          </gpxtpx:TrackPointExtension>
        </extensions>
      </trkpt>
      <trkpt lat="41.828623937908475" lon="123.38963995821464">
        <ele>0.0</ele>
        <time>2026-08-25T22:08:59Z</time>
        <extensions>
          <gpxtpx:TrackPointExtension>
            <gpxtpx:hr>152</gpxtpx:hr>
          </gpxtpx:TrackPointExtension>
        </extensions>
      </trkpt>
      <trkpt lat="41.828630967486816" lon="123.38954004147617">
        <ele>0.0</ele>
        <time>2026-08-25T22:09:02Z</time>
        <extensions>
          <gpxtpx:TrackPointExtension>
            <gpxtpx:hr>153</gpxtpx:hr>
          </gpxtpx:TrackPointExtension>
        </extensions>
      </trkpt>
      <trkpt lat="41.82862899901851" lon="123.3894351308526">
        <ele>0.0</ele>
        <time>2026-08-25T22:09:05Z</time>
        <extensions>
          <gpxtpx:TrackPointExtension>
            <gpxtpx:hr>155</gpxtpx:hr>
          </gpxtpx:TrackPointExtension>
        </extensions>
      </trkpt>
      <trkpt lat="41.82863102916654" lon="123.3893362151564">
        <ele>0.0</ele>
        <time>2026-08-25T22:09:08Z</time>
        <extensions>
          <gpxtpx:TrackPointExtension>
            <gpxtpx:hr>152</gpxtpx:hr>
          </gpxtpx:TrackPointExtension>
        </extensions>
      </trkpt>
      <trkpt lat="41.828632060351936" lon="123.3892353018967">
        <ele>0.0</ele>
        <time>2026-08-25T22:09:11Z</time>
        <extensions>
          <gpxtpx:TrackPointExtension>
            <gpxtpx:hr>149</gpxtpx:hr>
          </gpxtpx:TrackPointExtension>
        </extensions>
      </trkpt>
      <trkpt lat="41.828635089128355" lon="123.38914338112575">
        <ele>0.0</ele>
        <time>2026-08-25T22:09:14Z</time>
        <extensions>
          <gpxtpx:TrackPointExtension>
            <gpxtpx:hr>148</gpxtpx:hr>
          </gpxtpx:TrackPointExtension>
        </extensions>
      </trkpt>
      <trkpt lat="41.82863012370173" lon="123.38903447684325">
        <ele>0.0</ele>
        <time>2026-08-25T22:09:17Z</time>
        <extensions>
          <gpxtpx:TrackPointExtension>
            <gpxtpx:hr>149</gpxtpx:hr>
          </gpxtpx:TrackPointExtension>
        </extensions>
      </trkpt>
      <trkpt lat="41.828624159101444" lon="123.38892457427137">
        <ele>0.0</ele>
        <time>2026-08-25T22:09:20Z</time>
        <extensions>
          <gpxtpx:TrackPointExtension>
            <gpxtpx:hr>150</gpxtpx:hr>
          </gpxtpx:TrackPointExtension>
        </extensions>
      </trkpt>
      <trkpt lat="41.82861519731813" lon="123.38880767903892">
        <ele>0.0</ele>
        <time>2026-08-25T22:09:23Z</time>
        <extensions>
          <gpxtpx:TrackPointExtension>
            <gpxtpx:hr>149</gpxtpx:hr>
          </gpxtpx:TrackPointExtension>
        </extensions>
      </trkpt>
      <trkpt lat="41.82860923376799" lon="123.3886977779105">
        <ele>0.0</ele>
        <time>2026-08-25T22:09:26Z</time>
        <extensions>
          <gpxtpx:TrackPointExtension>
            <gpxtpx:hr>151</gpxtpx:hr>
          </gpxtpx:TrackPointExtension>
        </extensions>
      </trkpt>
      <trkpt lat="41.82860527309012" lon="123.38858088350266">
        <ele>0.0</ele>
        <time>2026-08-25T22:09:29Z</time>
        <extensions>
          <gpxtpx:TrackPointExtension>
            <gpxtpx:hr>152</gpxtpx:hr>
          </gpxtpx:TrackPointExtension>
        </extensions>
      </trkpt>
      <trkpt lat="41.82859530991088" lon="123.38847298256835">
        <ele>0.0</ele>
        <time>2026-08-25T22:09:32Z</time>
        <extensions>
          <gpxtpx:TrackPointExtension>
            <gpxtpx:hr>151</gpxtpx:hr>
          </gpxtpx:TrackPointExtension>
        </extensions>
      </trkpt>
      <trkpt lat="41.828588348604875" lon="123.38836108553512">
        <ele>0.0</ele>
        <time>2026-08-25T22:09:35Z</time>
        <extensions>
          <gpxtpx:TrackPointExtension>
            <gpxtpx:hr>150</gpxtpx:hr>
          </gpxtpx:TrackPointExtension>
        </extensions>
      </trkpt>
      <trkpt lat="41.82857542364197" lon="123.38814828330487">
        <ele>0.0</ele>
        <time>2026-08-25T22:09:41Z</time>
        <extensions>
          <gpxtpx:TrackPointExtension>
            <gpxtpx:hr>150</gpxtpx:hr>
          </gpxtpx:TrackPointExtension>
        </extensions>
      </trkpt>
      <trkpt lat="41.828570463133296" lon="123.38803838621838">
        <ele>0.0</ele>
        <time>2026-08-25T22:09:44Z</time>
        <extensions>
          <gpxtpx:TrackPointExtension>
            <gpxtpx:hr>150</gpxtpx:hr>
          </gpxtpx:TrackPointExtension>
        </extensions>
      </trkpt>
      <trkpt lat="41.828565502764675" lon="123.38792948888872">
        <ele>0.0</ele>
        <time>2026-08-25T22:09:47Z</time>
        <extensions>
          <gpxtpx:TrackPointExtension>
            <gpxtpx:hr>152</gpxtpx:hr>
          </gpxtpx:TrackPointExtension>
        </extensions>
      </trkpt>
      <trkpt lat="41.82856154289018" lon="123.38782059209947">
        <ele>0.0</ele>
        <time>2026-08-25T22:09:50Z</time>
        <extensions>
          <gpxtpx:TrackPointExtension>
            <gpxtpx:hr>151</gpxtpx:hr>
          </gpxtpx:TrackPointExtension>
        </extensions>
      </trkpt>
      <trkpt lat="41.828556583138884" lon="123.38771269518281">
        <ele>0.0</ele>
        <time>2026-08-25T22:09:53Z</time>
        <extensions>
          <gpxtpx:TrackPointExtension>
            <gpxtpx:hr>149</gpxtpx:hr>
          </gpxtpx:TrackPointExtension>
        </extensions>
      </trkpt>
      <trkpt lat="41.82855162349473" lon="123.38760579797776">
        <ele>0.0</ele>
        <time>2026-08-25T22:09:56Z</time>
        <extensions>
          <gpxtpx:TrackPointExtension>
            <gpxtpx:hr>148</gpxtpx:hr>
          </gpxtpx:TrackPointExtension>
        </extensions>
      </trkpt>
      <trkpt lat="41.828543666253445" lon="123.38749390667128">
        <ele>0.0</ele>
        <time>2026-08-25T22:09:59Z</time>
        <extensions>
          <gpxtpx:TrackPointExtension>
            <gpxtpx:hr>147</gpxtpx:hr>
          </gpxtpx:TrackPointExtension>
        </extensions>
      </trkpt>
      <trkpt lat="41.82853670603646" lon="123.38739100721367">
        <ele>0.0</ele>
        <time>2026-08-25T22:10:02Z</time>
        <extensions>
          <gpxtpx:TrackPointExtension>
            <gpxtpx:hr>147</gpxtpx:hr>
          </gpxtpx:TrackPointExtension>
        </extensions>
      </trkpt>
      <trkpt lat="41.828524745094484" lon="123.38729110614652">
        <ele>0.0</ele>
        <time>2026-08-25T22:10:05Z</time>
        <extensions>
          <gpxtpx:TrackPointExtension>
            <gpxtpx:hr>148</gpxtpx:hr>
          </gpxtpx:TrackPointExtension>
        </extensions>
      </trkpt>
      <trkpt lat="41.828513786152655" lon="123.387187209433">
        <ele>0.0</ele>
        <time>2026-08-25T22:10:08Z</time>
        <extensions>
          <gpxtpx:TrackPointExtension>
            <gpxtpx:hr>151</gpxtpx:hr>
          </gpxtpx:TrackPointExtension>
        </extensions>
      </trkpt>
      <trkpt lat="41.828504828056815" lon="123.38708231404053">
        <ele>0.0</ele>
        <time>2026-08-25T22:10:11Z</time>
        <extensions>
          <gpxtpx:TrackPointExtension>
            <gpxtpx:hr>153</gpxtpx:hr>
          </gpxtpx:TrackPointExtension>
        </extensions>
      </trkpt>
      <trkpt lat="41.82850686917807" lon="123.38698041473769">
        <ele>0.0</ele>
        <time>2026-08-25T22:10:14Z</time>
        <extensions>
          <gpxtpx:TrackPointExtension>
            <gpxtpx:hr>152</gpxtpx:hr>
          </gpxtpx:TrackPointExtension>
        </extensions>
      </trkpt>
      <trkpt lat="41.828497910345675" lon="123.38687951658996">
        <ele>0.0</ele>
        <time>2026-08-25T22:10:17Z</time>
        <extensions>
          <gpxtpx:TrackPointExtension>
            <gpxtpx:hr>152</gpxtpx:hr>
          </gpxtpx:TrackPointExtension>
        </extensions>
      </trkpt>
      <trkpt lat="41.82848695732185" lon="123.38676563236956">
        <ele>0.0</ele>
        <time>2026-08-25T22:10:20Z</time>
        <extensions>
          <gpxtpx:TrackPointExtension>
            <gpxtpx:hr>153</gpxtpx:hr>
          </gpxtpx:TrackPointExtension>
        </extensions>
      </trkpt>
      <trkpt lat="41.828488007323685" lon="123.38664575325765">
        <ele>0.0</ele>
        <time>2026-08-25T22:10:23Z</time>
        <extensions>
          <gpxtpx:TrackPointExtension>
            <gpxtpx:hr>153</gpxtpx:hr>
          </gpxtpx:TrackPointExtension>
        </extensions>
      </trkpt>
      <trkpt lat="41.82849705366392" lon="123.38653586364457">
        <ele>0.0</ele>
        <time>2026-08-25T22:10:26Z</time>
        <extensions>
          <gpxtpx:TrackPointExtension>
            <gpxtpx:hr>152</gpxtpx:hr>
          </gpxtpx:TrackPointExtension>
        </extensions>
      </trkpt>
      <trkpt lat="41.828495101385336" lon="123.38642397832874">
        <ele>0.0</ele>
        <time>2026-08-25T22:10:29Z</time>
        <extensions>
          <gpxtpx:TrackPointExtension>
            <gpxtpx:hr>152</gpxtpx:hr>
          </gpxtpx:TrackPointExtension>
        </extensions>
      </trkpt>
      <trkpt lat="41.82849115092827" lon="123.38630909710206">
        <ele>0.0</ele>
        <time>2026-08-25T22:10:32Z</time>
        <extensions>
          <gpxtpx:TrackPointExtension>
            <gpxtpx:hr>150</gpxtpx:hr>
          </gpxtpx:TrackPointExtension>
        </extensions>
      </trkpt>
      <trkpt lat="41.82848619839267" lon="123.38620021054253">
        <ele>0.0</ele>
        <time>2026-08-25T22:10:35Z</time>
        <extensions>
          <gpxtpx:TrackPointExtension>
            <gpxtpx:hr>155</gpxtpx:hr>
          </gpxtpx:TrackPointExtension>
        </extensions>
      </trkpt>
      <trkpt lat="41.828480248117685" lon="123.3860873289727">
        <ele>0.0</ele>
        <time>2026-08-25T22:10:38Z</time>
        <extensions>
          <gpxtpx:TrackPointExtension>
            <gpxtpx:hr>156</gpxtpx:hr>
          </gpxtpx:TrackPointExtension>
        </extensions>
      </trkpt>
      <trkpt lat="41.82846430017895" lon="123.38597045374541">
        <ele>0.0</ele>
        <time>2026-08-25T22:10:41Z</time>
        <extensions>
          <gpxtpx:TrackPointExtension>
            <gpxtpx:hr>160</gpxtpx:hr>
          </gpxtpx:TrackPointExtension>
        </extensions>
      </trkpt>
      <trkpt lat="41.82846441094449" lon="123.38572571277713">
        <ele>0.0</ele>
        <time>2026-08-25T22:10:47Z</time>
        <extensions>
          <gpxtpx:TrackPointExtension>
            <gpxtpx:hr>161</gpxtpx:hr>
          </gpxtpx:TrackPointExtension>
        </extensions>
      </trkpt>
      <trkpt lat="41.828464467945" lon="123.3856018451712">
        <ele>0.0</ele>
        <time>2026-08-25T22:10:50Z</time>
        <extensions>
          <gpxtpx:TrackPointExtension>
            <gpxtpx:hr>165</gpxtpx:hr>
          </gpxtpx:TrackPointExtension>
        </extensions>
      </trkpt>
      <trkpt lat="41.82846152745245" lon="123.38547398317135">
        <ele>0.0</ele>
        <time>2026-08-25T22:10:53Z</time>
        <extensions>
          <gpxtpx:TrackPointExtension>
            <gpxtpx:hr>173</gpxtpx:hr>
          </gpxtpx:TrackPointExtension>
        </extensions>
      </trkpt>
      <trkpt lat="41.828449583398736" lon="123.38535511360303">
        <ele>0.0</ele>
        <time>2026-08-25T22:10:56Z</time>
        <extensions>
          <gpxtpx:TrackPointExtension>
            <gpxtpx:hr>172</gpxtpx:hr>
          </gpxtpx:TrackPointExtension>
        </extensions>
      </trkpt>
      <trkpt lat="41.828434641363394" lon="123.38523324853308">
        <ele>0.0</ele>
        <time>2026-08-25T22:10:59Z</time>
        <extensions>
          <gpxtpx:TrackPointExtension>
            <gpxtpx:hr>179</gpxtpx:hr>
          </gpxtpx:TrackPointExtension>
        </extensions>
      </trkpt>
      <trkpt lat="41.82842970039627" lon="123.38511038398069">
        <ele>0.0</ele>
        <time>2026-08-25T22:11:02Z</time>
        <extensions>
          <gpxtpx:TrackPointExtension>
            <gpxtpx:hr>178</gpxtpx:hr>
          </gpxtpx:TrackPointExtension>
        </extensions>
      </trkpt>
      <trkpt lat="41.8284207610311" lon="123.38498552305731">
        <ele>0.0</ele>
        <time>2026-08-25T22:11:05Z</time>
        <extensions>
          <gpxtpx:TrackPointExtension>
            <gpxtpx:hr>177</gpxtpx:hr>
          </gpxtpx:TrackPointExtension>
        </extensions>
      </trkpt>
      <trkpt lat="41.82839481200787" lon="123.38488164206294">
        <ele>0.0</ele>
        <time>2026-08-25T22:11:08Z</time>
        <extensions>
          <gpxtpx:TrackPointExtension>
            <gpxtpx:hr>173</gpxtpx:hr>
          </gpxtpx:TrackPointExtension>
        </extensions>
      </trkpt>
      <trkpt lat="41.82831083684156" lon="123.38483170963376">
        <ele>0.0</ele>
        <time>2026-08-25T22:11:11Z</time>
        <extensions>
          <gpxtpx:TrackPointExtension>
            <gpxtpx:hr>173</gpxtpx:hr>
          </gpxtpx:TrackPointExtension>
        </extensions>
      </trkpt>
      <trkpt lat="41.8282178355863" lon="123.38483471948031">
        <ele>0.0</ele>
        <time>2026-08-25T22:11:14Z</time>
        <extensions>
          <gpxtpx:TrackPointExtension>
            <gpxtpx:hr>173</gpxtpx:hr>
          </gpxtpx:TrackPointExtension>
        </extensions>
      </trkpt>
      <trkpt lat="41.82811983089827" lon="123.38484472223838">
        <ele>0.0</ele>
        <time>2026-08-25T22:11:17Z</time>
        <extensions>
          <gpxtpx:TrackPointExtension>
            <gpxtpx:hr>174</gpxtpx:hr>
          </gpxtpx:TrackPointExtension>
        </extensions>
      </trkpt>
      <trkpt lat="41.828015829196154" lon="123.38484873253351">
        <ele>0.0</ele>
        <time>2026-08-25T22:11:20Z</time>
        <extensions>
          <gpxtpx:TrackPointExtension>
            <gpxtpx:hr>176</gpxtpx:hr>
          </gpxtpx:TrackPointExtension>
        </extensions>
      </trkpt>
      <trkpt lat="41.82791584921975" lon="123.38480879130434">
        <ele>0.0</ele>
        <time>2026-08-25T22:11:23Z</time>
        <extensions>
          <gpxtpx:TrackPointExtension>
            <gpxtpx:hr>177</gpxtpx:hr>
          </gpxtpx:TrackPointExtension>
        </extensions>
      </trkpt>
      <trkpt lat="41.8278308762274" lon="123.3847548636957">
        <ele>0.0</ele>
        <time>2026-08-25T22:11:26Z</time>
        <extensions>
          <gpxtpx:TrackPointExtension>
            <gpxtpx:hr>178</gpxtpx:hr>
          </gpxtpx:TrackPointExtension>
        </extensions>
      </trkpt>
      <trkpt lat="41.82774789886431" lon="123.38470992587196">
        <ele>0.0</ele>
        <time>2026-08-25T22:11:29Z</time>
        <extensions>
          <gpxtpx:TrackPointExtension>
            <gpxtpx:hr>181</gpxtpx:hr>
          </gpxtpx:TrackPointExtension>
        </extensions>
      </trkpt>
      <trkpt lat="41.82765792010894" lon="123.38466798578274">
        <ele>0.0</ele>
        <time>2026-08-25T22:11:32Z</time>
        <extensions>
          <gpxtpx:TrackPointExtension>
            <gpxtpx:hr>183</gpxtpx:hr>
          </gpxtpx:TrackPointExtension>
        </extensions>
      </trkpt>
      <trkpt lat="41.827562940945555" lon="123.38462704537513">
        <ele>0.0</ele>
        <time>2026-08-25T22:11:35Z</time>
        <extensions>
          <gpxtpx:TrackPointExtension>
            <gpxtpx:hr>183</gpxtpx:hr>
          </gpxtpx:TrackPointExtension>
        </extensions>
      </trkpt>
      <trkpt lat="41.827477963338694" lon="123.38458310702836">
        <ele>0.0</ele>
        <time>2026-08-25T22:11:38Z</time>
        <extensions>
          <gpxtpx:TrackPointExtension>
            <gpxtpx:hr>184</gpxtpx:hr>
          </gpxtpx:TrackPointExtension>
        </extensions>
      </trkpt>
      <trkpt lat="41.82739397873834" lon="123.38455315282033">
        <ele>0.0</ele>
        <time>2026-08-25T22:11:41Z</time>
        <extensions>
          <gpxtpx:TrackPointExtension>
            <gpxtpx:hr>184</gpxtpx:hr>
          </gpxtpx:TrackPointExtension>
        </extensions>
      </trkpt>
      <trkpt lat="41.827303997745595" lon="123.3845162074375">
        <ele>0.0</ele>
        <time>2026-08-25T22:11:44Z</time>
        <extensions>
          <gpxtpx:TrackPointExtension>
            <gpxtpx:hr>184</gpxtpx:hr>
          </gpxtpx:TrackPointExtension>
        </extensions>
      </trkpt>
      <trkpt lat="41.82722101222087" lon="123.38448825093207">
        <ele>0.0</ele>
        <time>2026-08-25T22:11:47Z</time>
        <extensions>
          <gpxtpx:TrackPointExtension>
            <gpxtpx:hr>187</gpxtpx:hr>
          </gpxtpx:TrackPointExtension>
        </extensions>
      </trkpt>
      <trkpt lat="41.82713903029377" lon="123.38445330227727">
        <ele>0.0</ele>
        <time>2026-08-25T22:11:50Z</time>
        <extensions>
          <gpxtpx:TrackPointExtension>
            <gpxtpx:hr>187</gpxtpx:hr>
          </gpxtpx:TrackPointExtension>
        </extensions>
      </trkpt>
      <trkpt lat="41.827078015247245" lon="123.384483276881">
        <ele>0.0</ele>
        <time>2026-08-25T22:11:53Z</time>
        <extensions>
          <gpxtpx:TrackPointExtension>
            <gpxtpx:hr>187</gpxtpx:hr>
          </gpxtpx:TrackPointExtension>
        </extensions>
      </trkpt>
      <trkpt lat="41.82701401547112" lon="123.38448328595703">
        <ele>0.0</ele>
        <time>2026-08-25T22:11:56Z</time>
        <extensions>
          <gpxtpx:TrackPointExtension>
            <gpxtpx:hr>184</gpxtpx:hr>
          </gpxtpx:TrackPointExtension>
        </extensions>
      </trkpt>
      <trkpt lat="41.826953029417076" lon="123.38445632524743">
        <ele>0.0</ele>
        <time>2026-08-25T22:11:59Z</time>
        <extensions>
          <gpxtpx:TrackPointExtension>
            <gpxtpx:hr>182</gpxtpx:hr>
          </gpxtpx:TrackPointExtension>
        </extensions>
      </trkpt>
      <trkpt lat="41.82689404542952" lon="123.38442536884358">
        <ele>0.0</ele>
        <time>2026-08-25T22:12:02Z</time>
        <extensions>
          <gpxtpx:TrackPointExtension>
            <gpxtpx:hr>184</gpxtpx:hr>
          </gpxtpx:TrackPointExtension>
        </extensions>
      </trkpt>
      <trkpt lat="41.82682805844125" lon="123.38440040665283">
        <ele>0.0</ele>
        <time>2026-08-25T22:12:05Z</time>
        <extensions>
          <gpxtpx:TrackPointExtension>
            <gpxtpx:hr>184</gpxtpx:hr>
          </gpxtpx:TrackPointExtension>
        </extensions>
      </trkpt>
      <trkpt lat="41.82675306178906" lon="123.3843944241217">
        <ele>0.0</ele>
        <time>2026-08-25T22:12:08Z</time>
        <extensions>
          <gpxtpx:TrackPointExtension>
            <gpxtpx:hr>186</gpxtpx:hr>
          </gpxtpx:TrackPointExtension>
        </extensions>
      </trkpt>
      <trkpt lat="41.82668804874833" lon="123.38442040374363">
        <ele>0.0</ele>
        <time>2026-08-25T22:12:11Z</time>
        <extensions>
          <gpxtpx:TrackPointExtension>
            <gpxtpx:hr>186</gpxtpx:hr>
          </gpxtpx:TrackPointExtension>
        </extensions>
      </trkpt>
      <trkpt lat="41.826643017855865" lon="123.38448134083735">
        <ele>0.0</ele>
        <time>2026-08-25T22:12:14Z</time>
        <extensions>
          <gpxtpx:TrackPointExtension>
            <gpxtpx:hr>183</gpxtpx:hr>
          </gpxtpx:TrackPointExtension>
        </extensions>
      </trkpt>
    </trkseg>
  </trk>
</gpx>